T0_true,frac,mcs_ke,comb_ke,mcs_err,comb_err
200.0,0.2,152.16056205509162,71.60347275865344,-47.83943794490838,-128.39652724134658
200.0,0.2,358.1596937968174,71.73881139879379,158.1596937968174,-128.26118860120621
200.0,0.2,458.6417679774772,80.63764557135228,258.6417679774772,-119.36235442864772
200.0,0.2,147.1627468539486,69.68768465663165,-52.83725314605141,-130.31231534336837
200.0,0.2,291.57155083731874,76.52639479647318,91.57155083731874,-123.47360520352682
200.0,0.2,252.8123404950428,66.32698268275777,52.812340495042804,-133.67301731724223
200.0,0.2,298.5282404425896,70.18065544417304,98.5282404425896,-129.81934455582694
200.0,0.2,588.194309003134,72.3908287115015,388.194309003134,-127.6091712884985
200.0,0.2,178.6160440973569,73.99885429488053,-21.383955902643095,-126.00114570511947
200.0,0.2,317.919172307687,78.1725081649309,117.919172307687,-121.8274918350691
200.0,0.2,140.89328052219042,69.11814834475454,-59.10671947780958,-130.88185165524544
200.0,0.2,476.45977048233226,72.32846673840474,276.45977048233226,-127.67153326159526
200.0,0.2,216.50520070794047,72.39027644796542,16.505200707940475,-127.60972355203458
200.0,0.2,1162.1880115395575,84.35652357422649,962.1880115395575,-115.64347642577351
200.0,0.2,261.6191175480143,74.37822798256893,61.61911754801429,-125.62177201743107
200.0,0.2,158.30870464309496,83.96296513926572,-41.691295356905044,-116.03703486073428
200.0,0.2,904.3055306402142,61.05978609190281,704.3055306402142,-138.94021390809718
200.0,0.2,166.1574879078112,86.39103923546635,-33.8425120921888,-113.60896076453365
200.0,0.2,2999.9999261263843,68.71706826342847,2799.9999261263843,-131.28293173657153
200.0,0.2,1102.0722409335474,67.31366516538628,902.0722409335474,-132.68633483461372
200.0,0.2,221.64214335422665,81.08954328844318,21.642143354226647,-118.91045671155682
200.0,0.2,98.50953189067893,72.72841389874496,-101.49046810932107,-127.27158610125504
200.0,0.2,2999.9999104395765,67.38093843155744,2799.9999104395765,-132.61906156844256
200.0,0.2,420.6723123333247,72.38388754800484,220.67231233332473,-127.61611245199516
200.0,0.2,211.78560403698478,72.15180922906404,11.785604036984779,-127.84819077093596
200.0,0.2,2999.9999230852145,68.3504164721265,2799.9999230852145,-131.64958352787352
200.0,0.2,256.0565885559424,76.942414565109,56.056588555942426,-123.057585434891
200.0,0.2,385.95585101812696,71.31153127800799,185.95585101812696,-128.68846872199202
200.0,0.2,102.93259514237496,69.12746915986162,-97.06740485762504,-130.87253084013838
200.0,0.2,107.6445053863201,64.44823413052137,-92.3554946136799,-135.55176586947863
200.0,0.2,232.9392812418398,77.48313839727462,32.93928124183981,-122.51686160272538
200.0,0.2,117.02448448108115,61.18487199604554,-82.97551551891885,-138.81512800395447
200.0,0.2,121.86626717986154,56.02171199377443,-78.13373282013846,-143.97828800622557
200.0,0.2,189.7927545172624,68.44780309929065,-10.20724548273759,-131.55219690070936
200.0,0.2,2999.9999230374783,77.64027133461069,2799.9999230374783,-122.35972866538931
200.0,0.2,222.61785990760316,69.46260600744542,22.61785990760316,-130.5373939925546
200.0,0.2,97.91045438819341,64.27718526720861,-102.08954561180659,-135.7228147327914
200.0,0.2,196.86612422700748,73.51519383077931,-3.133875772992525,-126.48480616922069
200.0,0.2,131.51785388138188,68.56962759198262,-68.48214611861812,-131.43037240801738
200.0,0.2,2999.9999171733625,73.98158759076114,2799.9999171733625,-126.01841240923886
200.0,0.2,444.7217912661681,81.61077433891954,244.7217912661681,-118.38922566108046
200.0,0.2,230.64651445722137,70.96560436337143,30.64651445722137,-129.03439563662857
200.0,0.2,160.26240595608917,78.68469727897474,-39.73759404391083,-121.31530272102526
200.0,0.2,694.848143954274,61.02940507686976,494.84814395427395,-138.97059492313025
200.0,0.2,1184.748790216233,85.05014879759506,984.7487902162329,-114.94985120240494
200.0,0.2,2999.999926454518,60.608039306821446,2799.999926454518,-139.39196069317856
200.0,0.2,2999.999925845806,61.575689378124636,2799.999925845806,-138.42431062187535
200.0,0.2,146.4767496426391,63.48835537398134,-53.523250357360894,-136.51164462601866
200.0,0.2,372.06698048453967,75.43997702342992,172.06698048453967,-124.56002297657008
200.0,0.2,873.688207257078,75.34129472130401,673.688207257078,-124.65870527869599
200.0,0.2,267.10103343881167,70.97376563342446,67.10103343881167,-129.02623436657552
200.0,0.2,1446.6751493251663,85.10818578834171,1246.6751493251663,-114.89181421165829
200.0,0.2,143.49273488065458,63.986558671238,-56.50726511934542,-136.01344132876199
200.0,0.2,122.9600412519333,73.28898270224606,-77.0399587480667,-126.71101729775394
200.0,0.2,120.92172084948602,86.88111512731835,-79.07827915051398,-113.11888487268165
200.0,0.2,121.48351080604404,65.20212881975935,-78.51648919395596,-134.79787118024063
200.0,0.2,106.5440361378509,63.86120999051955,-93.4559638621491,-136.13879000948046
200.0,0.2,2999.999917078486,71.70384493835027,2799.999917078486,-128.29615506164973
200.0,0.2,375.37166849344266,69.65336204697009,175.37166849344266,-130.34663795302993
200.0,0.2,811.1581910015504,60.72504977920139,611.1581910015504,-139.27495022079862
200.0,0.2,170.98595700029077,84.22222852081464,-29.014042999709233,-115.77777147918536
200.0,0.2,178.10591121783827,73.79615138224167,-21.89408878216173,-126.20384861775833
200.0,0.2,268.03016048838066,81.40959168660268,68.03016048838066,-118.59040831339732
200.0,0.2,1149.8048620410134,64.68886340516819,949.8048620410134,-135.3111365948318
200.0,0.2,153.70423411724286,76.60534617504457,-46.29576588275714,-123.39465382495543
200.0,0.2,134.32071130665688,67.64904578117253,-65.67928869334312,-132.35095421882747
200.0,0.2,135.0194870742758,76.75692828548901,-64.98051292572421,-123.24307171451099
200.0,0.2,192.94346355350538,60.18693823265134,-7.0565364464946185,-139.81306176734864
200.0,0.2,306.1235465574366,78.39032861071593,106.12354655743661,-121.60967138928407
200.0,0.2,2999.999921645585,68.22356026253277,2799.999921645585,-131.77643973746723
200.0,0.2,163.46229072783456,65.42252661487616,-36.53770927216544,-134.57747338512382
200.0,0.2,181.67448850649322,67.50843654908984,-18.32551149350678,-132.49156345091018
200.0,0.2,210.284917746918,64.11495595199456,10.284917746918012,-135.88504404800545
200.0,0.2,373.2280782151953,74.20365075516851,173.2280782151953,-125.79634924483149
200.0,0.2,2999.999922459392,77.36337767863627,2799.999922459392,-122.63662232136373
200.0,0.2,142.95144789170496,69.04322601607424,-57.04855210829504,-130.95677398392576
200.0,0.2,164.4263409516698,63.13565111687524,-35.5736590483302,-136.86434888312476
200.0,0.2,2999.9999183941823,76.50683554003739,2799.9999183941823,-123.49316445996261
200.0,0.2,116.42564883438305,70.48366780833061,-83.57435116561695,-129.5163321916694
200.0,0.2,192.4263056597972,85.1210760902538,-7.573694340202792,-114.8789239097462
200.0,0.2,157.95830235919962,77.55239237571386,-42.04169764080038,-122.44760762428614
200.0,0.2,357.3606878639756,74.48208794020825,157.3606878639756,-125.51791205979175
200.0,0.2,156.56125728011165,69.07579059250097,-43.43874271988835,-130.92420940749903
200.0,0.2,127.48277761997201,68.4977602497114,-72.51722238002799,-131.5022397502886
200.0,0.2,325.5792415159377,67.84293515197064,125.57924151593772,-132.15706484802936
200.0,0.2,1259.7826611571854,71.61448606803108,1059.7826611571854,-128.38551393196892
200.0,0.2,2999.9999258564144,76.48983880862117,2799.9999258564144,-123.51016119137883
200.0,0.2,166.25443994978932,57.95312850815269,-33.745560050210685,-142.0468714918473
200.0,0.2,515.5178033234996,72.65411175610258,315.5178033234996,-127.34588824389742
200.0,0.2,150.94096440502634,79.25162107371276,-49.059035594973665,-120.74837892628724
200.0,0.2,113.86204645204862,68.30494550860374,-86.13795354795138,-131.69505449139626
200.0,0.2,378.08718290376964,83.24829834232582,178.08718290376964,-116.75170165767418
200.0,0.2,2999.9999212120224,67.77476491335061,2799.9999212120224,-132.22523508664938
200.0,0.2,2999.9999174556133,68.69746751982595,2799.9999174556133,-131.30253248017405
200.0,0.2,151.42936857612702,71.89395303129761,-48.57063142387298,-128.1060469687024
200.0,0.2,283.7763968684545,78.2850013067748,83.77639686845453,-121.7149986932252
200.0,0.2,133.4408094035494,75.68022565671197,-66.5591905964506,-124.31977434328803
200.0,0.2,164.2214184365263,85.56201621825142,-35.77858156347369,-114.43798378174858
200.0,0.2,108.68709426124711,70.38764776159829,-91.31290573875289,-129.6123522384017
200.0,0.2,241.70923098483223,66.86911329754713,41.70923098483223,-133.13088670245287
200.0,0.2,681.8190323390611,57.21390948554323,481.8190323390611,-142.78609051445676
200.0,0.2,136.68715313179248,64.33765583810757,-63.312846868207515,-135.66234416189243
200.0,0.2,439.7450372373995,78.03162767513376,239.74503723739952,-121.96837232486624
200.0,0.2,194.9225636392543,72.17637281792197,-5.077436360745708,-127.82362718207803
200.0,0.2,177.0300514286491,71.4900598101422,-22.969948571350898,-128.5099401898578
200.0,0.2,1330.7513174735295,66.32044130147897,1130.7513174735295,-133.67955869852102
200.0,0.2,216.70728223774438,60.25450270436027,16.70728223774438,-139.74549729563972
200.0,0.2,246.11821111639188,70.33036342864858,46.118211116391876,-129.66963657135142
200.0,0.2,800.4058638372345,58.10007550834844,600.4058638372345,-141.89992449165157
200.0,0.2,100.6157588999588,75.71665312049166,-99.3842411000412,-124.28334687950834
200.0,0.2,134.40286291390012,64.96321248115999,-65.59713708609988,-135.03678751884001
200.0,0.2,773.1312420511333,61.14269556319224,573.1312420511333,-138.85730443680777
200.0,0.2,2999.999924738877,81.20774174821861,2799.999924738877,-118.79225825178139
200.0,0.2,245.6145871165332,66.31190760010814,45.61458711653319,-133.68809239989184
200.0,0.2,226.7318693535755,79.25231931148055,26.73186935357549,-120.74768068851945
200.0,0.2,155.11320581477247,67.16629164914096,-44.88679418522753,-132.83370835085904
200.0,0.2,350.72866252618786,59.08121457722605,150.72866252618786,-140.91878542277396
200.0,0.2,134.1068428169381,64.53806285857165,-65.8931571830619,-135.46193714142834
200.0,0.2,150.42483259482248,73.85746733957338,-49.575167405177524,-126.14253266042662
200.0,0.2,158.97311488101028,78.73370014872735,-41.026885118989725,-121.26629985127265
200.0,0.2,189.206220785773,69.51467180340138,-10.793779214226987,-130.48532819659863
200.0,0.2,164.134225375204,68.68409048202628,-35.86577462479599,-131.31590951797372
200.0,0.2,173.12044246059037,65.56490218720238,-26.87955753940963,-134.4350978127976
200.0,0.2,2999.9999254322875,67.05429063749595,2799.9999254322875,-132.94570936250403
200.0,0.2,127.86531424749805,71.55475795693377,-72.13468575250195,-128.44524204306623
200.0,0.2,106.89053351516691,64.68188066736974,-93.10946648483309,-135.31811933263026
200.0,0.2,2999.999925217155,56.55670349489107,2799.999925217155,-143.44329650510895
200.0,0.2,132.0093223426185,61.28604532710182,-67.9906776573815,-138.71395467289818
200.0,0.2,220.44565166226965,64.92318874248065,20.445651662269654,-135.07681125751935
200.0,0.2,491.79328378038707,80.47465750521681,291.79328378038707,-119.52534249478319
200.0,0.2,231.07272095401999,83.3541774217905,31.072720954019985,-116.6458225782095
200.0,0.2,167.84694421629422,73.87477619844894,-32.15305578370578,-126.12522380155106
200.0,0.2,2999.9999241190185,78.49393298786487,2799.9999241190185,-121.50606701213513
200.0,0.2,245.2799086169848,66.71559495796055,45.27990861698481,-133.28440504203945
200.0,0.2,2999.9999253245933,75.12833778084527,2799.9999253245933,-124.87166221915473
200.0,0.2,2999.999926434685,74.23265145724075,2799.999926434685,-125.76734854275925
200.0,0.2,2999.9999240885286,66.67759865940289,2799.9999240885286,-133.3224013405971
200.0,0.2,189.51497802891353,69.05772221882819,-10.485021971086468,-130.9422777811718
200.0,0.2,771.6034293263918,71.65475824478698,571.6034293263918,-128.345241755213
200.0,0.2,96.93471459992094,59.123740724725444,-103.06528540007906,-140.87625927527455
200.0,0.2,273.9106940025478,79.18172623335894,73.91069400254781,-120.81827376664106
200.0,0.2,2999.999915201613,67.77894418137731,2799.999915201613,-132.2210558186227
200.0,0.2,215.84605562068353,73.11021385868067,15.84605562068353,-126.88978614131933
200.0,0.2,148.62414476260295,67.57734805899604,-51.37585523739705,-132.42265194100395
200.0,0.2,168.85120613064035,68.632860564629,-31.14879386935965,-131.367139435371
200.0,0.2,137.27427881309328,66.886831508555,-62.725721186906725,-133.11316849144498
200.0,0.2,155.49662943822906,61.280858949660335,-44.503370561770936,-138.71914105033966
200.0,0.2,213.7818502138157,66.24115061710948,13.781850213815687,-133.7588493828905
200.0,0.2,163.4642804743888,86.56828479678396,-36.5357195256112,-113.43171520321604
200.0,0.2,2999.999926059308,59.423416319671645,2799.999926059308,-140.57658368032835
200.0,0.2,557.5781358627892,67.55274546409122,357.57813586278917,-132.44725453590877
200.0,0.2,204.05486088407835,71.23085907256947,4.0548608840783515,-128.76914092743053
200.0,0.2,428.74760956651096,78.18228939972236,228.74760956651096,-121.81771060027764
200.0,0.2,882.3354820113458,77.34955152108802,682.3354820113458,-122.65044847891198
200.0,0.2,318.2686082809449,64.96822795029051,118.26860828094487,-135.0317720497095
200.0,0.2,130.74652468887032,60.80884792098632,-69.25347531112968,-139.19115207901368
200.0,0.2,446.0108492170821,65.81436315735728,246.01084921708213,-134.18563684264274
200.0,0.2,145.05073037888013,76.2657799224499,-54.94926962111987,-123.7342200775501
200.0,0.2,115.66383284645373,68.76279348889544,-84.33616715354627,-131.23720651110455
200.0,0.2,2999.9999252635876,74.14525269886718,2799.9999252635876,-125.85474730113282
200.0,0.2,203.9442314560861,71.05974742109368,3.9442314560861007,-128.94025257890632
200.0,0.2,191.99356226020242,70.27874034274554,-8.006437739797576,-129.72125965725445
200.0,0.2,1055.6683241256874,66.15540721450402,855.6683241256874,-133.844592785496
200.0,0.2,2999.9999140041477,81.40339820244206,2799.9999140041477,-118.59660179755794
200.0,0.2,156.63398095091466,79.99995779853168,-43.36601904908534,-120.00004220146832
200.0,0.2,1172.0043035034846,77.86451204129548,972.0043035034846,-122.13548795870452
200.0,0.2,120.03776806869186,76.33409988504991,-79.96223193130814,-123.66590011495009
200.0,0.2,127.69671350925768,82.10884206524447,-72.30328649074232,-117.89115793475553
200.0,0.2,238.72330103984586,78.35297891837882,38.723301039845865,-121.64702108162118
200.0,0.2,130.71108389212185,69.41510368416196,-69.28891610787815,-130.58489631583802
200.0,0.2,170.5644983890023,74.36482534675172,-29.435501610997704,-125.63517465324828
200.0,0.2,385.978382632985,70.449339840555,185.97838263298502,-129.550660159445
200.0,0.2,127.43205801733605,82.0416602876351,-72.56794198266395,-117.9583397123649
200.0,0.2,118.26437174803202,65.86131430648706,-81.73562825196798,-134.13868569351294
200.0,0.2,557.1727661781309,70.49503478800695,357.1727661781309,-129.50496521199307
200.0,0.2,174.0294730068962,70.11059106362127,-25.97052699310379,-129.88940893637874
200.0,0.2,92.12566680741917,55.88994863264996,-107.87433319258083,-144.11005136735002
200.0,0.2,121.95288874604505,62.756452272778056,-78.04711125395495,-137.24354772722194
200.0,0.2,255.73755483963544,73.32054007874028,55.737554839635436,-126.67945992125972
200.0,0.2,2999.999925135566,64.47607283123865,2799.999925135566,-135.52392716876136
200.0,0.2,385.8740269817066,74.57636428048006,185.8740269817066,-125.42363571951994
200.0,0.2,638.7741081959714,76.42942429665278,438.7741081959714,-123.57057570334722
200.0,0.2,249.5021523193615,66.65917632412403,49.5021523193615,-133.34082367587598
200.0,0.2,162.21368283706852,69.48360179514361,-37.78631716293148,-130.5163982048564
200.0,0.2,151.1365593007032,73.55828957473453,-48.8634406992968,-126.44171042526547
200.0,0.2,272.1942226032494,66.32188919698102,72.19422260324939,-133.67811080301897
200.0,0.2,181.30584320738637,77.59841518977562,-18.694156792613626,-122.40158481022438
200.0,0.2,189.8790689255214,63.606941464654135,-10.120931074478591,-136.39305853534586
200.0,0.2,178.28406284909153,67.75890172833718,-21.715937150908474,-132.24109827166282
200.0,0.2,201.7983312717403,82.37831702698519,1.7983312717402953,-117.62168297301481
200.0,0.2,142.10852794938577,71.91653939488991,-57.891472050614226,-128.08346060511008
200.0,0.2,2999.999924353364,73.95004593022877,2799.999924353364,-126.04995406977123
200.0,0.2,121.80521531410477,65.09497625338255,-78.19478468589523,-134.90502374661745
200.0,0.2,541.7553958176148,75.31559664033658,341.75539581761484,-124.68440335966342
200.0,0.2,2999.9999128123013,67.2574606115896,2799.9999128123013,-132.74253938841042
200.0,0.2,321.15245560987927,68.14668625904373,121.15245560987927,-131.85331374095625
200.0,0.2,129.76550716320253,65.99641227199162,-70.23449283679747,-134.00358772800837
200.0,0.2,221.64938760155985,80.3751031265948,21.64938760155985,-119.6248968734052
200.0,0.2,152.3550393803969,77.09644520306834,-47.6449606196031,-122.90355479693166
200.0,0.2,225.52697315391728,66.70346962023862,25.526973153917282,-133.29653037976138
200.0,0.2,2999.99992589789,69.1751529911089,2799.99992589789,-130.82484700889108
200.0,0.2,2999.9999104395765,73.56549408017726,2799.9999104395765,-126.43450591982274
200.0,0.2,414.29635539798863,74.16520497157062,214.29635539798863,-125.83479502842938
200.0,0.2,442.04968406267034,70.28903298615406,242.04968406267034,-129.71096701384596
200.0,0.2,94.09345754039174,70.40841674411502,-105.90654245960826,-129.59158325588498
200.0,0.2,2999.999921735483,74.85520179666096,2799.999921735483,-125.14479820333904
200.0,0.2,136.24502452263354,75.23613755155205,-63.75497547736646,-124.76386244844795
200.0,0.2,150.52438056791487,72.35326296240913,-49.475619432085125,-127.64673703759087
200.0,0.2,159.29599127828672,81.12707480715292,-40.70400872171328,-118.87292519284708
200.0,0.2,330.17571263920684,76.43850010881779,130.17571263920684,-123.56149989118221
200.0,0.2,2999.999925980014,65.35191991095473,2799.999925980014,-134.64808008904527
200.0,0.2,185.65200098419132,65.2166713368485,-14.347999015808682,-134.7833286631515
200.0,0.2,139.0174243746205,71.11878212770807,-60.982575625379496,-128.88121787229193
200.0,0.2,784.634680723225,70.08930846095899,584.634680723225,-129.910691539041
200.0,0.2,1721.160300372805,71.21786004403049,1521.160300372805,-128.7821399559695
200.0,0.2,208.4322582186666,75.27001665459548,8.43225821866659,-124.72998334540452
200.0,0.2,108.24663575719794,64.11874743618515,-91.75336424280206,-135.88125256381485
200.0,0.2,2999.999923955359,68.37637385269218,2799.999923955359,-131.62362614730782
200.0,0.2,289.1002109194361,58.61121634067779,89.10021091943611,-141.3887836593222
200.0,0.2,2999.9999260115515,72.91290811110791,2799.9999260115515,-127.08709188889209
200.0,0.2,2999.999925676321,63.23070223895231,2799.999925676321,-136.76929776104768
200.0,0.2,175.908300495027,77.42882867156068,-24.091699504973008,-122.57117132843932
200.0,0.2,1065.7479366068073,58.389276153483856,865.7479366068073,-141.61072384651615
200.0,0.2,2999.999929115188,79.05398529966996,2799.999929115188,-120.94601470033004
200.0,0.2,129.45509206390574,68.81653248794879,-70.54490793609426,-131.1834675120512
200.0,0.2,133.29711453479055,79.86568073728975,-66.70288546520945,-120.13431926271025
200.0,0.2,2999.9999250711385,85.73708969608788,2799.9999250711385,-114.26291030391212
200.0,0.2,2999.9999240959937,61.998454176485396,2799.9999240959937,-138.00154582351462
200.0,0.2,705.3311287444293,76.61205444321189,505.3311287444293,-123.38794555678811
200.0,0.2,286.76240827950085,76.0190868197054,86.76240827950085,-123.9809131802946
200.0,0.2,406.44067916067127,75.8577082942324,206.44067916067127,-124.1422917057676
200.0,0.2,219.3837881769213,67.75965943726128,19.383788176921314,-132.2403405627387
200.0,0.2,207.27416908509042,85.8223789077457,7.274169085090421,-114.1776210922543
200.0,0.2,291.2368432742471,66.65520838144884,91.23684327424712,-133.34479161855114
200.0,0.2,2999.999926034824,64.71878896023266,2799.999926034824,-135.28121103976736
200.0,0.2,164.7849447639979,73.9237500047447,-35.21505523600209,-126.0762499952553
200.0,0.2,129.98938037245622,66.75931367897768,-70.01061962754378,-133.24068632102234
200.0,0.2,479.23628013230666,66.48621784527758,279.23628013230666,-133.51378215472243
200.0,0.2,160.2758263745347,56.019085901708365,-39.72417362546531,-143.98091409829163
200.0,0.2,2999.9999219027495,79.0811138700119,2799.9999219027495,-120.9188861299881
200.0,0.2,162.23260235460108,73.14131471441023,-37.767397645398916,-126.85868528558977
200.0,0.2,517.6001862590315,68.42952034739237,317.6001862590315,-131.57047965260762
200.0,0.2,131.49362398422602,73.77807649113363,-68.50637601577398,-126.22192350886637
200.0,0.2,191.19730109517806,81.37162860113467,-8.802698904821938,-118.62837139886533
200.0,0.2,118.55419524420823,62.39189606341938,-81.44580475579177,-137.60810393658062
200.0,0.2,2999.9999174192276,66.38166227340112,2799.9999174192276,-133.6183377265989
200.0,0.2,237.082054514819,62.21594762577245,37.08205451481899,-137.78405237422754
200.0,0.2,163.32973089385453,83.31100750213281,-36.67026910614547,-116.68899249786719
200.0,0.2,2999.999925330964,72.81384961179536,2799.999925330964,-127.18615038820464
200.0,0.2,230.41452351862932,65.49946953324167,30.414523518629323,-134.50053046675833
200.0,0.2,265.4781499122996,66.63070502379728,65.47814991229961,-133.36929497620272
200.0,0.2,133.72532232752366,67.5120415161747,-66.27467767247634,-132.4879584838253
200.0,0.2,2999.9999265680617,76.67982771573371,2799.9999265680617,-123.32017228426629
200.0,0.2,202.56255392726123,84.580512358025,2.5625539272612343,-115.419487641975
200.0,0.2,111.1305411803411,76.26782294417657,-88.8694588196589,-123.73217705582343
200.0,0.2,354.789628399788,63.43242743658106,154.789628399788,-136.56757256341893
200.0,0.2,190.35747812837346,59.71273722990745,-9.642521871626542,-140.28726277009255
200.0,0.2,149.5927536791887,68.68328285040045,-50.40724632081131,-131.31671714959955
200.0,0.2,2999.999923439107,77.74625120943186,2799.999923439107,-122.25374879056814
200.0,0.2,285.9332007997402,89.34763698310515,85.93320079974018,-110.65236301689485
200.0,0.2,214.48496758948644,81.38076585287693,14.484967589486445,-118.61923414712307
200.0,0.2,174.2473631848741,77.91445263808798,-25.752636815125896,-122.08554736191202
200.0,0.2,2999.999921598125,68.2298660505285,2799.999921598125,-131.7701339494715
200.0,0.2,211.13746968001695,80.22228450489607,11.137469680016949,-119.77771549510393
200.0,0.2,597.0182377172732,68.466351502827,397.0182377172732,-131.533648497173
200.0,0.2,105.08059545715864,65.30402932692614,-94.91940454284136,-134.69597067307387
200.0,0.2,2999.999922186142,74.69544435918425,2799.999922186142,-125.30455564081575
200.0,0.2,389.9151864185854,59.194207281375185,189.9151864185854,-140.80579271862482
200.0,0.2,469.8141080661535,58.586498880684886,269.8141080661535,-141.41350111931513
200.0,0.2,153.32465660036408,73.710118796953,-46.67534339963592,-126.289881203047
200.0,0.2,154.17652280813286,75.52823981017887,-45.82347719186714,-124.47176018982113
200.0,0.2,203.6985327254878,66.31440626223612,3.6985327254878086,-133.6855937377639
200.0,0.2,2999.9999233944013,84.19460635187221,2799.9999233944013,-115.80539364812779
200.0,0.2,2999.999917632765,80.46539954402635,2799.999917632765,-119.53460045597365
200.0,0.2,92.61680686608871,81.49220201170169,-107.38319313391129,-118.50779798829831
200.0,0.2,124.6405339100935,73.74237190611798,-75.3594660899065,-126.25762809388202
200.0,0.2,2999.9999233305425,70.53757857196298,2799.9999233305425,-129.46242142803703
200.0,0.2,806.4589143030244,84.26492872834245,606.4589143030244,-115.73507127165755
200.0,0.2,170.58789084517167,62.09904874713303,-29.41210915482833,-137.90095125286697
200.0,0.2,264.8179532769962,78.62742505938401,64.8179532769962,-121.37257494061599
200.0,0.2,168.26112376926667,68.87471686495131,-31.738876230733325,-131.12528313504868
200.0,0.2,2999.9999171389236,62.512284648534745,2799.9999171389236,-137.48771535146525
200.0,0.2,2999.9999197516486,88.51697862124315,2799.9999197516486,-111.48302137875685
200.0,0.2,308.60167377613664,67.35143224291397,108.60167377613664,-132.64856775708603
200.0,0.2,258.67664570798365,61.08444542794452,58.67664570798365,-138.91555457205547
200.0,0.2,2999.9999204578426,76.12512266844786,2799.9999204578426,-123.87487733155214
200.0,0.2,188.46988358719298,69.50756662788444,-11.530116412807018,-130.49243337211556
200.0,0.2,290.0071168051579,74.30284725102406,90.00711680515792,-125.69715274897594
200.0,0.2,186.64407422883724,73.69697140241657,-13.35592577116276,-126.30302859758343
200.0,0.2,357.03334156982197,70.80068459810644,157.03334156982197,-129.19931540189356
200.0,0.2,2999.999920847627,71.75852288465984,2799.999920847627,-128.24147711534016
200.0,0.2,203.35949909614456,82.65508337412021,3.3594990961445603,-117.34491662587979
200.0,0.2,202.95592699171308,71.18107977699276,2.955926991713085,-128.81892022300724
200.0,0.2,253.35675632123892,60.56499331291203,53.35675632123892,-139.43500668708796
200.0,0.2,198.9964169373346,75.70546243309452,-1.003583062665399,-124.29453756690548
200.0,0.2,192.79035263028643,84.6558632973025,-7.209647369713565,-115.3441367026975
200.0,0.2,257.530557253929,66.428000435715,57.530557253928976,-133.571999564285
200.0,0.2,138.0357767335071,74.40254460944426,-61.964223266492894,-125.59745539055574
200.0,0.2,200.8178285040788,62.902512221850664,0.8178285040787898,-137.09748777814934
200.0,0.2,135.9953298188705,68.58204450365288,-64.00467018112951,-131.41795549634713
200.0,0.4,213.14814398842216,114.62784750949504,13.148143988422163,-85.37215249050496
200.0,0.4,209.25835986763332,124.99572609230808,9.258359867633317,-75.00427390769192
200.0,0.4,228.87612921028384,119.26708805054069,28.876129210283835,-80.73291194945931
200.0,0.4,2999.9999227699536,122.65944770703408,2799.9999227699536,-77.34055229296592
200.0,0.4,248.09659736512268,121.6316896073484,48.096597365122676,-78.3683103926516
200.0,0.4,152.59761119694016,111.67264565534397,-47.402388803059836,-88.32735434465603
200.0,0.4,286.26857028658924,116.4770923056726,86.26857028658924,-83.5229076943274
200.0,0.4,174.18468375026833,112.98896294107446,-25.815316249731666,-87.01103705892554
200.0,0.4,154.27384987217442,118.99782729883752,-45.726150127825576,-81.00217270116248
200.0,0.4,276.6508790711089,121.02290246710417,76.65087907110887,-78.97709753289583
200.0,0.4,217.72247858285564,109.33331805438533,17.722478582855643,-90.66668194561467
200.0,0.4,2999.99991166805,117.99124030008315,2799.99991166805,-82.00875969991685
200.0,0.4,374.4679129260642,126.18456457291012,174.46791292606417,-73.81543542708988
200.0,0.4,208.49481665139146,114.94221293295358,8.49481665139146,-85.05778706704642
200.0,0.4,201.07628827645823,128.160271183331,1.0762882764582287,-71.83972881666901
200.0,0.4,792.4031078070828,127.88772618072893,592.4031078070828,-72.11227381927107
200.0,0.4,280.4513636741043,116.06592784390898,80.4513636741043,-83.93407215609102
200.0,0.4,2999.999920808805,117.27892250548642,2799.999920808805,-82.72107749451358
200.0,0.4,127.98121287902036,113.88878102379837,-72.01878712097964,-86.11121897620163
200.0,0.4,357.4890465051437,117.25446490909259,157.48904650514368,-82.74553509090741
200.0,0.4,209.2660649357258,116.56155919234993,9.266064935725808,-83.43844080765007
200.0,0.4,182.46918016992754,106.35463625660408,-17.53081983007246,-93.64536374339592
200.0,0.4,168.51614358141168,104.41989033152458,-31.483856418588317,-95.58010966847542
200.0,0.4,183.04167124043192,110.70270418298658,-16.958328759568076,-89.29729581701342
200.0,0.4,162.7563917518628,117.78523503639269,-37.24360824813721,-82.21476496360731
200.0,0.4,182.643965926401,125.85885353210696,-17.356034073599005,-74.14114646789304
200.0,0.4,232.31632309410116,112.5027546620083,32.316323094101165,-87.4972453379917
200.0,0.4,139.04475630677126,111.87952867925202,-60.95524369322874,-88.12047132074798
200.0,0.4,2999.9999104395765,122.4947870440695,2799.9999104395765,-77.5052129559305
200.0,0.4,196.12705628290328,113.87194136235303,-3.8729437170967174,-86.12805863764697
200.0,0.4,455.7620991345204,121.02058346956635,255.76209913452038,-78.97941653043365
200.0,0.4,364.5872092688268,117.24987282349568,164.58720926882683,-82.75012717650432
200.0,0.4,145.37812676794937,118.8847584681978,-54.62187323205063,-81.1152415318022
200.0,0.4,226.33225014616372,122.34490903207406,26.332250146163716,-77.65509096792594
200.0,0.4,214.1941239171271,122.07182200182535,14.194123917127087,-77.92817799817465
200.0,0.4,364.9404610321493,113.82126449108308,164.9404610321493,-86.17873550891692
200.0,0.4,2999.9999231558386,120.85619328603613,2799.9999231558386,-79.14380671396387
200.0,0.4,2999.9999242065687,122.00788683201222,2799.9999242065687,-77.99211316798778
200.0,0.4,317.0569732381116,111.8887822413636,117.0569732381116,-88.1112177586364
200.0,0.4,201.9856071270312,116.86402188932647,1.9856071270311872,-83.13597811067353
200.0,0.4,156.302565195855,114.7035957002865,-43.69743480414499,-85.2964042997135
200.0,0.4,419.82816613973745,127.48929768426488,219.82816613973745,-72.51070231573512
200.0,0.4,248.18460746415408,105.56496816514286,48.184607464154084,-94.43503183485714
200.0,0.4,2999.9999202646113,122.04002551962373,2799.9999202646113,-77.95997448037627
200.0,0.4,177.4400387219402,106.88117889230902,-22.559961278059802,-93.11882110769098
200.0,0.4,408.3464385911027,123.2532265814641,208.3464385911027,-76.7467734185359
200.0,0.4,2999.9999237641928,124.61547452689695,2799.9999237641928,-75.38452547310305
200.0,0.4,382.34369721024717,120.02085655965732,182.34369721024717,-79.97914344034268
200.0,0.4,338.4611399024355,114.44498678707673,138.4611399024355,-85.55501321292327
200.0,0.4,2999.999923957603,118.83835886614825,2799.999923957603,-81.16164113385175
200.0,0.4,197.63471906958347,121.53059934975045,-2.3652809304165316,-78.46940065024955
200.0,0.4,180.0744131048354,117.99236901302142,-19.9255868951646,-82.00763098697858
200.0,0.4,196.70907587675117,128.80155666323344,-3.2909241232488284,-71.19844333676656
200.0,0.4,143.5628018697027,115.02929086914851,-56.437198130297304,-84.97070913085149
200.0,0.4,182.60686135216102,112.64543600984732,-17.39313864783898,-87.35456399015268
200.0,0.4,127.12691361513593,108.40192115802424,-72.87308638486407,-91.59807884197576
200.0,0.4,234.2624460443597,118.17470113518357,34.262446044359706,-81.82529886481643
200.0,0.4,305.5676026829864,117.05749366833264,105.56760268298638,-82.94250633166736
200.0,0.4,156.8065931993753,115.77822555556644,-43.1934068006247,-84.22177444443356
200.0,0.4,2999.999921700381,136.43696070150813,2799.999921700381,-63.56303929849187
200.0,0.4,2999.999915009257,120.1912049139275,2799.999915009257,-79.8087950860725
200.0,0.4,171.42042256659226,118.82135932732764,-28.579577433407735,-81.17864067267236
200.0,0.4,165.67491924305827,117.86222850066844,-34.32508075694173,-82.13777149933156
200.0,0.4,309.00198649422083,120.1406941041508,109.00198649422083,-79.8593058958492
200.0,0.4,155.4302014443705,111.68121633400426,-44.56979855562949,-88.31878366599574
200.0,0.4,192.04745370115123,108.4939855718045,-7.952546298848773,-91.5060144281955
200.0,0.4,240.1592326806905,114.33555980428658,40.15923268069051,-85.66444019571342
200.0,0.4,223.25998154242336,119.10565978861204,23.25998154242336,-80.89434021138796
200.0,0.4,165.94769218535822,113.49425941002097,-34.05230781464178,-86.50574058997903
200.0,0.4,2999.9999228650927,131.72207483451842,2799.9999228650927,-68.27792516548158
200.0,0.4,138.93500774880593,113.51556042107462,-61.06499225119407,-86.48443957892538
200.0,0.4,132.45971583843155,108.57637320987159,-67.54028416156845,-91.42362679012841
200.0,0.4,223.58904349435554,124.09667731642604,23.589043494355536,-75.90332268357396
200.0,0.4,176.16025941076535,109.97123921840917,-23.83974058923465,-90.02876078159083
200.0,0.4,322.6927165536871,123.72884138744391,122.69271655368709,-76.27115861255609
200.0,0.4,461.77721647374733,127.74905988149116,261.77721647374733,-72.25094011850884
200.0,0.4,206.94043969658338,120.22722186389564,6.940439696583383,-79.77277813610436
200.0,0.4,2999.9999153244307,116.44987249728084,2799.9999153244307,-83.55012750271916
200.0,0.4,214.71126268974677,121.68879332290145,14.711262689746775,-78.31120667709855
200.0,0.4,325.3852519520974,124.13576647442348,125.3852519520974,-75.86423352557652
200.0,0.4,183.98774279210423,120.74599786992017,-16.01225720789577,-79.25400213007983
200.0,0.4,193.384265223057,113.12016334785598,-6.615734776942986,-86.87983665214402
200.0,0.4,293.0889404230199,120.47756925556547,93.08894042301989,-79.52243074443453
200.0,0.4,136.116490281061,107.43520047514983,-63.883509718938996,-92.56479952485017
200.0,0.4,198.2513736702305,116.72187870727456,-1.7486263297695075,-83.27812129272544
200.0,0.4,458.39471437733016,114.18778011154336,258.39471437733016,-85.81221988845664
200.0,0.4,159.5833306880054,121.47725362747693,-40.41666931199461,-78.52274637252307
200.0,0.4,565.4487519547173,120.86726196781937,365.4487519547173,-79.13273803218063
200.0,0.4,470.17854925569156,123.04957356331637,270.17854925569156,-76.95042643668363
200.0,0.4,212.34263127586328,120.33042895149003,12.342631275863283,-79.66957104850997
200.0,0.4,180.38104901693856,109.06754386659217,-19.61895098306144,-90.93245613340783
200.0,0.4,2999.9999180085256,125.70383685141294,2799.9999180085256,-74.29616314858706
200.0,0.4,157.77367318972728,114.49995606471487,-42.226326810272724,-85.50004393528513
200.0,0.4,174.6095826542567,110.01392031557488,-25.390417345743288,-89.98607968442512
200.0,0.4,140.49596005117107,123.24055505158496,-59.50403994882893,-76.75944494841504
200.0,0.4,2999.9999222508304,119.47484862118384,2799.9999222508304,-80.52515137881616
200.0,0.4,184.40854808361712,120.94587877572995,-15.59145191638288,-79.05412122427005
200.0,0.4,283.26105694510727,129.90070232938393,83.26105694510727,-70.09929767061607
200.0,0.4,174.96069681973495,113.99005672777365,-25.03930318026505,-86.00994327222635
200.0,0.4,2999.9999239448252,120.85852471300194,2799.9999239448252,-79.14147528699806
200.0,0.4,629.9945657924097,105.74467685258116,429.99456579240973,-94.25532314741884
200.0,0.4,292.7225715445469,114.28910752494585,92.7225715445469,-85.71089247505415
200.0,0.4,506.175316614956,112.23054708751224,306.175316614956,-87.76945291248776
200.0,0.4,143.85830663830458,113.60792661003532,-56.14169336169542,-86.39207338996468
200.0,0.4,148.7065416909841,106.06916192077804,-51.293458309015904,-93.93083807922196
200.0,0.4,303.19315626923634,115.69706486057127,103.19315626923634,-84.30293513942873
200.0,0.4,197.06296929982423,111.27398414162523,-2.937030700175768,-88.72601585837477
200.0,0.4,2999.999922261317,110.3498925748268,2799.999922261317,-89.6501074251732
200.0,0.4,257.02845055497755,119.31417732529219,57.02845055497755,-80.68582267470781
200.0,0.4,214.16977602955336,112.13902667815799,14.169776029553361,-87.86097332184201
200.0,0.4,2999.9999171819927,118.84802079241838,2799.9999171819927,-81.15197920758162
200.0,0.4,159.72428383575198,115.44055864946948,-40.275716164248024,-84.55944135053052
200.0,0.4,2999.9999104395765,114.7809109165429,2799.9999104395765,-85.2190890834571
200.0,0.4,235.18311292853804,122.09238873058052,35.18311292853804,-77.90761126941948
200.0,0.4,188.02544807923059,113.18891613179062,-11.974551920769414,-86.81108386820938
200.0,0.4,343.857285772384,122.70000439979219,143.857285772384,-77.29999560020781
200.0,0.4,2999.999922052049,117.75044201129592,2799.999922052049,-82.24955798870408
200.0,0.4,290.46137609158336,120.73473394416277,90.46137609158336,-79.26526605583723
200.0,0.4,207.40492873694504,113.23279839040748,7.404928736945038,-86.76720160959252
200.0,0.4,163.41443298834193,110.51973069595162,-36.58556701165807,-89.48026930404838
200.0,0.4,192.93772581098685,122.39782093177064,-7.062274189013152,-77.60217906822936
200.0,0.4,136.4193610236181,114.32815836604053,-63.58063897638189,-85.67184163395947
200.0,0.4,158.26727440088212,113.60528788639043,-41.732725599117884,-86.39471211360957
200.0,0.4,148.1072599080922,112.21081772673547,-51.8927400919078,-87.78918227326453
200.0,0.4,257.2035493494772,126.1777920248976,57.203549349477214,-73.8222079751024
200.0,0.4,207.34360348659064,112.04330871509485,7.343603486590638,-87.95669128490515
200.0,0.4,1588.811030289495,126.0987229399637,1388.811030289495,-73.9012770600363
200.0,0.4,250.21428859813557,114.72163585651712,50.21428859813557,-85.27836414348288
200.0,0.4,136.75067971917778,116.73790925383416,-63.24932028082222,-83.26209074616584
200.0,0.4,314.5119711566215,116.48047038101585,114.51197115662148,-83.51952961898415
200.0,0.4,585.9085745067092,111.37871079049552,385.9085745067092,-88.62128920950448
200.0,0.4,220.78515247385474,115.34014709768373,20.785152473854737,-84.65985290231627
200.0,0.4,284.1144629536011,115.23616955409737,84.1144629536011,-84.76383044590263
200.0,0.4,2999.9999184877734,125.93914313494619,2799.9999184877734,-74.06085686505381
200.0,0.4,205.31234395711004,115.10357630439454,5.312343957110045,-84.89642369560546
200.0,0.4,196.4062335037861,121.85695398050638,-3.5937664962139024,-78.14304601949362
200.0,0.4,338.1628327894434,134.0152691699551,138.16283278944343,-65.9847308300449
200.0,0.4,144.62945340649182,108.38540287057131,-55.37054659350818,-91.61459712942869
200.0,0.4,146.52044502563416,120.03511044817596,-53.47955497436584,-79.96488955182404
200.0,0.4,764.4567329381107,109.11647622552081,564.4567329381107,-90.88352377447919
200.0,0.4,178.93171530399795,113.02906435095299,-21.068284696002053,-86.97093564904701
200.0,0.4,151.00516518064575,118.80138866591108,-48.99483481935425,-81.19861133408892
200.0,0.4,180.22646099985832,111.71513958421423,-19.77353900014168,-88.28486041578577
200.0,0.4,174.91806132847606,109.86442363812061,-25.081938671523943,-90.13557636187939
200.0,0.4,178.93899398652127,113.32670678824248,-21.061006013478732,-86.67329321175752
200.0,0.4,126.33025952991402,111.165726082063,-73.66974047008598,-88.834273917937
200.0,0.4,2999.99992064545,119.74029946701842,2799.99992064545,-80.25970053298158
200.0,0.4,256.68934641822034,118.58232157330097,56.68934641822034,-81.41767842669903
200.0,0.4,222.01851147464336,124.01997554374043,22.01851147464336,-75.98002445625957
200.0,0.4,420.96570380063935,123.84322251135143,220.96570380063935,-76.15677748864857
200.0,0.4,281.8784538336046,127.16962838261912,81.87845383360462,-72.83037161738088
200.0,0.4,2999.9999229545997,121.32412925459997,2799.9999229545997,-78.67587074540003
200.0,0.4,191.17486044767267,123.60676170653814,-8.825139552327329,-76.39323829346186
200.0,0.4,184.70588332476547,105.975066921571,-15.294116675234534,-94.024933078429
200.0,0.4,156.75307443085495,117.47706362886308,-43.24692556914505,-82.52293637113692
200.0,0.4,141.54432368633115,113.80764413956152,-58.455676313668846,-86.19235586043848
200.0,0.4,1350.6024589981068,125.73297116525372,1150.6024589981068,-74.26702883474628
200.0,0.4,148.84808715414252,118.16837744781247,-51.15191284585748,-81.83162255218753
200.0,0.4,2999.9999206078846,130.29078270130753,2799.9999206078846,-69.70921729869247
200.0,0.4,2999.999919653993,120.03945266553004,2799.999919653993,-79.96054733446996
200.0,0.4,317.54432946560934,118.97295431550788,117.54432946560934,-81.02704568449212
200.0,0.4,153.43530970261483,108.99860268231959,-46.56469029738517,-91.00139731768041
200.0,0.4,165.23120704184498,118.51159935433998,-34.76879295815502,-81.48840064566002
200.0,0.4,169.7808645330687,120.0835268012534,-30.219135466931306,-79.9164731987466
200.0,0.4,2999.999915888161,125.2116756421377,2799.999915888161,-74.7883243578623
200.0,0.4,281.3989208952276,122.20941708292597,81.3989208952276,-77.79058291707403
200.0,0.4,182.69937872707067,113.60490738849305,-17.300621272929334,-86.39509261150695
200.0,0.4,130.39238433892885,110.45456782809615,-69.60761566107115,-89.54543217190385
200.0,0.4,170.80970012426278,118.43124117825563,-29.190299875737225,-81.56875882174437
200.0,0.4,270.2814373688295,119.59654168870911,70.28143736882947,-80.40345831129089
200.0,0.4,325.90582079129774,113.96110166103782,125.90582079129774,-86.03889833896218
200.0,0.4,199.97793118442686,116.21514385126498,-0.022068815573135225,-83.78485614873502
200.0,0.4,389.62238399499836,124.51881138549228,189.62238399499836,-75.48118861450772
200.0,0.4,658.9385875405823,116.7695365053983,458.93858754058226,-83.2304634946017
200.0,0.4,170.0290359682328,112.55284188706509,-29.97096403176721,-87.44715811293491
200.0,0.4,254.91191113857462,124.30919792771348,54.911911138574624,-75.69080207228652
200.0,0.4,140.95631021397926,113.95241278410134,-59.043689786020735,-86.04758721589866
200.0,0.4,161.36515477609277,109.32015325644105,-38.634845223907234,-90.67984674355895
200.0,0.4,195.94940052043373,114.6413507569086,-4.050599479566273,-85.3586492430914
200.0,0.4,2999.999921827609,125.47044034884661,2799.999921827609,-74.52955965115339
200.0,0.4,182.0435304438055,111.83603211236623,-17.95646955619449,-88.16396788763377
200.0,0.4,335.77503615604826,120.1441220308804,135.77503615604826,-79.8558779691196
200.0,0.4,1054.655510304949,117.59521620782778,854.6555103049491,-82.40478379217222
200.0,0.4,154.76771365718423,109.0316082580931,-45.23228634281577,-90.9683917419069
200.0,0.4,258.1757905859436,114.28934070129016,58.175790585943616,-85.71065929870984
200.0,0.4,246.96724176101054,112.69496333558045,46.96724176101054,-87.30503666441955
200.0,0.4,669.909269063223,122.85640011893848,469.90926906322295,-77.14359988106152
200.0,0.4,339.8253806937448,115.79711045284307,139.82538069374482,-84.20288954715693
200.0,0.4,200.53195644869302,128.69710823840757,0.5319564486930233,-71.30289176159243
200.0,0.4,198.27398678428506,117.26152097538576,-1.7260132157149428,-82.73847902461424
200.0,0.4,187.7169467030236,111.22941295508132,-12.28305329697639,-88.77058704491868
200.0,0.4,233.79576709759982,108.25834245493026,33.79576709759982,-91.74165754506974
200.0,0.4,191.95196095466792,113.34336110979066,-8.048039045332075,-86.65663889020934
200.0,0.4,202.80136701057606,112.43148511657473,2.801367010576058,-87.56851488342527
200.0,0.4,2999.999936875952,128.46466457346006,2799.999936875952,-71.53533542653994
200.0,0.4,173.4476191354138,111.25368047164578,-26.552380864586212,-88.74631952835422
200.0,0.4,137.06555193186472,118.03521323150623,-62.93444806813528,-81.96478676849377
200.0,0.4,155.3413133954858,114.46394136552283,-44.6586866045142,-85.53605863447717
200.0,0.4,346.6830094420119,119.20086804573356,146.6830094420119,-80.79913195426644
200.0,0.4,2999.999916628672,127.16862814587364,2799.999916628672,-72.83137185412636
200.0,0.4,2999.9999223574223,115.38927486255862,2799.9999223574223,-84.61072513744138
200.0,0.4,227.72817454100743,117.77077325946213,27.728174541007434,-82.22922674053787
200.0,0.4,205.20956509220602,115.25726596735088,5.20956509220602,-84.74273403264912
200.0,0.4,130.73148534841926,114.51491354959441,-69.26851465158074,-85.48508645040559
200.0,0.4,651.5321566181067,125.78585085071138,451.5321566181067,-74.21414914928862
200.0,0.4,434.4811746361659,126.58556585181292,234.48117463616592,-73.41443414818708
200.0,0.4,216.1466391572492,122.9557664841096,16.14663915724921,-77.0442335158904
200.0,0.4,197.36281245943053,118.23203284934623,-2.637187540569471,-81.76796715065377
200.0,0.4,122.44396965768483,107.65771684015037,-77.55603034231517,-92.34228315984963
200.0,0.4,165.05854032443665,119.80366746982303,-34.94145967556335,-80.19633253017697
200.0,0.4,205.00124030095057,119.16582526086333,5.00124030095057,-80.83417473913667
200.0,0.4,2999.9999250034402,125.82650313982694,2799.9999250034402,-74.17349686017306
200.0,0.4,353.1020181487154,122.37094641353421,153.1020181487154,-77.62905358646579
200.0,0.4,229.19058341172695,121.07131408729971,29.190583411726948,-78.92868591270029
200.0,0.4,2999.9999215231796,113.85677425741817,2799.9999215231796,-86.14322574258183
200.0,0.4,172.64776871245263,113.97669934766857,-27.35223128754737,-86.02330065233143
200.0,0.4,320.882377201029,124.18261747944786,120.88237720102899,-75.81738252055214
200.0,0.4,208.7520598821466,126.81669829771401,8.752059882146597,-73.18330170228599
200.0,0.4,168.84115576846997,112.8133146939913,-31.158844231530026,-87.1866853060087
200.0,0.4,216.88462093636983,122.19079855470984,16.884620936369828,-77.80920144529016
200.0,0.4,1185.9654700371955,113.05345921162176,985.9654700371955,-86.94654078837824
200.0,0.4,197.87504522123766,114.94311693946669,-2.124954778762344,-85.05688306053331
200.0,0.4,183.4011840960815,115.54212250887375,-16.598815903918506,-84.45787749112625
200.0,0.4,204.75951449603926,112.70112210680635,4.759514496039259,-87.29887789319365
200.0,0.4,198.88073736158975,110.92328473240595,-1.1192626384102482,-89.07671526759405
200.0,0.4,289.9392378166899,116.37401424412124,89.93923781668991,-83.62598575587876
200.0,0.4,586.9463679080437,117.20593165194599,386.9463679080437,-82.79406834805401
200.0,0.4,259.7106984392647,128.38500864968253,59.71069843926472,-71.61499135031747
200.0,0.4,180.52862979878302,119.90073878964938,-19.471370201216985,-80.09926121035062
200.0,0.4,211.0441670836083,108.52249009009913,11.0441670836083,-91.47750990990087
200.0,0.4,192.32294766298196,114.29081854266138,-7.67705233701804,-85.70918145733862
200.0,0.4,157.8578046927989,114.12766586735,-42.14219530720109,-85.87233413265
200.0,0.4,196.01737037610323,118.1740992412511,-3.98262962389677,-81.8259007587489
200.0,0.4,231.21086980314286,119.81453789871756,31.210869803142856,-80.18546210128244
200.0,0.4,240.94590861532896,119.8396890593646,40.94590861532896,-80.1603109406354
200.0,0.4,126.83139143536533,117.07995085587199,-73.16860856463467,-82.92004914412801
200.0,0.4,167.95652425682871,109.77496982723824,-32.043475743171285,-90.22503017276176
200.0,0.4,363.76058230656787,133.07080671274826,163.76058230656787,-66.92919328725174
200.0,0.4,152.30738503283004,106.38638669906261,-47.69261496716996,-93.61361330093739
200.0,0.4,477.8422982555576,121.52655226917206,277.8422982555576,-78.47344773082794
200.0,0.4,2999.9999196939966,119.90914616887402,2799.9999196939966,-80.09085383112598
200.0,0.4,2999.9999221630446,117.49125361071462,2799.9999221630446,-82.50874638928538
200.0,0.4,416.3011020759247,118.23152654879449,216.3011020759247,-81.76847345120551
200.0,0.4,133.05805981017014,117.4425506076538,-66.94194018982986,-82.5574493923462
200.0,0.4,187.9233343965589,127.99144020804403,-12.076665603441114,-72.00855979195597
200.0,0.4,186.62178542031998,116.70452785334614,-13.37821457968002,-83.29547214665386
200.0,0.4,150.34775807323177,122.795012763158,-49.65224192676823,-77.204987236842
200.0,0.4,451.76027032417113,114.78347177201205,251.76027032417113,-85.21652822798795
200.0,0.4,198.01935699020297,120.19226789875837,-1.980643009797035,-79.80773210124163
200.0,0.4,2999.9999213004726,115.32130274086757,2799.9999213004726,-84.67869725913243
200.0,0.4,359.654646902779,119.73618632817407,159.654646902779,-80.26381367182593
200.0,0.4,972.0428229783055,114.44867827402177,772.0428229783055,-85.55132172597823
200.0,0.4,178.19294722104812,110.83644465939607,-21.807052778951885,-89.16355534060393
200.0,0.4,2999.9999230600283,121.3379211438224,2799.9999230600283,-78.6620788561776
200.0,0.4,240.63357356818642,119.03366320891787,40.63357356818642,-80.96633679108213
200.0,0.4,136.30387200065417,116.69228116969884,-63.69612799934583,-83.30771883030116
200.0,0.4,261.3314378804642,118.91529700900442,61.33143788046419,-81.08470299099558
200.0,0.4,173.6422199208558,120.93782562113105,-26.35778007914419,-79.06217437886895
200.0,0.4,233.38654128512414,116.58901936942327,33.38654128512414,-83.41098063057673
200.0,0.4,289.705779631055,115.57955954273305,89.70577963105501,-84.42044045726695
200.0,0.4,193.88454867188437,127.5998340248494,-6.1154513281156255,-72.4001659751506
200.0,0.4,148.4663515457648,115.96446599789657,-51.53364845423519,-84.03553400210343
200.0,0.4,313.6531371331235,119.92434534171842,113.6531371331235,-80.07565465828158
200.0,0.4,163.65953561895182,107.28258212253455,-36.34046438104818,-92.71741787746545
200.0,0.4,244.16578811572643,119.7905224907607,44.16578811572643,-80.2094775092393
200.0,0.4,182.60388591105936,122.41935736854974,-17.396114088940635,-77.58064263145026
200.0,0.4,248.18751568531542,120.31483550149107,48.18751568531542,-79.68516449850893
200.0,0.4,155.14862358380498,109.96672891361595,-44.85137641619502,-90.03327108638405
200.0,0.4,2999.9999104395765,129.07886966957437,2799.9999104395765,-70.92113033042563
200.0,0.4,335.5870105376455,121.76393593817403,135.58701053764548,-78.23606406182597
200.0,0.4,195.02151310879196,113.98594091575336,-4.978486891208036,-86.01405908424664
200.0,0.4,1219.6144554422526,116.7457744701344,1019.6144554422526,-83.2542255298656
200.0,0.4,261.6359332601387,118.67990508076575,61.6359332601387,-81.32009491923425
200.0,0.4,227.93955039507588,108.76207937288142,27.939550395075884,-91.23792062711858
200.0,0.4,246.41676894860765,124.63662612206896,46.416768948607654,-75.36337387793104
200.0,0.4,520.6180742092192,118.62772202875554,320.61807420921923,-81.37227797124446
200.0,0.4,628.9644440112738,128.06826682015156,428.9644440112738,-71.93173317984844
200.0,0.4,199.29510642707552,120.6288852228073,-0.7048935729244761,-79.3711147771927
200.0,0.4,179.21495676113489,121.4885627503348,-20.785043238865114,-78.5114372496652
200.0,0.4,141.46305178196073,109.56449632489682,-58.53694821803927,-90.43550367510318
200.0,0.4,2999.999922849088,119.62200783575815,2799.999922849088,-80.37799216424185
200.0,0.4,2999.9999246970624,112.11023605166015,2799.9999246970624,-87.88976394833985
200.0,0.4,361.0196382035344,119.55844399441821,161.01963820353438,-80.44155600558179
200.0,0.4,2999.9999104395765,116.22710686311098,2799.9999104395765,-83.77289313688902
200.0,0.4,334.569121474543,121.2583917911766,134.569121474543,-78.7416082088234
200.0,0.4,189.43460135279975,116.37683963070458,-10.565398647200254,-83.62316036929542
200.0,0.4,139.9340653048756,106.92193822424719,-60.06593469512441,-93.07806177575281
200.0,0.4,179.38975968166585,112.02514908852875,-20.61024031833415,-87.97485091147125
200.0,0.4,267.58456582884037,116.25798735310424,67.58456582884037,-83.74201264689576
200.0,0.4,166.53196082241092,117.39022348742569,-33.46803917758908,-82.60977651257431
200.0,0.4,314.2773026460064,119.8195477717723,114.27730264600638,-80.1804522282277
200.0,0.4,232.10000031397644,121.4419738509834,32.10000031397644,-78.5580261490166
200.0,0.4,436.43711401482153,125.90300400353097,236.43711401482153,-74.09699599646903
200.0,0.4,156.60868137460216,110.03889336172725,-43.391318625397844,-89.96110663827275
200.0,0.4,155.82360945583392,119.28583906374179,-44.17639054416608,-80.71416093625821
200.0,0.4,303.5980714414581,120.28336383917478,103.5980714414581,-79.71663616082522
200.0,0.4,339.7627533151878,117.25784325869412,139.7627533151878,-82.74215674130588
200.0,0.4,304.77741404221416,126.08441956125665,104.77741404221416,-73.91558043874335
200.0,0.4,184.07730869077764,118.50786956520066,-15.922691309222358,-81.49213043479934
200.0,0.4,257.39328234710354,112.754642842542,57.393282347103536,-87.245357157458
200.0,0.6,158.58090983493818,148.94309585096315,-41.41909016506182,-51.05690414903685
200.0,0.6,170.6887927864908,153.83463820276276,-29.311207213509192,-46.16536179723724
200.0,0.6,174.48275019421408,153.18844568725743,-25.517249805785923,-46.81155431274257
200.0,0.6,150.08446224663138,142.16473603981092,-49.915537753368625,-57.83526396018908
200.0,0.6,160.89117690977082,147.5042773641381,-39.10882309022918,-52.49572263586191
200.0,0.6,285.57544318367206,158.72524360309077,85.57544318367206,-41.274756396909225
200.0,0.6,237.44744126276817,162.5418307611671,37.447441262768166,-37.45816923883291
200.0,0.6,253.98725705758582,156.21370782032488,53.98725705758582,-43.786292179675115
200.0,0.6,209.04190500434194,160.08408763575392,9.041905004341942,-39.91591236424608
200.0,0.6,415.810661866982,158.90812919237115,215.810661866982,-41.09187080762885
200.0,0.6,341.030421035278,158.13317794673452,141.03042103527798,-41.86682205326548
200.0,0.6,226.34592454506594,165.44976782739624,26.34592454506594,-34.55023217260376
200.0,0.6,189.13853153994057,149.30276471826224,-10.861468460059427,-50.69723528173776
200.0,0.6,234.79976346512333,152.7187987724326,34.799763465123334,-47.28120122756741
200.0,0.6,170.32400060142731,152.01845390641554,-29.675999398572685,-47.981546093584456
200.0,0.6,357.3289929389856,162.52123048074012,157.3289929389856,-37.478769519259885
200.0,0.6,601.6501893640797,159.09392968085595,401.65018936407967,-40.90607031914405
200.0,0.6,248.6938182732423,164.42693660280725,48.6938182732423,-35.573063397192755
200.0,0.6,208.794432042004,154.23146975505483,8.79443204200399,-45.76853024494517
200.0,0.6,191.6550052464056,156.332678666753,-8.344994753594392,-43.667321333247
200.0,0.6,2999.9999192801506,160.0581036962504,2799.9999192801506,-39.94189630374959
200.0,0.6,272.6629985961177,152.63018442556245,72.66299859611769,-47.36981557443755
200.0,0.6,204.2199946555262,156.6240976079442,4.219994655526193,-43.37590239205579
200.0,0.6,186.60263273622385,150.07061936719268,-13.397367263776147,-49.92938063280732
200.0,0.6,225.5531296077648,151.10693299154306,25.553129607764788,-48.89306700845694
200.0,0.6,194.99656150768098,158.14415591572714,-5.00343849231902,-41.85584408427286
200.0,0.6,232.0361651428217,159.64337039687894,32.03616514282169,-40.356629603121064
200.0,0.6,264.2056274675661,155.761634129398,64.2056274675661,-44.238365870601996
200.0,0.6,146.4169649208652,142.49870232445687,-53.58303507913479,-57.50129767554313
200.0,0.6,187.85908314208953,153.71615953962615,-12.140916857910469,-46.28384046037385
200.0,0.6,193.52796277377666,155.43119509636645,-6.472037226223335,-44.56880490363355
200.0,0.6,242.3865969123951,155.79875163817653,42.386596912395106,-44.201248361823474
200.0,0.6,158.6350194726437,144.87384476195115,-41.364980527356295,-55.12615523804885
200.0,0.6,181.37103063414267,156.10292173850013,-18.62896936585733,-43.89707826149987
200.0,0.6,230.24496158327796,164.16969233671787,30.244961583277956,-35.83030766328213
200.0,0.6,205.3970157698324,156.1199886580369,5.397015769832393,-43.8800113419631
200.0,0.6,251.4567432647097,155.6741302306773,51.4567432647097,-44.32586976932271
200.0,0.6,193.07781312847197,153.04622447591746,-6.922186871528027,-46.953775524082545
200.0,0.6,190.0733566478261,150.730320597144,-9.926643352173897,-49.26967940285601
200.0,0.6,194.611974808253,156.41646650160348,-5.388025191747005,-43.58353349839652
200.0,0.6,227.62647021571027,158.05965368095565,27.62647021571027,-41.94034631904435
200.0,0.6,159.76121242759325,145.17996672632654,-40.23878757240675,-54.82003327367346
200.0,0.6,298.2238071940164,155.39767667594893,98.22380719401639,-44.60232332405107
200.0,0.6,2999.9999209964317,150.26427291823347,2799.9999209964317,-49.73572708176653
200.0,0.6,181.666082107063,151.94652856040847,-18.333917892936995,-48.05347143959153
200.0,0.6,257.18059140837886,167.37861343304047,57.18059140837886,-32.62138656695953
200.0,0.6,268.77371553204017,167.38509700054013,68.77371553204017,-32.61490299945987
200.0,0.6,214.765155672078,162.82148575365554,14.76515567207801,-37.17851424634446
200.0,0.6,154.83412961039485,145.56113718374021,-45.165870389605146,-54.438862816259785
200.0,0.6,178.16986694670345,145.49125691065453,-21.83013305329655,-54.50874308934547
200.0,0.6,447.39601292148086,164.86526496203567,247.39601292148086,-35.13473503796433
200.0,0.6,153.77100092811605,147.57707424938147,-46.22899907188395,-52.42292575061853
200.0,0.6,188.7903586923694,154.56187693662295,-11.20964130763059,-45.43812306337705
200.0,0.6,278.02770183507397,161.82855733087987,78.02770183507397,-38.171442669120125
200.0,0.6,306.22070085562495,159.32844733384982,106.22070085562495,-40.67155266615018
200.0,0.6,157.25456920576883,148.8885522034275,-42.74543079423117,-51.11144779657249
200.0,0.6,355.425806322357,164.1887082804803,155.425806322357,-35.81129171951969
200.0,0.6,259.8585247005939,171.0649347703192,59.858524700593875,-28.935065229680788
200.0,0.6,184.00448126575367,164.11417159604696,-15.995518734246332,-35.88582840395304
200.0,0.6,259.5325309149571,156.2382117276561,59.53253091495708,-43.76178827234389
200.0,0.6,243.9128382458184,160.81567146291093,43.91283824581839,-39.18432853708907
200.0,0.6,163.0685337792887,148.85578371712376,-36.931466220711286,-51.14421628287624
200.0,0.6,307.14318128220305,164.93075737596692,107.14318128220305,-35.06924262403308
200.0,0.6,206.0871361290383,162.14835368746847,6.087136129038299,-37.85164631253153
200.0,0.6,182.64541173538606,161.0013181370418,-17.354588264613938,-38.99868186295819
200.0,0.6,418.8380668114908,159.73896072156538,218.83806681149082,-40.26103927843462
200.0,0.6,2999.999918063524,168.23488013282983,2799.999918063524,-31.76511986717017
200.0,0.6,180.5044293812483,152.16598537019854,-19.495570618751714,-47.83401462980146
200.0,0.6,163.6733276229989,148.89293933794482,-36.3266723770011,-51.107060662055176
200.0,0.6,184.13782441514599,154.55790831395836,-15.862175584854015,-45.442091686041636
200.0,0.6,239.00019523586278,159.46775365066296,39.000195235862776,-40.53224634933704
200.0,0.6,167.78601791194393,148.50891661103762,-32.21398208805607,-51.49108338896238
200.0,0.6,152.64729093730256,145.40799988739113,-47.35270906269744,-54.59200011260887
200.0,0.6,216.2224545285535,154.31690326214442,16.2224545285535,-45.68309673785558
200.0,0.6,147.2990933727466,143.50188802692637,-52.7009066272534,-56.498111973073634
200.0,0.6,157.1611044517964,153.36073145893084,-42.838895548203595,-46.63926854106916
200.0,0.6,196.1526064717799,150.0571736677477,-3.8473935282200955,-49.94282633225231
200.0,0.6,228.9691821792222,151.39833916897842,28.9691821792222,-48.601660831021576
200.0,0.6,187.90918111372724,154.53413200723924,-12.090818886272757,-45.465867992760764
200.0,0.6,171.20917257572896,149.75604350857577,-28.790827424271043,-50.24395649142423
200.0,0.6,207.6931574182141,155.8407049819173,7.693157418214099,-44.1592950180827
200.0,0.6,165.75663728708957,144.35492869418763,-34.243362712910425,-55.645071305812365
200.0,0.6,181.35483939301386,155.5715373688413,-18.64516060698614,-44.42846263115871
200.0,0.6,190.81872541288092,156.33609385416494,-9.181274587119077,-43.66390614583506
200.0,0.6,320.5699788720546,164.0058786640031,120.5699788720546,-35.99412133599691
200.0,0.6,204.1338384524096,149.68535350927868,4.133838452409606,-50.314646490721316
200.0,0.6,277.5867658579867,163.9065684347861,77.58676585798668,-36.093431565213905
200.0,0.6,189.90472649230855,154.77115240021615,-10.095273507691445,-45.22884759978385
200.0,0.6,154.480158880484,150.53520625127453,-45.519841119516,-49.46479374872547
200.0,0.6,218.31368443823956,154.9263286711885,18.313684438239562,-45.073671328811514
200.0,0.6,173.57435605088747,151.58197579369397,-26.425643949112526,-48.41802420630603
200.0,0.6,275.4112678327359,163.4610132406753,75.41126783273592,-36.5389867593247
200.0,0.6,152.01719237907548,148.1363737761181,-47.98280762092452,-51.86362622388191
200.0,0.6,259.00894934199073,156.63357898895683,59.00894934199073,-43.36642101104317
200.0,0.6,260.0302630300965,161.75583967455327,60.03026303009648,-38.24416032544673
200.0,0.6,171.11555632758325,147.46691603626948,-28.88444367241675,-52.53308396373052
200.0,0.6,215.71831194381642,152.7443012109943,15.718311943816417,-47.25569878900569
200.0,0.6,494.66534281884606,168.68760535242504,294.66534281884606,-31.312394647574962
200.0,0.6,748.7231855449131,170.60298708781494,548.7231855449131,-29.397012912185062
200.0,0.6,157.26935867061778,147.82144131614865,-42.73064132938222,-52.17855868385135
200.0,0.6,220.01766899249648,159.1881183761957,20.017668992496482,-40.81188162380431
200.0,0.6,165.31547218665992,152.46160252286066,-34.68452781334008,-47.53839747713934
200.0,0.6,275.63827364480784,165.31425934936422,75.63827364480784,-34.68574065063578
200.0,0.6,183.33157840859351,150.52679694193193,-16.668421591406485,-49.473203058068066
200.0,0.6,186.77257906309336,147.98669066835737,-13.22742093690664,-52.01330933164263
200.0,0.6,203.14303302876783,154.39056399903893,3.1430330287678316,-45.60943600096107
200.0,0.6,207.9286979228096,156.38841974292987,7.92869792280959,-43.61158025707013
200.0,0.6,215.8728543264566,163.72168120529903,15.872854326456604,-36.278318794700965
200.0,0.6,248.10549247407064,151.92618659941436,48.105492474070644,-48.073813400585635
200.0,0.6,343.2010205079128,156.85175975303233,143.2010205079128,-43.148240246967674
200.0,0.6,204.33134169614206,152.21865921799045,4.331341696142061,-47.78134078200955
200.0,0.6,165.41312103717152,155.73771668711478,-34.58687896282848,-44.262283312885216
200.0,0.6,183.9130365177618,155.95778173004635,-16.08696348223819,-44.04221826995365
200.0,0.6,224.41476943980365,160.11700443276428,24.41476943980365,-39.882995567235724
200.0,0.6,193.90073866523122,151.38440346756312,-6.099261334768784,-48.61559653243688
200.0,0.6,190.4192270998841,162.58769688113406,-9.580772900115903,-37.412303118865935
200.0,0.6,222.86528396039492,151.6717832394456,22.86528396039492,-48.3282167605544
200.0,0.6,265.5771328620155,164.10652687185538,65.5771328620155,-35.89347312814462
200.0,0.6,324.1262144777297,161.61445328015537,124.12621447772972,-38.385546719844626
200.0,0.6,299.21861049125624,166.4396103479839,99.21861049125624,-33.56038965201611
200.0,0.6,215.50049198479786,159.90607608196217,15.500491984797861,-40.09392391803783
200.0,0.6,232.91754770674035,157.94500157985217,32.91754770674035,-42.054998420147825
200.0,0.6,270.17378454625975,152.4512138683626,70.17378454625975,-47.5487861316374
200.0,0.6,333.111047038413,163.6028425116466,133.111047038413,-36.3971574883534
200.0,0.6,346.4088195388042,172.2296594870307,146.4088195388042,-27.770340512969312
200.0,0.6,224.45425930484964,159.8577614830313,24.454259304849643,-40.14223851696869
200.0,0.6,1888.8280975215057,162.41244564695918,1688.8280975215057,-37.587554353040815
200.0,0.6,204.77913500237702,151.65795154181268,4.779135002377018,-48.34204845818732
200.0,0.6,2999.999921874839,175.02801038526658,2799.999921874839,-24.971989614733417
200.0,0.6,218.40820703372137,150.74438589840508,18.408207033721368,-49.255614101594915
200.0,0.6,287.72401742258927,159.94296014524056,87.72401742258927,-40.05703985475944
200.0,0.6,297.7992223215295,159.36957909833936,97.7992223215295,-40.63042090166064
200.0,0.6,240.22308638506024,154.76657189582392,40.22308638506024,-45.233428104176085
200.0,0.6,172.70125705494843,146.15855415879028,-27.298742945051572,-53.84144584120972
200.0,0.6,191.68633510841627,143.21751561261675,-8.313664891583727,-56.78248438738325
200.0,0.6,167.4238553468364,149.9255163598499,-32.576144653163595,-50.074483640150106
200.0,0.6,176.18907115755826,154.92750233767745,-23.81092884244174,-45.07249766232255
200.0,0.6,293.44769017151265,164.8634669530769,93.44769017151265,-35.13653304692309
200.0,0.6,254.97356407613162,158.09655389501063,54.97356407613162,-41.90344610498937
200.0,0.6,216.76516499965112,158.71340767870905,16.76516499965112,-41.286592321290954
200.0,0.6,182.19720241425216,148.9644581521759,-17.80279758574784,-51.035541847824106
200.0,0.6,202.27822523882892,152.00346445417708,2.2782252388289237,-47.99653554582292
200.0,0.6,2999.9999128081945,161.0050839280658,2799.9999128081945,-38.9949160719342
200.0,0.6,222.4035793544115,153.82830811692682,22.403579354411505,-46.17169188307318
200.0,0.6,193.0872889944183,156.47848405299348,-6.912711005581713,-43.52151594700652
200.0,0.6,221.3494433458451,159.383262037029,21.34944334584509,-40.616737962971
200.0,0.6,255.12514590757536,162.10636558521347,55.12514590757536,-37.89363441478653
200.0,0.6,190.59726249742033,157.3869588656258,-9.402737502579669,-42.613041134374214
200.0,0.6,462.2781064205068,161.92338978681806,262.2781064205068,-38.07661021318194
200.0,0.6,262.2741067725988,161.94737452489642,62.27410677259883,-38.05262547510358
200.0,0.6,162.80704372054296,147.26648847108265,-37.192956279457036,-52.73351152891735
200.0,0.6,263.7828001160672,156.58815591106185,63.78280011606722,-43.41184408893815
200.0,0.6,156.35520201701365,147.54908754324134,-43.64479798298635,-52.45091245675866
200.0,0.6,250.19220512980286,156.56696982584904,50.19220512980286,-43.43303017415096
200.0,0.6,183.651598616729,156.45352681573928,-16.34840138327101,-43.54647318426072
200.0,0.6,309.48370211952454,158.14382618366116,109.48370211952454,-41.85617381633884
200.0,0.6,182.42948077003663,155.12239955561708,-17.570519229963367,-44.87760044438292
200.0,0.6,200.23333913486175,155.18490830147022,0.23333913486175106,-44.815091698529784
200.0,0.6,159.5752302734933,144.88357601978527,-40.424769726506696,-55.11642398021473
200.0,0.6,210.97141147312325,150.15784120819166,10.971411473123254,-49.842158791808345
200.0,0.6,177.10299955654963,161.57951898035324,-22.897000443450366,-38.42048101964676
200.0,0.6,304.2256145269329,162.26069936613482,104.22561452693287,-37.739300633865184
200.0,0.6,173.82850255185903,155.182470635063,-26.17149744814097,-44.817529364937
200.0,0.6,188.25684961497495,158.26215253147922,-11.743150385025046,-41.73784746852078
200.0,0.6,2999.9999195584487,167.49418496073278,2799.9999195584487,-32.50581503926722
200.0,0.6,172.23841636328106,153.09144826844485,-27.76158363671894,-46.90855173155515
200.0,0.6,187.99985526590032,146.6002207754308,-12.000144734099678,-53.39977922456919
200.0,0.6,226.27996587809292,156.0078937891198,26.279965878092924,-43.992106210880195
200.0,0.6,219.03711750628182,155.79573968083398,19.037117506281817,-44.204260319166025
200.0,0.6,184.30537056417168,147.81997641092184,-15.694629435828318,-52.18002358907816
200.0,0.6,231.10306836662517,163.456312585563,31.103068366625166,-36.54368741443699
200.0,0.6,269.22141525235793,161.73164932723944,69.22141525235793,-38.26835067276056
200.0,0.6,206.11939895957084,157.45506958508648,6.1193989595708445,-42.54493041491352
200.0,0.6,221.6356375188693,163.6610610220452,21.635637518869288,-36.3389389779548
200.0,0.6,171.97174915094735,156.90470199737234,-28.028250849052654,-43.09529800262766
200.0,0.6,179.5816321912384,152.63508985119046,-20.418367808761587,-47.36491014880954
200.0,0.6,160.87505484803842,144.88341976723285,-39.12494515196158,-55.11658023276715
200.0,0.6,285.32121424616946,161.70666111555462,85.32121424616946,-38.293338884445376
200.0,0.6,207.5413574759578,159.21803239746515,7.5413574759577955,-40.78196760253485
200.0,0.6,248.006162614258,162.71726959755694,48.00616261425799,-37.282730402443065
200.0,0.6,175.57387775344756,153.53442412352092,-24.42612224655244,-46.46557587647908
200.0,0.6,270.37515676638674,159.43559481030732,70.37515676638674,-40.56440518969268
200.0,0.6,223.98297436877735,151.87237286471336,23.98297436877735,-48.127627135286644
200.0,0.6,251.27910472514017,158.23184162766282,51.27910472514017,-41.76815837233718
200.0,0.6,181.84212397687688,153.5243004965358,-18.157876023123123,-46.4756995034642
200.0,0.6,189.06267358988086,150.74048856756906,-10.937326410119141,-49.25951143243094
200.0,0.6,2999.9999166611533,166.49716164805207,2799.9999166611533,-33.50283835194793
200.0,0.6,193.18306030674108,162.15356159970736,-6.816939693258917,-37.84643840029264
200.0,0.6,246.1543388207568,161.0126320645632,46.154338820756806,-38.987367935436794
200.0,0.6,178.43619797793343,151.0317435309321,-21.563802022066568,-48.96825646906791
200.0,0.6,467.98784772629665,154.59478526831805,267.98784772629665,-45.40521473168195
200.0,0.6,179.97477915443997,149.9070530258662,-20.02522084556003,-50.09294697413381
200.0,0.6,185.43352204891588,152.1243289297749,-14.566477951084124,-47.87567107022511
200.0,0.6,262.1427560407584,162.47393631407863,62.1427560407584,-37.52606368592137
200.0,0.6,162.01945234487542,152.82270495663857,-37.98054765512458,-47.177295043361426
200.0,0.6,357.1383457035925,157.33863920163077,157.1383457035925,-42.66136079836923
200.0,0.6,181.03996807589365,151.37166691360758,-18.960031924106346,-48.628333086392416
200.0,0.6,231.53764674378144,164.1264170538814,31.537646743781437,-35.8735829461186
200.0,0.6,279.15497246793336,157.27478093176697,79.15497246793336,-42.72521906823303
200.0,0.6,172.6505064183448,156.33993960589888,-27.349493581655196,-43.66006039410112
200.0,0.6,175.04793479985634,153.9107540419984,-24.952065200143664,-46.08924595800161
200.0,0.6,188.58740498697324,157.65241349263766,-11.41259501302676,-42.34758650736234
200.0,0.6,203.41969096876062,154.44024117040522,3.4196909687606194,-45.559758829594784
200.0,0.6,157.23831931741339,150.62612203392902,-42.761680682586615,-49.37387796607098
200.0,0.6,159.07285476708375,145.9823137658576,-40.927145232916246,-54.01768623414239
200.0,0.6,293.53482868043864,160.78764419744647,93.53482868043864,-39.21235580255353
200.0,0.6,246.26898733363163,156.8156135406046,46.26898733363163,-43.1843864593954
200.0,0.6,184.49144889825544,155.8933823391321,-15.508551101744558,-44.1066176608679
200.0,0.6,162.62038222874796,150.21224852653657,-37.37961777125204,-49.78775147346343
200.0,0.6,252.07016962081042,159.56405820967043,52.07016962081042,-40.435941790329565
200.0,0.6,185.9344728497736,154.2776172805028,-14.065527150226387,-45.722382719497205
200.0,0.6,183.77694429754263,153.55310860084126,-16.223055702457373,-46.446891399158744
200.0,0.6,2999.999921120036,167.48930652503796,2799.999921120036,-32.51069347496204
200.0,0.6,152.96503915606377,145.8754448532008,-47.03496084393623,-54.124555146799196
200.0,0.6,274.45565582408295,161.90340492213792,74.45565582408295,-38.09659507786208
200.0,0.6,192.07911903297443,151.50353154873324,-7.9208809670255675,-48.496468451266765
200.0,0.6,207.01229053431047,151.09212069823963,7.012290534310466,-48.907879301760374
200.0,0.6,219.12196950275512,158.55649531465428,19.12196950275512,-41.443504685345715
200.0,0.6,192.9947389287362,153.82812865341276,-7.005261071263789,-46.17187134658724
200.0,0.6,166.88609921678784,142.97154661871627,-33.11390078321216,-57.028453381283725
200.0,0.6,414.68361612700664,157.68545663416188,214.68361612700664,-42.31454336583812
200.0,0.6,367.41403755359016,157.75809297220943,167.41403755359016,-42.241907027790575
200.0,0.6,177.88577414487477,158.00336726145417,-22.114225855125227,-41.99663273854583
200.0,0.6,394.16755766832796,155.984971115295,194.16755766832796,-44.015028884705
200.0,0.6,176.9858899650713,155.49003962664122,-23.014110034928706,-44.50996037335878
200.0,0.6,178.05682899652612,153.45736677692105,-21.94317100347388,-46.54263322307895
200.0,0.6,165.29298485601274,147.29569117486108,-34.70701514398726,-52.704308825138924
200.0,0.6,171.55096753117414,156.07200167966025,-28.449032468825862,-43.92799832033975
200.0,0.6,229.3964489491149,158.12936607691822,29.396448949114898,-41.87063392308178
200.0,0.6,176.39183787581797,150.6208955676221,-23.60816212418203,-49.379104432377886
200.0,0.6,176.72036975708554,149.4988720149035,-23.279630242914465,-50.5011279850965
200.0,0.6,265.3220072357123,164.50237738307976,65.3220072357123,-35.49762261692024
200.0,0.6,181.7109477262192,147.6376419883597,-18.28905227378081,-52.36235801164031
200.0,0.6,207.74854182350953,153.9790733436982,7.748541823509527,-46.02092665630181
200.0,0.6,155.72226680689369,143.6646712447558,-44.277733193106315,-56.335328755244205
200.0,0.6,221.60034047670175,163.06166968027784,21.600340476701746,-36.938330319722155
200.0,0.6,322.80206008530104,160.80616893331364,122.80206008530104,-39.19383106668636
200.0,0.6,212.89308363048306,163.16641258801542,12.893083630483062,-36.83358741198458
200.0,0.6,180.45166807695142,156.2026067735982,-19.54833192304858,-43.797393226401795
200.0,0.6,226.44419421924852,162.71987581091125,26.444194219248516,-37.28012418908875
200.0,0.6,231.7697136270196,163.04319793244682,31.7697136270196,-36.956802067553184
200.0,0.6,192.57225262640148,156.11752389421045,-7.427747373598521,-43.88247610578955
200.0,0.6,200.79806857376445,157.04098526438204,0.7980685737644535,-42.959014735617956
200.0,0.6,501.95128512065037,165.6218849532555,301.95128512065037,-34.37811504674451
200.0,0.6,192.57251918014944,150.2947988968604,-7.427480819850558,-49.705201103139586
200.0,0.6,2999.9999228324145,161.8305765858953,2799.9999228324145,-38.1694234141047
200.0,0.6,2999.999922411617,162.07943843293785,2799.999922411617,-37.92056156706215
200.0,0.6,305.49412713677134,161.58430672680447,105.49412713677134,-38.41569327319553
200.0,0.6,188.0305127161159,155.63890329183155,-11.969487283884092,-44.361096708168446
200.0,0.6,206.19951570721716,158.14323591840048,6.199515707217159,-41.85676408159952
200.0,0.6,178.5124724826622,154.26925297002552,-21.48752751733781,-45.73074702997448
200.0,0.6,182.39215351111977,153.79881846646728,-17.607846488880227,-46.20118153353272
200.0,0.6,219.87470987703,157.75691333644136,19.87470987703,-42.24308666355864
200.0,0.6,191.80124418989303,155.12942076378872,-8.198755810106974,-44.870579236211285
200.0,0.6,187.6541033294996,155.32742348996717,-12.345896670500395,-44.672576510032826
200.0,0.6,273.03110569389975,162.69406298855674,73.03110569389975,-37.30593701144326
200.0,0.6,254.7917084760447,155.06774670221762,54.791708476044704,-44.93225329778238
200.0,0.6,163.36506532616093,147.75210814208015,-36.63493467383907,-52.24789185791985
200.0,0.6,176.3286742751562,154.62119536652543,-23.671325724843797,-45.37880463347457
200.0,0.6,303.09154395063734,164.42986484614707,103.09154395063734,-35.57013515385293
200.0,0.6,265.55798829179855,161.1899464511328,65.55798829179855,-38.81005354886719
200.0,0.6,198.1177594142894,156.05200223251484,-1.8822405857106048,-43.94799776748516
200.0,0.6,227.12343100928635,162.6475173380881,27.12343100928635,-37.35248266191189
200.0,0.6,730.598292912339,163.19139363665096,530.598292912339,-36.80860636334904
200.0,0.6,207.51842484120846,157.6156612814631,7.518424841208457,-42.384338718536895
200.0,0.6,206.59053257570076,158.80194587166537,6.590532575700763,-41.19805412833463
200.0,0.6,200.21237083549278,148.92717389436677,0.21237083549277713,-51.072826105633226
200.0,0.6,278.4215567010962,158.38302611746144,78.42155670109622,-41.61697388253856
200.0,0.6,267.3144047497277,160.27589339987182,67.31440474972771,-39.72410660012818
200.0,0.6,258.07306288891635,156.90044076776132,58.073062888916354,-43.099559232238676
200.0,0.6,199.75618222487506,156.43592615896387,-0.2438177751249384,-43.564073841036134
200.0,0.6,183.66306773156572,154.51365083170606,-16.336932268434282,-45.48634916829394
200.0,0.6,180.5993447422793,155.4146186691014,-19.4006552577207,-44.5853813308986
200.0,0.6,154.74390984171234,147.79151859915677,-45.25609015828766,-52.208481400843226
200.0,0.6,293.6972239633371,164.71581296333176,93.69722396333708,-35.28418703666824
200.0,0.6,203.9295646381145,157.18592156859637,3.929564638114499,-42.81407843140363
200.0,0.6,177.77816451081483,151.38335442221302,-22.221835489185167,-48.61664557778698
200.0,0.6,181.37739575707928,159.41373603385037,-18.622604242920715,-40.58626396614963
200.0,0.6,221.27604463361857,148.8689709949694,21.276044633618568,-51.1310290050306
200.0,0.6,229.96341113097236,156.96992833918804,29.96341113097236,-43.030071660811956
200.0,0.6,176.2741054108385,153.50773431380657,-23.7258945891615,-46.492265686193434
200.0,0.6,227.11060303302165,156.66480311888424,27.110603033021647,-43.33519688111576
200.0,0.6,251.3919753129892,162.44723359308517,51.39197531298919,-37.55276640691483
200.0,0.6,180.24086046455486,154.95333889974296,-19.759139535445144,-45.04666110025704
200.0,0.6,2999.9999213672395,168.4185953358856,2799.9999213672395,-31.581404664114388
200.0,0.6,193.13356991992774,153.45617281582062,-6.866430080072263,-46.54382718417938
200.0,0.6,205.78091665472704,157.70305151880808,5.7809166547270365,-42.29694848119192
200.0,0.6,192.66922018366213,155.60457769044137,-7.330779816337866,-44.395422309558626
200.0,0.6,201.71241540461037,157.08528205652993,1.7124154046103683,-42.914717943470066
200.0,0.6,181.9696192521518,149.3084021866954,-18.0303807478482,-50.69159781330461
200.0,0.6,232.96484136429837,152.98405534805377,32.964841364298366,-47.01594465194623
200.0,0.6,196.26080898850148,160.0174413566421,-3.7391910114985194,-39.98255864335789
200.0,0.6,173.40318547400892,152.42132555559036,-26.59681452599108,-47.57867444440964
200.0,0.6,231.51870660287187,156.47234478020098,31.518706602871873,-43.527655219799016
200.0,0.6,178.83638129404235,156.7147749235496,-21.163618705957646,-43.28522507645039
200.0,0.6,190.11120632164133,156.79415304571629,-9.888793678358667,-43.205846954283714
200.0,0.6,167.09679412334907,155.1383262251452,-32.90320587665093,-44.86167377485481
200.0,0.6,401.7406913461596,160.0955867185869,201.74069134615962,-39.9044132814131
200.0,0.6,304.4442019561344,159.06939419752922,104.4442019561344,-40.93060580247078
200.0,0.6,203.83801178151626,151.18622760400098,3.8380117815162578,-48.813772395999024
200.0,0.8,209.76759370242488,185.022267156139,9.767593702424875,-14.977732843860991
200.0,0.8,207.20865393024212,193.52494702275249,7.2086539302421215,-6.475052977247515
200.0,0.8,189.00262586577227,183.48254030315508,-10.997374134227726,-16.517459696844924
200.0,0.8,183.3905011679032,181.02146332002147,-16.60949883209679,-18.978536679978532
200.0,0.8,203.1354702907982,185.73694098245238,3.135470290798196,-14.263059017547619
200.0,0.8,182.94359311983365,181.04167581142835,-17.05640688016635,-18.958324188571652
200.0,0.8,209.40035424660192,190.37528224695797,9.400354246601921,-9.624717753042034
200.0,0.8,208.59788294115398,184.73706131817033,8.597882941153983,-15.262938681829667
200.0,0.8,371.6008178983482,197.4350487080245,171.60081789834823,-2.5649512919754898
200.0,0.8,229.73324703283706,191.7566347007501,29.733247032837056,-8.243365299249888
200.0,0.8,182.4783323904258,179.63126009501894,-17.521667609574195,-20.368739904981055
200.0,0.8,195.0412018905132,185.35966971989535,-4.958798109486793,-14.64033028010465
200.0,0.8,191.07610499730882,178.24607665617668,-8.923895002691182,-21.753923343823317
200.0,0.8,174.90241778161067,172.26868537067475,-25.097582218389334,-27.731314629325254
200.0,0.8,190.35058892718513,187.37027212219004,-9.649411072814871,-12.629727877809955
200.0,0.8,236.8891137410204,190.72523675039008,36.889113741020395,-9.274763249609919
200.0,0.8,247.23542524532124,195.10426179645648,47.23542524532124,-4.895738203543516
200.0,0.8,2999.9999190608833,215.73742453467804,2799.9999190608833,15.737424534678041
200.0,0.8,206.6067244519417,191.5361527966684,6.6067244519416874,-8.463847203331596
200.0,0.8,190.4516872467173,184.56659677665476,-9.548312753282687,-15.433403223345238
200.0,0.8,268.2443953951931,195.09189643956623,68.24439539519312,-4.908103560433773
200.0,0.8,195.0411670101551,186.59914653904377,-4.958832989844893,-13.400853460956228
200.0,0.8,190.3088004328768,183.22229390364248,-9.691199567123192,-16.77770609635752
200.0,0.8,314.0671551309755,195.65761292961955,114.0671551309755,-4.342387070380454
200.0,0.8,198.2581472037228,185.7441641463257,-1.7418527962771861,-14.255835853674313
200.0,0.8,183.0721533805433,179.0648998592098,-16.927846619456687,-20.93510014079021
200.0,0.8,205.63940319048936,188.12679472934806,5.639403190489361,-11.873205270651937
200.0,0.8,207.50473798102576,188.33962773079568,7.504737981025755,-11.660372269204316
200.0,0.8,295.6392365081479,203.8802321198276,95.63923650814792,3.8802321198276104
200.0,0.8,186.45040366919503,178.69348347029197,-13.549596330804974,-21.306516529708034
200.0,0.8,187.86051829702598,181.70571602800527,-12.139481702974024,-18.29428397199473
200.0,0.8,200.3095830351644,185.794185248539,0.309583035164394,-14.205814751460991
200.0,0.8,174.47492031742942,172.8243571185702,-25.525079682570578,-27.17564288142981
200.0,0.8,260.25557123517314,193.49045262622744,60.255571235173136,-6.509547373772563
200.0,0.8,180.15827834231413,175.92121404174975,-19.841721657685866,-24.07878595825025
200.0,0.8,207.90980760278046,186.34048298019252,7.909807602780461,-13.659517019807481
200.0,0.8,213.42345891941153,186.24921085551398,13.42345891941153,-13.75078914448602
200.0,0.8,315.16548986200104,203.6148023083582,115.16548986200104,3.6148023083582075
200.0,0.8,215.76619914964377,195.48435086228974,15.766199149643768,-4.5156491377102554
200.0,0.8,242.30204248919227,192.58031739583532,42.302042489192274,-7.419682604164677
200.0,0.8,181.6566598189661,178.73700574985094,-18.34334018103391,-21.262994250149063
200.0,0.8,228.3170737569431,195.68963345013225,28.317073756943103,-4.3103665498677515
200.0,0.8,248.95761356494677,197.28825171940727,48.95761356494677,-2.7117482805927295
200.0,0.8,174.5059267756374,174.90881088296769,-25.49407322436261,-25.091189117032314
200.0,0.8,190.57675801260697,180.30260755452744,-9.423241987393027,-19.69739244547256
200.0,0.8,214.3149750986282,188.16260691719143,14.314975098628196,-11.837393082808575
200.0,0.8,216.45691467082136,183.74086359274523,16.456914670821362,-16.259136407254772
200.0,0.8,217.90624860879194,184.58046404851777,17.90624860879194,-15.419535951482231
200.0,0.8,198.4300143084484,187.72756703359389,-1.569985691551608,-12.272432966406114
200.0,0.8,268.2601192119321,198.270279685866,68.26011921193208,-1.7297203141339992
200.0,0.8,300.13417963200254,199.33526744820753,100.13417963200254,-0.6647325517924685
200.0,0.8,213.61356612388877,194.43426947028982,13.613566123888774,-5.56573052971018
200.0,0.8,252.82328331899,199.09911012281785,52.82328331899001,-0.9008898771821521
200.0,0.8,170.68877778742424,170.54582270637604,-29.311222212575757,-29.454177293623957
200.0,0.8,179.86595357340977,176.12879799362966,-20.13404642659023,-23.87120200637034
200.0,0.8,188.23722506544397,179.19377727578495,-11.762774934556035,-20.806222724215047
200.0,0.8,202.91440099263642,189.61329852347473,2.9144009926364163,-10.386701476525275
200.0,0.8,183.0368546869881,180.16823489084808,-16.963145313011893,-19.831765109151917
200.0,0.8,209.802428526189,191.4554911628028,9.802428526189004,-8.544508837197213
200.0,0.8,308.8744348437371,196.1239973696709,108.8744348437371,-3.8760026303291113
200.0,0.8,184.50030933032528,176.77612318010554,-15.49969066967472,-23.223876819894457
200.0,0.8,255.31514066515118,201.59119818781818,55.315140665151176,1.5911981878181791
200.0,0.8,223.98885280371687,193.96949054335857,23.988852803716867,-6.0305094566414255
200.0,0.8,192.51170402829945,181.372718323888,-7.488295971700552,-18.627281676112005
200.0,0.8,181.69636912016787,178.88258450450064,-18.303630879832127,-21.11741549549936
200.0,0.8,186.7195497759473,181.26371550416792,-13.280450224052686,-18.73628449583208
200.0,0.8,176.37359594632443,172.68873413031142,-23.62640405367557,-27.311265869688583
200.0,0.8,219.14133153047513,202.30966083365328,19.141331530475128,2.3096608336532825
200.0,0.8,230.64827690291125,194.31984928799702,30.64827690291125,-5.680150712002984
200.0,0.8,200.59521355225152,187.9712450909802,0.5952135522515221,-12.028754909019796
200.0,0.8,179.39657854176616,177.89406307831604,-20.60342145823384,-22.105936921683963
200.0,0.8,200.689588362196,186.2149311072487,0.6895883621959911,-13.785068892751298
200.0,0.8,188.13267028216418,180.0641011612286,-11.867329717835815,-19.935898838771408
200.0,0.8,202.40380703772382,189.251393563762,2.4038070377238228,-10.748606436237992
200.0,0.8,207.42383944400157,188.55349794430785,7.4238394440015725,-11.44650205569215
200.0,0.8,181.84442934532734,176.0470363727093,-18.15557065467266,-23.9529636272907
200.0,0.8,269.24582267328196,208.4424320828482,69.24582267328196,8.4424320828482
200.0,0.8,305.8498952401966,198.47411475193582,105.84989524019659,-1.525885248064185
200.0,0.8,198.60826508494821,188.60873980223067,-1.391734915051785,-11.391260197769327
200.0,0.8,195.60041972446342,184.5548767405241,-4.399580275536579,-15.445123259475906
200.0,0.8,166.67820505500077,166.3780020357141,-33.321794944999226,-33.621997964285896
200.0,0.8,210.99226653098935,189.26547434332352,10.992266530989355,-10.734525656676482
200.0,0.8,206.1779021054826,185.71910507417786,6.177902105482588,-14.280894925822139
200.0,0.8,213.79818730766226,190.88246142582284,13.79818730766226,-9.11753857417716
200.0,0.8,172.81700586918964,170.60456807261818,-27.182994130810357,-29.39543192738182
200.0,0.8,189.92510428155396,182.87491909752748,-10.074895718446044,-17.12508090247252
200.0,0.8,232.20648984467303,193.3057389670332,32.20648984467303,-6.694261032966807
200.0,0.8,181.9135607626145,179.04662735605854,-18.08643923738549,-20.953372643941464
200.0,0.8,251.62282842670916,199.51602304355035,51.62282842670916,-0.4839769564496521
200.0,0.8,222.77757430443282,191.24070309448112,22.777574304432818,-8.75929690551888
200.0,0.8,184.008333493494,178.062467802766,-15.991666506505993,-21.937532197233992
200.0,0.8,194.29021795552538,181.1727812681773,-5.709782044474622,-18.82721873182271
200.0,0.8,248.66730268431405,194.559331091265,48.66730268431405,-5.440668908735006
200.0,0.8,197.03892800652875,184.93192471312642,-2.9610719934712506,-15.06807528687358
200.0,0.8,188.29819082804076,180.90654990649222,-11.70180917195924,-19.093450093507784
200.0,0.8,243.85438287443193,195.5972244196424,43.854382874431934,-4.4027755803575985
200.0,0.8,247.54526690067934,190.84237582321163,47.54526690067934,-9.157624176788374
200.0,0.8,213.52711697967686,191.26107980629155,13.527116979676862,-8.738920193708452
200.0,0.8,209.835693537704,192.81214567097774,9.835693537704003,-7.187854329022258
200.0,0.8,176.46668698599603,174.98875190567003,-23.533313014003966,-25.01124809432997
200.0,0.8,200.2759718534133,183.75702110048917,0.2759718534132958,-16.24297889951083
200.0,0.8,202.30385928102763,186.3768052308296,2.303859281027627,-13.623194769170397
200.0,0.8,274.7376955160889,202.6800903089602,74.73769551608888,2.680090308960189
200.0,0.8,172.79485441664423,170.91507628584628,-27.205145583355772,-29.084923714153717
200.0,0.8,200.35997694074754,186.72507644889134,0.3599769407475435,-13.274923551108657
200.0,0.8,180.75159627875374,179.5546516346668,-19.248403721246262,-20.44534836533319
200.0,0.8,259.0123362155623,192.50570880694426,59.0123362155623,-7.494291193055744
200.0,0.8,177.8356934545216,174.61452909134064,-22.16430654547841,-25.385470908659357
200.0,0.8,210.55251396146423,184.62113071268107,10.552513961464228,-15.378869287318935
200.0,0.8,265.79861133611485,194.29876318515582,65.79861133611485,-5.701236814844179
200.0,0.8,284.5655623107564,203.0241519957422,84.56556231075638,3.024151995742187
200.0,0.8,194.07030543862638,185.67734123695178,-5.929694561373623,-14.322658763048224
200.0,0.8,283.90612604467907,198.49932886644308,83.90612604467907,-1.5006711335569207
200.0,0.8,266.26069411743043,200.7537781545656,66.26069411743043,0.7537781545655946
200.0,0.8,187.39969262210946,182.19033380586478,-12.600307377890545,-17.809666194135218
200.0,0.8,237.69866917332257,206.31794258004592,37.69866917332257,6.317942580045923
200.0,0.8,189.5639512909746,181.2393256701898,-10.436048709025414,-18.7606743298102
200.0,0.8,183.89272628889447,178.4997635278437,-16.107273711105535,-21.500236472156303
200.0,0.8,326.4834451238352,199.70870440611355,126.48344512383522,-0.29129559388644566
200.0,0.8,208.42400605078458,191.1521024266303,8.424006050784584,-8.847897573369693
200.0,0.8,166.6402974012358,166.94975089578247,-33.35970259876419,-33.05024910421753
200.0,0.8,194.58992132609572,184.09376409766512,-5.41007867390428,-15.906235902334885
200.0,0.8,221.06292267168266,190.87725072747307,21.062922671682657,-9.122749272526931
200.0,0.8,245.49061116174494,195.42686000121023,45.49061116174494,-4.57313999878977
200.0,0.8,243.1191876112581,195.87377382402153,43.1191876112581,-4.1262261759784735
200.0,0.8,205.79762599141912,187.61557833058032,5.797625991419125,-12.38442166941968
200.0,0.8,255.94108567174456,195.534910319619,55.94108567174456,-4.4650896803809985
200.0,0.8,324.1972834397537,202.9454240968499,124.19728343975368,2.945424096849905
200.0,0.8,258.27699684628686,204.88472659586466,58.27699684628686,4.884726595864663
200.0,0.8,169.94345450996087,169.79929040202325,-30.056545490039127,-30.200709597976754
200.0,0.8,235.19984246568507,196.19942188977717,35.199842465685066,-3.8005781102228298
200.0,0.8,217.45944073870484,188.15077723936884,17.459440738704842,-11.849222760631164
200.0,0.8,176.51919588718573,172.31150634900112,-23.48080411281427,-27.68849365099888
200.0,0.8,235.49825599013565,196.50078506299596,35.49825599013565,-3.499214937004041
200.0,0.8,213.64456899960265,189.16086574339678,13.644568999602654,-10.839134256603216
200.0,0.8,210.16346729816942,194.66827741638332,10.163467298169422,-5.331722583616681
200.0,0.8,266.9800158032176,197.48788674439956,66.98001580321761,-2.5121132556004397
200.0,0.8,211.69747048559165,193.98966821553657,11.697470485591651,-6.010331784463432
200.0,0.8,194.25192632556744,187.91676408074912,-5.748073674432561,-12.083235919250882
200.0,0.8,176.53271957551019,173.40102390741788,-23.467280424489815,-26.59897609258212
200.0,0.8,188.32587489138157,180.88334399062958,-11.674125108618426,-19.116656009370416
200.0,0.8,226.50477387142655,195.82969181946714,26.50477387142655,-4.170308180532857
200.0,0.8,192.79931593238672,183.67297154312746,-7.200684067613281,-16.32702845687254
200.0,0.8,189.35946526260872,182.53777267243984,-10.640534737391278,-17.462227327560157
200.0,0.8,239.06396196841152,197.4153578299425,39.06396196841152,-2.584642170057492
200.0,0.8,251.325448869046,191.74622797896393,51.325448869046,-8.25377202103607
200.0,0.8,180.6126831417971,174.978258631802,-19.387316858202894,-25.021741368198008
200.0,0.8,209.06820290690646,193.42127775603905,9.068202906906464,-6.578722243960954
200.0,0.8,352.3471226808912,208.41646252653052,152.34712268089118,8.416462526530523
200.0,0.8,177.40625228932564,175.87089062196344,-22.593747710674364,-24.12910937803656
200.0,0.8,174.5370438537535,174.81254080942642,-25.462956146246512,-25.187459190573577
200.0,0.8,200.28352973774898,182.39625793930426,0.28352973774897805,-17.603742060695737
200.0,0.8,195.03157249102324,183.18793439959825,-4.9684275089767596,-16.812065600401752
200.0,0.8,189.29533368646293,179.04508467655847,-10.704666313537075,-20.954915323441526
200.0,0.8,197.82840072919308,183.7672336652379,-2.1715992708069223,-16.23276633476209
200.0,0.8,181.258707718845,176.8368444112972,-18.741292281155012,-23.163155588702807
200.0,0.8,266.0084237243835,193.20581441306246,66.00842372438348,-6.7941855869375445
200.0,0.8,190.2466618122826,183.02504828984536,-9.75333818771739,-16.97495171015464
200.0,0.8,199.67848301495928,179.09356685503948,-0.32151698504071646,-20.906433144960516
200.0,0.8,199.06424907753774,186.39849540624374,-0.9357509224622618,-13.60150459375626
200.0,0.8,193.69428113041914,181.17452564174428,-6.305718869580858,-18.82547435825572
200.0,0.8,217.81226474486795,192.66804127384384,17.812264744867946,-7.331958726156159
200.0,0.8,249.3876532227527,194.34309427067203,49.387653222752704,-5.656905729327974
200.0,0.8,212.56460768592427,183.39068674148672,12.564607685924273,-16.609313258513282
200.0,0.8,221.80078289620764,190.12198662610894,21.800782896207636,-9.878013373891065
200.0,0.8,232.92471599071604,195.41811407298925,32.92471599071604,-4.581885927010745
200.0,0.8,196.85103242994018,185.17512845237326,-3.148967570059824,-14.824871547626742
200.0,0.8,200.59233131859588,182.81442318490846,0.5923313185958818,-17.185576815091537
200.0,0.8,188.65564954150713,184.7653265157909,-11.344350458492869,-15.234673484209111
200.0,0.8,214.52967952816314,191.91351833037012,14.529679528163143,-8.086481669629876
200.0,0.8,212.5822390796033,188.9661605600108,12.582239079603312,-11.033839439989208
200.0,0.8,211.0748220510934,191.17550998187792,11.074822051093406,-8.824490018122077
200.0,0.8,198.79446251207426,186.46642064386657,-1.2055374879257386,-13.53357935613343
200.0,0.8,188.34800627985652,178.0783831168012,-11.65199372014348,-21.921616883198794
200.0,0.8,224.7159742050345,191.87245046892403,24.715974205034513,-8.127549531075971
200.0,0.8,192.32639092184596,184.03849288141254,-7.673609078154044,-15.961507118587463
200.0,0.8,256.33739964091507,198.15420661913768,56.337399640915066,-1.8457933808623181
200.0,0.8,181.6324026560423,177.32957908077816,-18.367597343957698,-22.67042091922184
200.0,0.8,249.38475744081182,196.65603545044348,49.384757440811825,-3.3439645495565173
200.0,0.8,193.46237351062382,182.07189081998783,-6.53762648937618,-17.92810918001217
200.0,0.8,236.8381862819263,193.34566367421203,36.83818628192631,-6.654336325787966
200.0,0.8,228.59703610998935,199.9463578772823,28.597036109989347,-0.0536421227176902
200.0,0.8,195.38377398621762,183.73497276835735,-4.616226013782381,-16.265027231642648
200.0,0.8,189.89119341003595,182.02227086556906,-10.108806589964047,-17.977729134430945
200.0,0.8,270.8602811387334,199.76059491828616,70.8602811387334,-0.23940508171384067
200.0,0.8,184.76323673445037,180.09152826653002,-15.236763265549627,-19.90847173346998
200.0,0.8,221.887454153733,192.2279173994985,21.88745415373299,-7.772082600501506
200.0,0.8,184.07417068915098,178.3510927442379,-15.925829310849025,-21.64890725576211
200.0,0.8,218.3144202963138,190.18647708819373,18.314420296313813,-9.813522911806274
200.0,0.8,268.1187731968763,201.03667590499853,68.1187731968763,1.036675904998532
200.0,0.8,217.73920247982284,190.74262198664246,17.739202479822836,-9.257378013357538
200.0,0.8,173.88950989455918,173.68673088802484,-26.110490105440817,-26.31326911197516
200.0,0.8,307.89113688974044,194.73727740266054,107.89113688974044,-5.262722597339462
200.0,0.8,220.4270420990281,195.17562591240463,20.427042099028114,-4.824374087595373
200.0,0.8,190.82307441927642,184.8467819048665,-9.176925580723577,-15.153218095133496
200.0,0.8,219.8169089083458,193.8131602543861,19.816908908345795,-6.186839745613895
200.0,0.8,166.25573243597537,167.00549243839893,-33.744267564024625,-32.99450756160107
200.0,0.8,192.89460761551075,184.79647707367593,-7.1053923844892495,-15.20352292632407
200.0,0.8,195.43260751671806,183.21577294040122,-4.567392483281935,-16.784227059598777
200.0,0.8,213.65061995828606,188.53516515982005,13.650619958286057,-11.464834840179947
200.0,0.8,209.96789240455306,185.71760917549742,9.967892404553055,-14.282390824502585
200.0,0.8,212.697777507844,187.3020370813996,12.697777507843995,-12.69796291860041
200.0,0.8,179.01570544583626,177.63157225813092,-20.98429455416374,-22.368427741869084
200.0,0.8,203.42601027992748,186.63160406182712,3.426010279927482,-13.368395938172881
200.0,0.8,238.45567814734017,200.4899308183507,38.455678147340166,0.4899308183507003
200.0,0.8,179.83737920203603,178.2187633165701,-20.162620797963967,-21.78123668342991
200.0,0.8,212.07011718020223,187.06549936982435,12.070117180202232,-12.934500630175648
200.0,0.8,234.50702612825012,194.26243275932612,34.50702612825012,-5.737567240673883
200.0,0.8,218.239278042942,188.0953055186241,18.239278042942004,-11.904694481375913
200.0,0.8,201.78283191599343,184.192730488843,1.7828319159934267,-15.807269511156989
200.0,0.8,179.50805083487074,174.11569527402386,-20.491949165129256,-25.884304725976136
200.0,0.8,219.20058711717488,188.9016231245436,19.200587117174877,-11.09837687545641
200.0,0.8,189.81442824319288,179.7122380269192,-10.185571756807121,-20.28776197308079
200.0,0.8,188.0886459894566,181.3929266896234,-11.911354010543391,-18.60707331037659
200.0,0.8,240.69926759420375,191.1803125772501,40.69926759420375,-8.819687422749894
200.0,0.8,248.41373898156533,196.72581037112798,48.41373898156533,-3.2741896288720227
200.0,0.8,216.57942784857204,194.30473000128987,16.57942784857204,-5.695269998710131
200.0,0.8,176.25608693379743,173.80598049582105,-23.743913066202566,-26.194019504178954
200.0,0.8,199.23716985831913,185.64996690025282,-0.7628301416808654,-14.35003309974718
200.0,0.8,188.54009540569024,183.20400342205517,-11.459904594309762,-16.795996577944834
200.0,0.8,231.0126921920382,192.40460570754195,31.0126921920382,-7.595394292458053
200.0,0.8,209.30383935682192,188.50806861125758,9.303839356821925,-11.491931388742415
200.0,0.8,178.66801307495098,176.5319272825101,-21.331986925049023,-23.46807271748989
200.0,0.8,174.84930927813375,173.2228037385842,-25.150690721866255,-26.77719626141581
200.0,0.8,183.57908100361817,183.0617380922177,-16.42091899638183,-16.938261907782305
200.0,0.8,200.36811104270552,186.82113800180466,0.36811104270552164,-13.178861998195345
200.0,0.8,201.4359694679193,183.65518811935476,1.435969467919307,-16.34481188064524
200.0,0.8,211.49470604365015,185.87744526393922,11.494706043650154,-14.122554736060778
200.0,0.8,205.66174809007904,191.21123245308397,5.661748090079044,-8.788767546916034
200.0,0.8,190.27667599678628,181.59247932648037,-9.723324003213719,-18.407520673519628
200.0,0.8,196.76480086705658,189.7486892449711,-3.2351991329434213,-10.251310755028896
200.0,0.8,184.10978582470796,181.38560679394894,-15.890214175292044,-18.614393206051062
200.0,0.8,188.771596553764,181.88270552741733,-11.228403446236001,-18.11729447258267
200.0,0.8,199.44476135530485,181.54865053857054,-0.5552386446951516,-18.45134946142946
200.0,0.8,179.13629665382757,174.06703702907856,-20.86370334617243,-25.932962970921437
200.0,0.8,368.635743236475,195.6994608367894,168.63574323647498,-4.300539163210601
200.0,0.8,170.92661476782547,171.08081647453136,-29.07338523217453,-28.91918352546864
200.0,0.8,180.10592877255124,177.1682271883659,-19.894071227448762,-22.831772811634096
200.0,0.8,249.51108485608304,192.11605720628458,49.511084856083045,-7.88394279371542
200.0,0.8,227.26135082179397,197.83695843709202,27.261350821793968,-2.1630415629079778
200.0,0.8,236.53551793265515,194.5055489065342,36.535517932655154,-5.494451093465813
200.0,0.8,269.7577134727282,199.3391918062247,69.7577134727282,-0.6608081937752956
200.0,0.8,220.4538196283818,193.31050197100078,20.453819628381808,-6.689498028999225
200.0,0.8,176.3754272508837,174.9738009722473,-23.62457274911631,-25.02619902775271
200.0,0.8,203.16618981782986,185.5142072787694,3.16618981782986,-14.48579272123061
200.0,0.8,231.1958539852937,186.73994219585143,31.195853985293695,-13.260057804148573
200.0,0.8,183.90806357595824,183.58964374198783,-16.091936424041762,-16.410356258012172
200.0,0.8,207.0206837253803,192.61671363801833,7.020683725380309,-7.383286361981675
200.0,0.8,235.8905522975654,192.57102449635775,35.89055229756539,-7.428975503642249
200.0,0.8,256.5835631799683,194.71035955253694,56.58356317996828,-5.289640447463057
200.0,0.8,217.20693278218428,193.35872891985775,17.206932782184282,-6.641271080142246
200.0,0.8,231.75554146737852,199.75247789520876,31.75554146737852,-0.24752210479124415
200.0,0.8,603.5090756928638,215.34547867844424,403.5090756928638,15.345478678444238
200.0,0.8,188.22854112882166,181.08410315989823,-11.77145887117834,-18.915896840101766
200.0,0.8,224.65353590504714,191.29660170857994,24.653535905047136,-8.703398291420058
200.0,0.8,189.0453607819606,184.1937363492262,-10.954639218039404,-15.806263650773786
200.0,0.8,174.6297652307563,173.0629207976736,-25.370234769243694,-26.9370792023264
200.0,0.8,180.71988408163006,178.60137364318376,-19.280115918369944,-21.398626356816237
200.0,0.8,183.89351068931055,181.8155103496104,-16.106489310689454,-18.184489650389594
200.0,0.8,247.82254878762228,202.19122032615644,47.82254878762228,2.19122032615644
200.0,0.8,211.73616695090547,186.6724218792566,11.73616695090547,-13.327578120743397
200.0,0.8,390.5210963561258,187.55715979002423,190.52109635612578,-12.44284020997577
200.0,0.8,201.12891076722462,184.1825984470259,1.1289107672246246,-15.817401552974104
200.0,0.8,232.25310384229886,196.1830784720982,32.253103842298856,-3.8169215279017976
200.0,0.8,181.554455748111,177.76588731284158,-18.445544251889004,-22.234112687158415
200.0,0.8,164.19316906137823,164.0717071571603,-35.80683093862177,-35.92829284283971
200.0,0.8,196.93398613859847,178.226292702413,-3.0660138614015295,-21.77370729758701
200.0,0.8,237.093835581569,195.112051506995,37.09383558156901,-4.8879484930050126
200.0,0.8,205.6376437132862,191.2173611515004,5.637643713286195,-8.782638848499602
200.0,0.8,203.53067924845556,184.41761779716103,3.530679248455556,-15.582382202838971
200.0,0.8,184.21116014923686,180.00194129980375,-15.78883985076314,-19.998058700196253
200.0,0.8,223.1278253350504,190.90931030059755,23.127825335050403,-9.090689699402446
200.0,0.8,197.25319743765118,186.71546583959068,-2.746802562348819,-13.284534160409322
200.0,0.8,215.32838390628305,188.3122563529787,15.328383906283051,-11.687743647021307
200.0,0.8,197.4643751686103,185.54464531622753,-2.535624831389697,-14.45535468377247
200.0,0.8,196.50503393407126,183.7193275767428,-3.494966065928736,-16.280672423257187
200.0,0.8,210.25927696758768,189.46565989473828,10.259276967587681,-10.53434010526172
200.0,0.8,199.5256698470435,186.92744803537667,-0.4743301529564974,-13.07255196462333
200.0,0.8,218.41494647091596,189.60915628192453,18.414946470915964,-10.390843718075473
200.0,0.8,208.9547285569804,184.66616629591525,8.954728556980399,-15.333833704084753
200.0,0.8,281.90788825091977,206.3370932612993,81.90788825091977,6.337093261299287
200.0,0.8,212.21234126246594,190.06560043799172,12.21234126246594,-9.93439956200828
200.0,0.8,182.85698483832348,180.4041539180585,-17.143015161676516,-19.595846081941488
200.0,0.8,319.1266883219565,201.99803962976694,119.12668832195652,1.9980396297669358
200.0,0.8,280.2647771282569,200.55802588505912,80.26477712825692,0.5580258850591235
200.0,0.8,182.65026176728907,177.47650918786738,-17.349738232710934,-22.52349081213262
200.0,0.8,205.03048766772244,178.74919762546898,5.03048766772244,-21.25080237453102
200.0,0.8,178.7211636869956,179.09967384381818,-21.278836313004405,-20.90032615618182
200.0,0.8,201.5994796514176,181.27029755741165,1.599479651417596,-18.729702442588348
200.0,0.8,185.6686602689882,177.4323321390082,-14.33133973101181,-22.567667860991804
200.0,0.8,190.40439865665218,183.76640384388344,-9.595601343347823,-16.233596156116562
200.0,0.8,182.518173679657,179.2425064783439,-17.481826320343004,-20.7574935216561
200.0,0.8,248.9642456099126,199.81010955449182,48.96424560991261,-0.18989044550818335
200.0,0.8,185.27634420229498,182.3962531347404,-14.723655797705021,-17.60374686525961
200.0,0.8,203.2368329717666,186.0507813688427,3.236832971766603,-13.949218631157294
200.0,0.8,190.3161329060934,181.75267976868014,-9.6838670939066,-18.24732023131986
200.0,0.8,245.5670742986112,195.74545276868787,45.5670742986112,-4.254547231312131
200.0,0.8,168.63382203604155,170.23896419463702,-31.36617796395845,-29.76103580536298
200.0,0.8,219.20481090358587,196.12547132240397,19.204810903585866,-3.8745286775960324
200.0,0.8,198.5000019181523,185.67168082798264,-1.499998081847707,-14.328319172017359
400.0,0.2,532.8128253531099,140.38708682550993,132.81282535310993,-259.6129131744901
400.0,0.2,2999.9999221524486,133.85230220324772,2599.9999221524486,-266.14769779675225
400.0,0.2,226.56950067914227,116.4982008101539,-173.43049932085773,-283.5017991898461
400.0,0.2,2999.999923695355,129.50001281761882,2599.999923695355,-270.4999871823812
400.0,0.2,160.9674241433615,109.83043544839911,-239.0325758566385,-290.1695645516009
400.0,0.2,2999.9999242589956,126.60697770764908,2599.9999242589956,-273.3930222923509
400.0,0.2,214.10647349567805,132.36897697228932,-185.89352650432195,-267.6310230277107
400.0,0.2,283.7514439624501,128.1216629011181,-116.24855603754992,-271.8783370988819
400.0,0.2,2999.999923853975,130.1360814332861,2599.999923853975,-269.8639185667139
400.0,0.2,794.8317178818148,125.71707532983697,394.8317178818148,-274.282924670163
400.0,0.2,2999.9999166218504,128.21738078511555,2599.9999166218504,-271.78261921488445
400.0,0.2,2999.9999214794457,133.61371443445535,2599.9999214794457,-266.38628556554465
400.0,0.2,769.194771270292,120.61508987999788,369.194771270292,-279.38491012000213
400.0,0.2,706.3462844111916,123.87890975993605,306.3462844111916,-276.12109024006395
400.0,0.2,192.15256305319917,118.47187628846784,-207.84743694680083,-281.52812371153215
400.0,0.2,324.69723180201254,115.72521633594148,-75.30276819798746,-284.27478366405853
400.0,0.2,462.1475798382603,132.00757733598945,62.1475798382603,-267.9924226640105
400.0,0.2,291.83478831310174,135.20512181598,-108.16521168689826,-264.79487818402004
400.0,0.2,382.70848903969033,128.20162487434786,-17.291510960309665,-271.7983751256521
400.0,0.2,569.6860324710924,119.67837910796142,169.6860324710924,-280.3216208920386
400.0,0.2,292.23975713077044,123.50418638802063,-107.76024286922956,-276.4958136119794
400.0,0.2,1046.5073340650927,129.7120273952691,646.5073340650927,-270.2879726047309
400.0,0.2,229.61260021112076,125.2278519895843,-170.38739978887924,-274.7721480104157
400.0,0.2,403.35161398981825,124.40171960533391,3.3516139898182473,-275.59828039466606
400.0,0.2,2999.9999185723614,123.38066630343953,2599.9999185723614,-276.6193336965605
400.0,0.2,193.57778958110288,115.6148097769027,-206.42221041889712,-284.3851902230973
400.0,0.2,251.37313649327294,134.6218816035308,-148.62686350672706,-265.3781183964692
400.0,0.2,242.25765496392071,127.57435821514204,-157.74234503607929,-272.42564178485793
400.0,0.2,469.8389402587994,121.71097266773148,69.83894025879943,-278.2890273322685
400.0,0.2,333.1005923239035,131.6642102879219,-66.89940767609647,-268.3357897120781
400.0,0.2,378.7763181213241,133.0425320762485,-21.223681878675904,-266.9574679237515
400.0,0.2,251.58084302886311,126.64835461181231,-148.41915697113689,-273.3516453881877
400.0,0.2,376.4212794143323,132.60340065730057,-23.578720585667725,-267.39659934269946
400.0,0.2,2999.999925028473,132.06526711127583,2599.999925028473,-267.93473288872417
400.0,0.2,169.26518314773543,129.9218730470301,-230.73481685226457,-270.0781269529699
400.0,0.2,223.18201239354076,126.6874236870794,-176.81798760645924,-273.3125763129206
400.0,0.2,227.30635436527248,126.03611231179829,-172.69364563472752,-273.9638876882017
400.0,0.2,2999.9999151120937,131.3902324823841,2599.9999151120937,-268.60976751761586
400.0,0.2,691.3809984267912,127.61950167544471,291.38099842679117,-272.3804983245553
400.0,0.2,239.20088213949464,133.39919029873286,-160.79911786050536,-266.60080970126717
400.0,0.2,860.5240308041148,123.85317055958974,460.5240308041148,-276.1468294404103
400.0,0.2,583.4315238409393,129.0172244743599,183.43152384093935,-270.98277552564014
400.0,0.2,2999.999922702607,133.35097352996289,2599.999922702607,-266.64902647003714
400.0,0.2,308.4023826247638,129.86425066424547,-91.59761737523621,-270.13574933575455
400.0,0.2,350.97305210837123,124.60389606754704,-49.026947891628765,-275.39610393245295
400.0,0.2,362.9024699345925,130.78617102114987,-37.09753006540751,-269.21382897885013
400.0,0.2,226.1731519018897,123.51752450376179,-173.8268480981103,-276.4824754962382
400.0,0.2,337.2913230254859,131.4517468674463,-62.708676974514105,-268.54825313255367
400.0,0.2,450.0079454793477,122.75560557623967,50.00794547934771,-277.24439442376035
400.0,0.2,2999.9999234584907,137.5610959947555,2599.9999234584907,-262.43890400524447
400.0,0.2,235.82748645166524,117.55398923697868,-164.17251354833476,-282.4460107630213
400.0,0.2,294.8715856814693,123.13628525188957,-105.1284143185307,-276.8637147481104
400.0,0.2,688.1232666893792,125.9106675603815,288.1232666893792,-274.0893324396185
400.0,0.2,330.9245903102739,127.25567993025939,-69.07540968972609,-272.74432006974064
400.0,0.2,2999.999921115068,133.6571767073005,2599.999921115068,-266.3428232926995
400.0,0.2,2999.999923738147,124.40397047228304,2599.999923738147,-275.59602952771695
400.0,0.2,2999.999924132104,136.17869028212482,2599.999924132104,-263.8213097178752
400.0,0.2,709.4611586605624,125.39708387069071,309.46115866056243,-274.6029161293093
400.0,0.2,2999.9999198269115,122.55634588819217,2599.9999198269115,-277.44365411180786
400.0,0.2,2999.9999240096645,135.53066163866876,2599.9999240096645,-264.4693383613312
400.0,0.2,411.7195516065048,136.84165326314726,11.719551606504808,-263.15834673685276
400.0,0.2,2999.999921923921,132.95598764485302,2599.999921923921,-267.04401235514695
400.0,0.2,530.1832132101542,133.6614182269367,130.18321321015424,-266.3385817730633
400.0,0.2,448.07370253069837,129.6146036517376,48.07370253069837,-270.38539634826236
400.0,0.2,395.594726677159,126.95970754120366,-4.405273322841026,-273.04029245879633
400.0,0.2,293.0710028389404,125.5355485403061,-106.92899716105961,-274.4644514596939
400.0,0.2,2999.9999250980864,127.0504754968899,2599.9999250980864,-272.94952450311007
400.0,0.2,435.6237393914636,125.53511256655369,35.62373939146357,-274.4648874334463
400.0,0.2,378.7661279292611,134.1956366447978,-21.233872070738926,-265.8043633552022
400.0,0.2,1437.4725647057587,133.08787772791044,1037.4725647057587,-266.91212227208956
400.0,0.2,450.46255328030554,122.6757829490098,50.46255328030554,-277.3242170509902
400.0,0.2,2999.999925207615,137.19022702573614,2599.999925207615,-262.80977297426386
400.0,0.2,253.16837535958487,116.07920219378828,-146.83162464041513,-283.92079780621174
400.0,0.2,514.6564113163455,129.36014360395782,114.6564113163455,-270.6398563960422
400.0,0.2,444.8582346791862,119.19297284276685,44.85823467918618,-280.80702715723316
400.0,0.2,215.15298509807712,121.78934923488896,-184.84701490192288,-278.21065076511104
400.0,0.2,2999.9999221645744,133.80034267316813,2599.9999221645744,-266.19965732683187
400.0,0.2,273.62968726247095,129.23215352941398,-126.37031273752905,-270.76784647058605
400.0,0.2,218.66674659575284,125.79390781976188,-181.33325340424716,-274.2060921802381
400.0,0.2,2999.9999216454457,127.99663711206969,2599.9999216454457,-272.0033628879303
400.0,0.2,2999.99992192024,127.39304528434975,2599.99992192024,-272.60695471565026
400.0,0.2,2999.9999224262224,131.82956932321008,2599.9999224262224,-268.1704306767899
400.0,0.2,231.41508156397768,134.6098893291324,-168.58491843602232,-265.3901106708676
400.0,0.2,581.7156105516926,133.26588282854377,181.71561055169263,-266.7341171714562
400.0,0.2,2999.9999206335715,141.15699381853153,2599.9999206335715,-258.84300618146847
400.0,0.2,2999.9999211955105,129.9879802178576,2599.9999211955105,-270.0120197821424
400.0,0.2,2999.999923638558,141.39148636742343,2599.999923638558,-258.60851363257655
400.0,0.2,515.2179712074266,124.11931606432877,115.21797120742656,-275.88068393567124
400.0,0.2,2999.9999225360075,124.96037622912068,2599.9999225360075,-275.0396237708793
400.0,0.2,266.4647582242697,121.15114224576035,-133.5352417757303,-278.84885775423965
400.0,0.2,588.2503091889904,124.99556997921843,188.2503091889904,-275.00443002078157
400.0,0.2,2999.9999232333953,123.33370519884566,2599.9999232333953,-276.6662948011543
400.0,0.2,284.05132617263433,123.55678718681365,-115.94867382736567,-276.44321281318634
400.0,0.2,2999.9999187464045,129.2127189108773,2599.9999187464045,-270.7872810891227
400.0,0.2,359.25334867111593,132.05767761745733,-40.74665132888407,-267.94232238254267
400.0,0.2,255.03762195156534,137.87607777599501,-144.96237804843466,-262.123922224005
400.0,0.2,633.5776803094283,114.76053656295463,233.57768030942827,-285.2394634370454
400.0,0.2,278.745757829896,127.14997117067722,-121.25424217010402,-272.8500288293228
400.0,0.2,255.57846457657553,117.86080363317674,-144.42153542342447,-282.1391963668233
400.0,0.2,417.5203729476915,130.85342318161392,17.5203729476915,-269.14657681838605
400.0,0.2,230.56022610454212,121.38869160633664,-169.43977389545788,-278.61130839366336
400.0,0.2,789.6839851076356,133.12738736290754,389.68398510763564,-266.87261263709246
400.0,0.2,757.0818889256319,142.76944775810472,357.0818889256319,-257.2305522418953
400.0,0.2,2999.999921288554,135.37862713214312,2599.999921288554,-264.62137286785685
400.0,0.2,2999.999921662541,117.61925765018134,2599.999921662541,-282.38074234981866
400.0,0.2,776.2237099743522,121.34644127694436,376.22370997435223,-278.65355872305565
400.0,0.2,333.5986344126583,131.27626323354005,-66.40136558734167,-268.72373676646
400.0,0.2,2999.9999239224553,136.699827491306,2599.9999239224553,-263.300172508694
400.0,0.2,433.1992429763719,131.88704648381633,33.19924297637192,-268.11295351618367
400.0,0.2,295.4452802922976,119.47419197905346,-104.55471970770242,-280.52580802094656
400.0,0.2,231.82715852670634,128.6398185275216,-168.17284147329366,-271.3601814724784
400.0,0.2,236.6733039663243,120.85468324657977,-163.3266960336757,-279.1453167534202
400.0,0.2,182.65425349567923,122.43928167385872,-217.34574650432077,-277.5607183261413
400.0,0.2,220.08572993601194,119.90248058999514,-179.91427006398806,-280.09751941000485
400.0,0.2,2999.9999196866775,127.9073722079186,2599.9999196866775,-272.09262779208143
400.0,0.2,194.23763070753762,125.58018871094403,-205.76236929246238,-274.419811289056
400.0,0.2,235.3804744531667,120.07771312366228,-164.6195255468333,-279.9222868763377
400.0,0.2,2999.999917033975,118.68335829879636,2599.999917033975,-281.31664170120365
400.0,0.2,808.6424520338895,133.711218503909,408.6424520338895,-266.288781496091
400.0,0.2,270.59940057652005,123.01123022715518,-129.40059942347995,-276.9887697728448
400.0,0.2,261.96868058374145,122.30296787928367,-138.03131941625855,-277.69703212071636
400.0,0.2,370.4628700208037,123.5876523961886,-29.537129979196322,-276.4123476038114
400.0,0.2,308.2353399679474,128.15386589574842,-91.76466003205257,-271.8461341042516
400.0,0.2,2999.9999104395765,123.42973259716167,2599.9999104395765,-276.57026740283834
400.0,0.2,2999.9999233690637,119.54220050311348,2599.9999233690637,-280.45779949688654
400.0,0.2,232.0103746583298,124.6323446679399,-167.9896253416702,-275.3676553320601
400.0,0.2,194.8596188630128,132.997831465236,-205.1403811369872,-267.002168534764
400.0,0.2,952.8950975171986,122.62973423822443,552.8950975171986,-277.37026576177556
400.0,0.2,2999.9999174185564,123.12880193745585,2599.9999174185564,-276.8711980625442
400.0,0.2,2999.999923443549,123.7020101978506,2599.999923443549,-276.2979898021494
400.0,0.2,290.75317026019366,125.52306414464915,-109.24682973980634,-274.47693585535086
400.0,0.2,298.3847605180744,126.966102054706,-101.61523948192558,-273.03389794529403
400.0,0.2,2999.999924073041,120.99284031149853,2599.999924073041,-279.0071596885015
400.0,0.2,222.47629074736255,128.1095918946164,-177.52370925263745,-271.8904081053836
400.0,0.2,215.36287008588675,123.22215013243105,-184.63712991411325,-276.77784986756893
400.0,0.2,407.9019779595902,126.81890253817522,7.901977959590226,-273.1810974618248
400.0,0.2,2999.999924372713,123.16904211825671,2599.999924372713,-276.8309578817433
400.0,0.2,679.7403735743984,124.27996089260306,279.7403735743984,-275.72003910739693
400.0,0.2,197.30684255593806,125.33082559475034,-202.69315744406194,-274.6691744052497
400.0,0.2,2999.9999207501332,121.03035423695319,2599.9999207501332,-278.9696457630468
400.0,0.2,2999.9999229547548,129.52667874961958,2599.9999229547548,-270.4733212503804
400.0,0.2,278.8370922827372,132.4248114718903,-121.16290771726278,-267.5751885281097
400.0,0.2,304.11625926094206,115.63098729735874,-95.88374073905794,-284.36901270264127
400.0,0.2,276.5570027606155,119.84878787382597,-123.44299723938451,-280.151212126174
400.0,0.2,281.51037019143286,127.52800135675818,-118.48962980856714,-272.4719986432418
400.0,0.2,520.5717917054849,129.30811398847538,120.57179170548488,-270.6918860115246
400.0,0.2,228.82506849823798,117.15660431081665,-171.17493150176202,-282.84339568918335
400.0,0.2,197.7815580244926,128.6651001507861,-202.2184419755074,-271.3348998492139
400.0,0.2,2999.9999214957647,122.3435947465124,2599.9999214957647,-277.6564052534876
400.0,0.2,251.19303845452973,123.44135752074692,-148.80696154547027,-276.5586424792531
400.0,0.2,225.03888760399977,120.83174753656056,-174.96111239600023,-279.16825246343944
400.0,0.2,1313.5927249240233,137.07292300023107,913.5927249240233,-262.92707699976893
400.0,0.2,140.7550939464718,117.74962314871367,-259.2449060535282,-282.2503768512863
400.0,0.2,312.6955765223013,126.4846194555316,-87.30442347769872,-273.51538054446837
400.0,0.2,2999.999922713248,132.84523561137428,2599.999922713248,-267.1547643886257
400.0,0.2,2999.999921976164,130.5613259844968,2599.999921976164,-269.43867401550324
400.0,0.2,2999.9999202014783,130.41914205403685,2599.9999202014783,-269.58085794596315
400.0,0.2,394.0184464299877,119.73024246196893,-5.981553570012295,-280.26975753803106
400.0,0.2,2999.9999231211655,127.61638444832205,2599.9999231211655,-272.38361555167796
400.0,0.2,582.7002402939053,131.40852504458832,182.70024029390527,-268.5914749554117
400.0,0.2,249.7528267879592,118.12427854718845,-150.2471732120408,-281.87572145281155
400.0,0.2,2999.999919607406,123.34185343685525,2599.999919607406,-276.6581465631448
400.0,0.2,2999.999921498534,139.48653713348202,2599.999921498534,-260.513462866518
400.0,0.2,159.9033656844915,120.5414090807912,-240.0966343155085,-279.4585909192088
400.0,0.2,2999.999924549899,126.26974389817066,2599.999924549899,-273.73025610182935
400.0,0.2,186.77987441103875,120.56109371427233,-213.22012558896125,-279.4389062857277
400.0,0.2,2999.9999234255456,131.16025929861502,2599.9999234255456,-268.839740701385
400.0,0.2,210.02959675859486,131.31270032506413,-189.97040324140514,-268.68729967493584
400.0,0.2,276.6866835480711,127.22834400784024,-123.31331645192893,-272.77165599215976
400.0,0.2,185.40136568357036,121.42949421059708,-214.59863431642964,-278.5705057894029
400.0,0.2,2999.9999198120126,124.32205585590025,2599.9999198120126,-275.67794414409974
400.0,0.2,249.30249421678786,124.93264930905454,-150.69750578321214,-275.06735069094543
400.0,0.2,337.0723925018032,124.14176734790917,-62.92760749819678,-275.8582326520908
400.0,0.2,2999.9999221911557,127.80713127902358,2599.9999221911557,-272.19286872097643
400.0,0.2,323.3884940550715,133.92272654539346,-76.61150594492852,-266.07727345460654
400.0,0.2,472.17080377525224,130.61391084692707,72.17080377525224,-269.38608915307293
400.0,0.2,251.12936967360508,125.69677662196449,-148.87063032639492,-274.3032233780355
400.0,0.2,252.18624284749427,123.3302818088629,-147.81375715250573,-276.6697181911371
400.0,0.2,324.2942412274048,133.1959571767185,-75.70575877259517,-266.8040428232815
400.0,0.2,488.38950917987347,123.06690330135558,88.38950917987347,-276.9330966986444
400.0,0.2,1022.578218722002,128.4224794090376,622.578218722002,-271.5775205909624
400.0,0.2,2999.9999245876297,126.89338039764979,2599.9999245876297,-273.1066196023502
400.0,0.2,188.1290296018454,126.57587731785992,-211.8709703981546,-273.4241226821401
400.0,0.2,185.64138116086042,116.22152977518157,-214.35861883913958,-283.7784702248184
400.0,0.2,2999.999917230131,129.82886821682467,2599.999917230131,-270.1711317831753
400.0,0.2,294.9910990827815,120.05875454110735,-105.00890091721851,-279.94124545889264
400.0,0.2,2999.9999236251524,139.67078017834996,2599.9999236251524,-260.32921982165004
400.0,0.2,254.56399836798226,122.09715831303062,-145.43600163201774,-277.9028416869694
400.0,0.2,2999.9999233118083,121.07914817598625,2599.9999233118083,-278.92085182401377
400.0,0.2,2999.9999206260154,133.85283862602387,2599.9999206260154,-266.14716137397613
400.0,0.2,2999.999925026483,134.47815551829473,2599.999925026483,-265.5218444817053
400.0,0.2,210.79681427925104,126.00153260403557,-189.20318572074896,-273.99846739596444
400.0,0.2,2999.9999104395765,126.17348182430048,2599.9999104395765,-273.8265181756995
400.0,0.2,233.3567674768466,120.49782936128857,-166.6432325231534,-279.50217063871145
400.0,0.2,589.1697166899091,134.15640080486182,189.16971668990914,-265.84359919513815
400.0,0.2,213.37729585663848,126.58014619722002,-186.62270414336152,-273.41985380278
400.0,0.2,2999.9999214736467,133.6760711964669,2599.9999214736467,-266.32392880353314
400.0,0.2,209.42020651683757,122.59927514444952,-190.57979348316243,-277.4007248555505
400.0,0.2,2999.9999197531097,130.48064337015327,2599.9999197531097,-269.5193566298467
400.0,0.2,513.9599791549663,125.79273464184345,113.95997915496628,-274.2072653581565
400.0,0.2,243.02788232672464,124.62688722810441,-156.97211767327536,-275.3731127718956
400.0,0.2,2999.9999104395765,130.49287133199653,2599.9999104395765,-269.5071286680035
400.0,0.2,1048.8415036765916,130.4282904599818,648.8415036765916,-269.5717095400182
400.0,0.2,255.20528369654386,118.41513953137837,-144.79471630345614,-281.5848604686216
400.0,0.2,528.7590459974238,124.11066743321014,128.75904599742375,-275.88933256678985
400.0,0.2,2999.9999211059617,120.02070039867573,2599.9999211059617,-279.97929960132427
400.0,0.2,212.22360932545294,129.7063012662294,-187.77639067454706,-270.2936987337706
400.0,0.2,603.8216771481285,131.58069150747303,203.82167714812852,-268.41930849252697
400.0,0.2,2999.999923439583,134.68301741529083,2599.999923439583,-265.3169825847092
400.0,0.2,366.7731678066337,113.57188882203947,-33.226832193366306,-286.42811117796055
400.0,0.2,449.3687503433151,131.70290374091707,49.36875034331513,-268.29709625908293
400.0,0.2,2999.9999233838553,138.17455286926102,2599.9999233838553,-261.825447130739
400.0,0.2,200.3999412048441,121.3595740863108,-199.6000587951559,-278.6404259136892
400.0,0.2,2999.9999238258733,140.12290172836035,2599.9999238258733,-259.8770982716396
400.0,0.2,2999.999924548494,130.19225261122548,2599.999924548494,-269.8077473887745
400.0,0.2,206.6082777032425,128.01262440162,-193.3917222967575,-271.98737559838
400.0,0.2,2999.9999234532747,124.77453646778481,2599.9999234532747,-275.2254635322152
400.0,0.2,233.22536424783314,118.1671299604512,-166.77463575216686,-281.83287003954877
400.0,0.2,232.56728907974457,132.26333324272215,-167.43271092025543,-267.7366667572778
400.0,0.2,205.1971960557381,113.00627545052423,-194.8028039442619,-286.99372454947576
400.0,0.2,176.97878079384677,119.80704848166084,-223.02121920615323,-280.19295151833916
400.0,0.2,273.42394816955135,125.51900187153875,-126.57605183044865,-274.48099812846124
400.0,0.2,436.42008501410334,122.47575448313931,36.420085014103336,-277.5242455168607
400.0,0.2,1071.8843083649535,115.0501608772661,671.8843083649535,-284.9498391227339
400.0,0.2,2999.999924395672,125.76373579412152,2599.999924395672,-274.23626420587846
400.0,0.2,2999.99992491677,136.94945916644033,2599.99992491677,-263.0505408335597
400.0,0.2,242.84199939324293,127.5870138285796,-157.15800060675707,-272.4129861714204
400.0,0.2,2999.999912948981,120.63952319850118,2599.999912948981,-279.3604768014988
400.0,0.2,227.88784294722294,115.7503949588697,-172.11215705277706,-284.2496050411303
400.0,0.2,2999.999924611568,132.29241385575227,2599.999924611568,-267.7075861442477
400.0,0.2,189.06963879369556,123.77449235891105,-210.93036120630444,-276.22550764108894
400.0,0.2,2999.9999142380652,126.64952184608234,2599.9999142380652,-273.35047815391766
400.0,0.2,2999.9999172749626,134.09263849379647,2599.9999172749626,-265.90736150620353
400.0,0.2,447.4926867495648,122.57451093860573,47.492686749564825,-277.4254890613943
400.0,0.2,616.4764851376625,117.67882087293134,216.4764851376625,-282.32117912706866
400.0,0.2,2999.999916529795,120.10518906758884,2599.999916529795,-279.89481093241113
400.0,0.2,175.5697406954685,133.5271971571738,-224.4302593045315,-266.47280284282624
400.0,0.2,405.1191757617918,124.7855146431586,5.11917576179178,-275.2144853568414
400.0,0.2,2999.999923784502,121.97770614604833,2599.999923784502,-278.0222938539517
400.0,0.2,187.53271645897098,136.369434172692,-212.46728354102902,-263.63056582730803
400.0,0.2,2999.999924084433,130.7526795260381,2599.999924084433,-269.2473204739619
400.0,0.2,2999.9999239122358,128.4222738300195,2599.9999239122358,-271.5777261699805
400.0,0.2,157.69313447638038,120.98591104403944,-242.30686552361962,-279.0140889559606
400.0,0.2,2999.99992088884,124.75925417108938,2599.99992088884,-275.24074582891063
400.0,0.2,308.7804499453461,131.10540158908907,-91.2195500546539,-268.89459841091093
400.0,0.2,541.0118252181888,125.6385685474308,141.01182521818885,-274.3614314525692
400.0,0.2,2999.9999104395765,133.4536383414354,2599.9999104395765,-266.5463616585646
400.0,0.2,388.7788342483237,120.75891041995796,-11.221165751676324,-279.24108958004206
400.0,0.2,2999.9999222101815,122.94888358839748,2599.9999222101815,-277.0511164116025
400.0,0.2,720.276274440474,123.88091595424156,320.276274440474,-276.1190840457584
400.0,0.2,2999.99991297497,122.19985536427554,2599.99991297497,-277.80014463572445
400.0,0.2,222.55745205618263,129.0397571710559,-177.44254794381737,-270.9602428289441
400.0,0.2,387.8119802539613,123.80351086029046,-12.18801974603872,-276.19648913970957
400.0,0.2,253.13774157225745,125.08324916252239,-146.86225842774255,-274.9167508374776
400.0,0.2,252.0415315569874,115.01380475310135,-147.9584684430126,-284.98619524689866
400.0,0.2,2999.999923226743,128.7135986516347,2599.999923226743,-271.2864013483653
400.0,0.2,2999.999924289382,115.63217809953596,2599.999924289382,-284.36782190046404
400.0,0.2,2999.9999153800136,132.33661457686534,2599.9999153800136,-267.6633854231346
400.0,0.2,167.75419122558435,114.04157528520099,-232.24580877441565,-285.958424714799
400.0,0.2,2999.9999104395765,130.0852610580946,2599.9999104395765,-269.9147389419054
400.0,0.2,290.9154542973312,128.94343421602838,-109.08454570266878,-271.0565657839716
400.0,0.2,269.2243260678798,124.47959448371533,-130.77567393212018,-275.52040551628465
400.0,0.2,287.1546817653682,132.32685223099568,-112.8453182346318,-267.67314776900434
400.0,0.2,2999.9999231074444,131.46337619962955,2599.9999231074444,-268.5366238003704
400.0,0.2,2999.9999233712556,127.21033100823969,2599.9999233712556,-272.7896689917603
400.0,0.2,524.6273322350563,134.5504373209983,124.62733223505631,-265.4495626790017
400.0,0.2,197.58555050518888,127.24080699166828,-202.41444949481112,-272.75919300833175
400.0,0.2,607.127606546603,127.92951767600655,207.12760654660303,-272.0704823239935
400.0,0.2,291.3726929213545,130.22865705883314,-108.62730707864552,-269.77134294116684
400.0,0.2,2999.999922520997,134.15984983683703,2599.999922520997,-265.840150163163
400.0,0.2,256.323583352721,134.84193210733855,-143.67641664727898,-265.15806789266145
400.0,0.2,2999.999924061034,133.13566028718986,2599.999924061034,-266.86433971281014
400.0,0.2,579.9899426537041,124.19128445992357,179.98994265370413,-275.80871554007643
400.0,0.2,223.80655223655944,120.9786361839622,-176.19344776344056,-279.0213638160378
400.0,0.2,2999.9999236417225,116.16833677014581,2599.9999236417225,-283.8316632298542
400.0,0.2,149.16949003191297,113.94532339187711,-250.83050996808703,-286.0546766081229
400.0,0.2,181.24904616843193,124.11852164856974,-218.75095383156807,-275.88147835143025
400.0,0.2,204.54888808475405,130.72848781341006,-195.45111191524595,-269.2715121865899
400.0,0.2,148.6932432653094,119.62039464612238,-251.3067567346906,-280.37960535387765
400.0,0.2,2999.9999104395765,124.3185956298382,2599.9999104395765,-275.6814043701618
400.0,0.2,2999.999923815174,132.81694639750322,2599.999923815174,-267.1830536024968
400.0,0.2,2999.9999104395765,132.22322763019636,2599.9999104395765,-267.77677236980367
400.0,0.2,167.33658138298665,126.26325377183151,-232.66341861701335,-273.7367462281685
400.0,0.2,278.1790006938396,131.37334218884885,-121.82099930616039,-268.6266578111512
400.0,0.2,266.58739047264595,123.57287937319607,-133.41260952735405,-276.4271206268039
400.0,0.2,240.90406382354678,124.02264354742461,-159.09593617645322,-275.9773564525754
400.0,0.2,227.30322845475013,120.9347234981968,-172.69677154524987,-279.06527650180317
400.0,0.2,236.1394123308412,129.9210761112463,-163.8605876691588,-270.0789238887537
400.0,0.2,369.0955163932545,112.76144485570833,-30.904483606745487,-287.2385551442917
400.0,0.2,787.3238861963306,124.17214076035104,387.3238861963306,-275.82785923964894
400.0,0.2,2999.9999224802814,129.96558414144835,2599.9999224802814,-270.03441585855165
400.0,0.2,238.18233586377494,126.50158646363131,-161.81766413622506,-273.4984135363687
400.0,0.2,410.666729221269,132.46401950202767,10.666729221269009,-267.53598049797233
400.0,0.2,171.04556009269305,123.07272441087409,-228.95443990730695,-276.9272755891259
400.0,0.2,2999.99991964808,131.97430998458032,2599.99991964808,-268.0256900154197
400.0,0.2,2104.158349090684,118.51714467358154,1704.1583490906842,-281.4828553264185
400.0,0.2,2999.9999229214554,132.29194477540102,2599.9999229214554,-267.708055224599
400.0,0.2,187.6962782736273,128.46316036665792,-212.3037217263727,-271.5368396333421
400.0,0.2,2999.9999104395765,130.92189972726882,2599.9999104395765,-269.07810027273115
400.0,0.2,2999.99991966909,129.87048120878575,2599.99991966909,-270.12951879121425
400.0,0.4,503.67777207412405,220.34982500766168,103.67777207412405,-179.65017499233832
400.0,0.4,330.8501394870154,214.39736157587896,-69.14986051298462,-185.60263842412104
400.0,0.4,445.0321135209473,221.39107990207808,45.03211352094729,-178.60892009792192
400.0,0.4,2999.9999153157305,234.19446393455786,2599.9999153157305,-165.80553606544214
400.0,0.4,283.6873059699411,214.5713436717448,-116.31269403005888,-185.4286563282552
400.0,0.4,2999.9999208237728,235.756328590923,2599.9999208237728,-164.243671409077
400.0,0.4,290.48098336601214,213.13679588958232,-109.51901663398786,-186.86320411041768
400.0,0.4,927.6735075032633,228.7653902791446,527.6735075032633,-171.2346097208554
400.0,0.4,364.79238449025223,216.26754962747657,-35.20761550974777,-183.73245037252343
400.0,0.4,343.70786970837173,218.65317002663892,-56.29213029162827,-181.34682997336108
400.0,0.4,447.4640493567854,223.09524447143727,47.46404935678538,-176.90475552856273
400.0,0.4,370.1699982398851,222.73918070574166,-29.830001760114897,-177.26081929425834
400.0,0.4,691.2014751229807,217.8110013640505,291.2014751229807,-182.1889986359495
400.0,0.4,321.285891057041,222.19997926410952,-78.714108942959,-177.80002073589048
400.0,0.4,382.1836596599871,218.16033013676886,-17.816340340012914,-181.83966986323114
400.0,0.4,773.2677838228617,217.69827859922233,373.2677838228617,-182.30172140077767
400.0,0.4,337.4543208115686,221.707452863418,-62.54567918843139,-178.292547136582
400.0,0.4,412.0465615925188,216.5990845648959,12.046561592518799,-183.4009154351041
400.0,0.4,289.7420897300882,212.8123667555003,-110.2579102699118,-187.1876332444997
400.0,0.4,257.1559216486723,213.2113225700912,-142.8440783513277,-186.7886774299088
400.0,0.4,281.3472246058053,214.31639885481462,-118.65277539419469,-185.68360114518538
400.0,0.4,312.03010933778353,217.66700100021572,-87.96989066221647,-182.33299899978428
400.0,0.4,379.929735200844,224.15267714383526,-20.070264799156007,-175.84732285616474
400.0,0.4,327.47210796589206,218.2948131692572,-72.52789203410794,-181.7051868307428
400.0,0.4,498.7947467457219,224.56157941537788,98.79474674572191,-175.43842058462212
400.0,0.4,2999.9999115293303,230.4236693079474,2599.9999115293303,-169.5763306920526
400.0,0.4,330.5897838684737,212.76184992061678,-69.41021613152628,-187.23815007938322
400.0,0.4,435.1607490331676,226.83758075995715,35.160749033167576,-173.16241924004285
400.0,0.4,2999.999920703581,225.7721205182071,2599.999920703581,-174.2278794817929
400.0,0.4,330.41214583135314,213.58179875619905,-69.58785416864686,-186.41820124380095
400.0,0.4,458.2404538427092,215.90030085834147,58.2404538427092,-184.09969914165853
400.0,0.4,371.38909890671226,223.0567045985551,-28.610901093287737,-176.9432954014449
400.0,0.4,412.9754899646497,227.90768630750554,12.975489964649682,-172.09231369249446
400.0,0.4,904.9619582775639,220.35251208310325,504.9619582775639,-179.64748791689675
400.0,0.4,316.1788630689904,222.67566389010312,-83.82113693100962,-177.32433610989688
400.0,0.4,2999.999911675009,222.5923860458322,2599.999911675009,-177.4076139541678
400.0,0.4,341.25582188482855,220.61687098691124,-58.74417811517145,-179.38312901308876
400.0,0.4,355.5433343331628,224.52815927289515,-44.45666566683718,-175.47184072710485
400.0,0.4,1214.3877293689416,230.2746768081741,814.3877293689416,-169.7253231918259
400.0,0.4,332.6321738765391,215.26672829139275,-67.36782612346087,-184.73327170860725
400.0,0.4,270.0350343938723,217.91508327835524,-129.9649656061277,-182.08491672164476
400.0,0.4,2999.999919496995,232.0449090919073,2599.999919496995,-167.9550909080927
400.0,0.4,322.38651514138917,218.13836416842582,-77.61348485861083,-181.86163583157418
400.0,0.4,303.7061346553069,218.54709354353747,-96.29386534469307,-181.45290645646253
400.0,0.4,654.8923791816787,223.23321507623615,254.89237918167873,-176.76678492376385
400.0,0.4,2999.9999196907297,234.02308872420096,2599.9999196907297,-165.97691127579904
400.0,0.4,662.1462993892401,223.33521631147448,262.1462993892401,-176.66478368852552
400.0,0.4,244.33528806940413,203.97546843379217,-155.66471193059587,-196.02453156620783
400.0,0.4,663.8380694534171,219.62143713973882,263.8380694534171,-180.37856286026118
400.0,0.4,393.8862808942208,213.7163236973854,-6.113719105779182,-186.2836763026146
400.0,0.4,284.4146009322632,209.22795019348337,-115.58539906773677,-190.77204980651663
400.0,0.4,332.56837049033953,223.65067840764058,-67.43162950966047,-176.34932159235942
400.0,0.4,268.22952319260946,215.9269608686146,-131.77047680739054,-184.0730391313854
400.0,0.4,2999.999918361767,229.52365471245582,2599.999918361767,-170.47634528754418
400.0,0.4,351.26630224987025,222.44336774301667,-48.73369775012975,-177.55663225698333
400.0,0.4,437.3903776202927,228.3286476872347,37.390377620292725,-171.6713523127653
400.0,0.4,422.384884164619,220.9218115937941,22.384884164618995,-179.0781884062059
400.0,0.4,2999.999921070793,233.80303482332374,2599.999921070793,-166.19696517667626
400.0,0.4,227.6329949516384,198.4457129329279,-172.3670050483616,-201.5542870670721
400.0,0.4,2999.999919989859,226.3696569133456,2599.999919989859,-173.6303430866544
400.0,0.4,326.0733703120432,216.52582698784633,-73.92662968795679,-183.47417301215367
400.0,0.4,315.1543467438746,211.0695237531722,-84.84565325612539,-188.9304762468278
400.0,0.4,541.2339983050955,229.78306208266838,141.2339983050955,-170.21693791733162
400.0,0.4,279.227872131786,214.06335912734946,-120.772127868214,-185.93664087265054
400.0,0.4,2999.9999199526355,229.1825062988782,2599.9999199526355,-170.8174937011218
400.0,0.4,2999.9999215031366,229.24633340669382,2599.9999215031366,-170.75366659330618
400.0,0.4,256.2164236582292,212.38907182134008,-143.7835763417708,-187.61092817865992
400.0,0.4,245.29501271954723,213.0108549681247,-154.70498728045277,-186.9891450318753
400.0,0.4,461.20760467964794,227.43588926105477,61.20760467964794,-172.56411073894523
400.0,0.4,466.5519005345855,211.44610893986464,66.55190053458551,-188.55389106013536
400.0,0.4,296.21038727476156,217.94213575706038,-103.78961272523844,-182.05786424293962
400.0,0.4,416.55221455172244,230.49479757861562,16.552214551722443,-169.50520242138438
400.0,0.4,414.7412424931666,218.6592731646113,14.741242493166624,-181.3407268353887
400.0,0.4,738.4030035288067,230.6204444771434,338.4030035288067,-169.3795555228566
400.0,0.4,257.28249489119224,207.1028245823587,-142.71750510880776,-192.8971754176413
400.0,0.4,946.1955278661275,225.88893366471018,546.1955278661275,-174.11106633528982
400.0,0.4,1143.1070467427357,225.3373289405327,743.1070467427357,-174.6626710594673
400.0,0.4,291.2456167259563,217.6643131239343,-108.75438327404368,-182.3356868760657
400.0,0.4,2999.999917219282,226.58698755159494,2599.999917219282,-173.41301244840506
400.0,0.4,820.1956064475606,229.7749855368646,420.19560644756064,-170.2250144631354
400.0,0.4,561.1705677448962,220.5087294856663,161.17056774489618,-179.4912705143337
400.0,0.4,2999.999921547358,228.88793137980304,2599.999921547358,-171.11206862019696
400.0,0.4,245.9438486836056,203.8591280293165,-154.0561513163944,-196.1408719706835
400.0,0.4,2999.999918930804,221.8018786483944,2599.999918930804,-178.1981213516056
400.0,0.4,303.6476249268918,213.80164918440224,-96.35237507310819,-186.19835081559776
400.0,0.4,242.50477928175277,206.99748973521193,-157.49522071824723,-193.00251026478807
400.0,0.4,2999.9999187604067,226.3832080951976,2599.9999187604067,-173.6167919048024
400.0,0.4,402.82176423460265,219.3175677573133,2.8217642346026537,-180.6824322426867
400.0,0.4,2999.9999175923576,240.34685599594815,2599.9999175923576,-159.65314400405185
400.0,0.4,398.73314652312285,222.0762755095214,-1.2668534768771451,-177.9237244904786
400.0,0.4,2999.99991608238,232.7024602334941,2599.99991608238,-167.2975397665059
400.0,0.4,442.6386813096219,227.26754377639384,42.638681309621916,-172.73245622360616
400.0,0.4,2999.999910973653,234.00659294777722,2599.999910973653,-165.99340705222278
400.0,0.4,375.4445429885746,225.6926988780608,-24.555457011425403,-174.3073011219392
400.0,0.4,345.65404081512,222.92829346783026,-54.34595918487997,-177.07170653216974
400.0,0.4,256.7965575370006,220.1029327218354,-143.20344246299942,-179.8970672781646
400.0,0.4,288.9807623075382,212.28165111522014,-111.01923769246179,-187.71834888477986
400.0,0.4,289.6258406874378,213.2030406348894,-110.3741593125622,-186.7969593651106
400.0,0.4,286.4376709575752,215.72272825823464,-113.56232904242478,-184.27727174176536
400.0,0.4,327.58883160112833,210.4722995796114,-72.41116839887167,-189.5277004203886
400.0,0.4,324.19998380341764,207.68692328645858,-75.80001619658236,-192.31307671354142
400.0,0.4,388.80339105982097,226.00455798140317,-11.196608940179033,-173.99544201859683
400.0,0.4,612.8083299223599,224.26591138909512,212.80832992235992,-175.73408861090488
400.0,0.4,707.7940590065357,221.89865454007804,307.7940590065357,-178.10134545992196
400.0,0.4,2999.9999210898736,220.77511528198136,2599.9999210898736,-179.22488471801864
400.0,0.4,453.2629997872914,217.1351189605811,53.26299978729139,-182.8648810394189
400.0,0.4,324.0601972575734,216.9042705541616,-75.9398027424266,-183.0957294458384
400.0,0.4,329.66440760663124,217.74251399514498,-70.33559239336876,-182.25748600485502
400.0,0.4,2999.999917106366,233.24621128108586,2599.999917106366,-166.75378871891414
400.0,0.4,279.9421769519447,218.26401416530183,-120.0578230480553,-181.73598583469817
400.0,0.4,365.681052591303,221.40842566330917,-34.318947408697,-178.59157433669083
400.0,0.4,234.23288039474622,209.06391780021218,-165.76711960525378,-190.93608219978782
400.0,0.4,2999.9999214893082,228.95933758425633,2599.9999214893082,-171.04066241574367
400.0,0.4,276.04107824047543,218.06105355463922,-123.95892175952457,-181.93894644536078
400.0,0.4,315.613320659985,218.20648363129737,-84.38667934001501,-181.79351636870263
400.0,0.4,2999.9999180907184,233.04424060164806,2599.9999180907184,-166.95575939835194
400.0,0.4,479.7601740608121,234.63128793339558,79.76017406081212,-165.36871206660442
400.0,0.4,2999.999920418596,232.0421515704754,2599.999920418596,-167.9578484295246
400.0,0.4,357.8136842590161,221.14380199735106,-42.1863157409839,-178.85619800264894
400.0,0.4,2999.9999104395765,224.75158838103783,2599.9999104395765,-175.24841161896217
400.0,0.4,593.1891441526319,221.13858861916754,193.1891441526319,-178.86141138083246
400.0,0.4,2999.9999191482075,218.95073331346867,2599.9999191482075,-181.04926668653133
400.0,0.4,338.4689817826713,215.88810400023976,-61.53101821732872,-184.11189599976024
400.0,0.4,601.4571131087203,224.1276874464999,201.45711310872025,-175.8723125535001
400.0,0.4,343.32110410226346,216.1470452706571,-56.67889589773654,-183.8529547293429
400.0,0.4,536.8135083451731,218.55917917405893,136.8135083451731,-181.44082082594107
400.0,0.4,448.71601451601197,224.045023221503,48.71601451601197,-175.954976778497
400.0,0.4,312.5075575904241,214.12578189836734,-87.49244240957592,-185.87421810163266
400.0,0.4,218.2117970110242,196.27357896789505,-181.7882029889758,-203.72642103210495
400.0,0.4,502.21629941264916,223.12241103937995,102.21629941264916,-176.87758896062005
400.0,0.4,425.5071209155906,224.60483631542468,25.507120915590576,-175.39516368457532
400.0,0.4,306.0553245881705,213.22200591584354,-93.94467541182951,-186.77799408415646
400.0,0.4,309.1174444833032,218.34565278822706,-90.88255551669681,-181.65434721177294
400.0,0.4,266.6713835820616,207.71523374345497,-133.3286164179384,-192.28476625654503
400.0,0.4,2999.9999169110415,218.71728458041895,2599.9999169110415,-181.28271541958105
400.0,0.4,427.02003487561984,223.15727660216703,27.020034875619842,-176.84272339783297
400.0,0.4,2999.9999225810134,227.90419039328245,2599.9999225810134,-172.09580960671755
400.0,0.4,451.0967814108258,225.83714350865176,51.09678141082583,-174.16285649134824
400.0,0.4,344.18950641675247,219.54736497786882,-55.810493583247535,-180.45263502213118
400.0,0.4,305.643886692521,212.79294938765466,-94.356113307479,-187.20705061234534
400.0,0.4,314.0430353832567,222.4486327925696,-85.95696461674328,-177.5513672074304
400.0,0.4,337.2837082265859,222.2890432527205,-62.71629177341413,-177.7109567472795
400.0,0.4,2999.9999151528273,219.38994724729216,2599.9999151528273,-180.61005275270784
400.0,0.4,705.6762636619515,221.3254376530729,305.67626366195145,-178.6745623469271
400.0,0.4,361.32225439084823,214.13483106884112,-38.67774560915177,-185.86516893115888
400.0,0.4,356.381977348415,225.31394606672552,-43.61802265158502,-174.68605393327448
400.0,0.4,1008.773609978946,234.57563681917637,608.773609978946,-165.42436318082363
400.0,0.4,293.55591585158203,221.4584917252839,-106.44408414841797,-178.5415082747161
400.0,0.4,622.8510267245082,223.54134185394201,222.8510267245082,-176.45865814605799
400.0,0.4,248.38985102134467,212.01618256228258,-151.61014897865533,-187.98381743771742
400.0,0.4,369.6747658400986,209.2685850265953,-30.325234159901413,-190.7314149734047
400.0,0.4,405.7843860161051,221.33197317546293,5.784386016105088,-178.66802682453707
400.0,0.4,342.6320599721067,221.054432842518,-57.367940027893326,-178.945567157482
400.0,0.4,2999.999921105328,229.5886849950441,2599.999921105328,-170.4113150049559
400.0,0.4,267.263690729896,216.2823947586769,-132.73630927010402,-183.7176052413231
400.0,0.4,715.5624292105322,222.40366846806816,315.5624292105322,-177.59633153193184
400.0,0.4,522.1662826920164,219.98357934205765,122.16628269201635,-180.01642065794235
400.0,0.4,451.0754837113557,227.93373963865582,51.07548371135567,-172.06626036134418
400.0,0.4,353.42424380907465,219.3234041337364,-46.57575619092535,-180.6765958662636
400.0,0.4,1449.7232330807503,216.61624385720992,1049.7232330807503,-183.38375614279008
400.0,0.4,745.9472469813892,219.62744685036188,345.9472469813892,-180.37255314963812
400.0,0.4,616.3048556080768,225.09068349079348,216.30485560807676,-174.90931650920652
400.0,0.4,975.8917502601017,216.50809986938256,575.8917502601017,-183.49190013061744
400.0,0.4,399.5101111446693,223.13513874868772,-0.4898888553307188,-176.86486125131228
400.0,0.4,297.98162314458136,214.47069391740672,-102.01837685541864,-185.52930608259328
400.0,0.4,342.46827700861803,214.54191453339453,-57.53172299138197,-185.45808546660547
400.0,0.4,336.88581572676446,215.7881823813634,-63.11418427323554,-184.2118176186366
400.0,0.4,309.7769467886289,212.85393929069693,-90.22305321137111,-187.14606070930307
400.0,0.4,1398.7115596229137,229.41917814510145,998.7115596229137,-170.58082185489855
400.0,0.4,2999.999920572156,234.3915288281794,2599.999920572156,-165.6084711718206
400.0,0.4,318.384910727534,220.08139195540326,-81.61508927246598,-179.91860804459674
400.0,0.4,2999.999921568017,239.1821106016956,2599.999921568017,-160.8178893983044
400.0,0.4,459.5039897425057,218.82669699397314,59.50398974250572,-181.17330300602686
400.0,0.4,2999.9999130724764,224.27864916826604,2599.9999130724764,-175.72135083173396
400.0,0.4,1579.8049048991884,216.44238786160275,1179.8049048991884,-183.55761213839725
400.0,0.4,2999.9999120470375,230.24372110926967,2599.9999120470375,-169.75627889073033
400.0,0.4,931.7579417285914,224.99229222773678,531.7579417285914,-175.00770777226322
400.0,0.4,283.10574951503503,218.30037296225885,-116.89425048496497,-181.69962703774115
400.0,0.4,2999.9999200713823,236.28218526503917,2599.9999200713823,-163.71781473496083
400.0,0.4,2999.9999214458453,222.78873501762163,2599.9999214458453,-177.21126498237837
400.0,0.4,409.9621443327836,217.01840405510163,9.962144332783623,-182.98159594489837
400.0,0.4,348.8756235746364,219.7055523953856,-51.12437642536361,-180.2944476046144
400.0,0.4,646.9152267643066,222.92874314739504,246.91522676430657,-177.07125685260496
400.0,0.4,453.50268038626984,224.63614177408368,53.502680386269844,-175.36385822591632
400.0,0.4,348.0972603869057,221.3954515537183,-51.9027396130943,-178.6045484462817
400.0,0.4,368.42051527860247,221.54562042965657,-31.579484721397534,-178.45437957034343
400.0,0.4,575.8599633285448,228.12490611730524,175.85996332854484,-171.87509388269476
400.0,0.4,251.00360414835941,211.60109517528056,-148.99639585164059,-188.39890482471944
400.0,0.4,595.1406990309354,220.67504567705012,195.14069903093537,-179.32495432294988
400.0,0.4,406.27364588599113,223.44197428156463,6.2736458859911295,-176.55802571843537
400.0,0.4,252.3893527387355,209.04129684761728,-147.6106472612645,-190.95870315238272
400.0,0.4,625.6862963850728,218.19584392085267,225.68629638507275,-181.80415607914733
400.0,0.4,368.72653448492986,219.5215822894382,-31.273465515070143,-180.4784177105618
400.0,0.4,305.27891122266124,214.13907208410026,-94.72108877733876,-185.86092791589974
400.0,0.4,545.2200122797573,217.73050786286376,145.22001227975727,-182.26949213713624
400.0,0.4,556.3814447388645,221.29146262220453,156.3814447388645,-178.70853737779547
400.0,0.4,483.99882869202753,221.06728086029696,83.99882869202753,-178.93271913970304
400.0,0.4,460.3424761888774,231.98276693889468,60.34247618887741,-168.01723306110532
400.0,0.4,559.0825399025599,211.52839948006178,159.08253990255992,-188.47160051993822
400.0,0.4,1738.3064428836306,224.35196056299426,1338.3064428836306,-175.64803943700574
400.0,0.4,411.3098051481411,218.96302135719827,11.309805148141095,-181.03697864280173
400.0,0.4,259.0585451639345,210.87141181141152,-140.94145483606547,-189.12858818858848
400.0,0.4,357.7720290952807,221.29191918128,-42.227970904719314,-178.70808081872
400.0,0.4,347.9414472275771,217.98419190003764,-52.0585527724229,-182.01580809996236
400.0,0.4,354.6860032407915,211.09478203315467,-45.31399675920852,-188.90521796684533
400.0,0.4,490.3265083713511,240.59696437517076,90.32650837135111,-159.40303562482924
400.0,0.4,576.2428114784074,221.27061899416856,176.24281147840736,-178.72938100583144
400.0,0.4,722.2244373219947,226.1926363542309,322.22443732199474,-173.8073636457691
400.0,0.4,322.83282646777565,223.07477459826228,-77.16717353222435,-176.92522540173772
400.0,0.4,2999.9999155830674,228.32979417220844,2599.9999155830674,-171.67020582779156
400.0,0.4,2999.9999146261307,223.07051051902965,2599.9999146261307,-176.92948948097035
400.0,0.4,2999.9999215017724,227.40101777333885,2599.9999215017724,-172.59898222666115
400.0,0.4,355.658897489817,221.8794387445794,-44.34110251018302,-178.1205612554206
400.0,0.4,469.5414911613275,218.04109031666908,69.54149116132749,-181.95890968333092
400.0,0.4,387.6714454047557,211.0468130492626,-12.328554595244327,-188.9531869507374
400.0,0.4,350.31569138362147,219.10153853192534,-49.68430861637853,-180.89846146807466
400.0,0.4,281.6053244906775,211.7250051693475,-118.3946755093225,-188.2749948306525
400.0,0.4,2999.9999177120553,230.40569978326192,2599.9999177120553,-169.59430021673808
400.0,0.4,386.4700126721602,215.62371101860094,-13.52998732783982,-184.37628898139906
400.0,0.4,2999.9999104395765,228.08798961655057,2599.9999104395765,-171.91201038344943
400.0,0.4,293.28225828262674,217.47735569744032,-106.71774171737326,-182.52264430255968
400.0,0.4,731.7702048328156,225.46203591157575,331.7702048328156,-174.53796408842425
400.0,0.4,587.4593681289429,221.4346294719788,187.45936812894286,-178.5653705280212
400.0,0.4,305.43824338685545,207.5664666411629,-94.56175661314455,-192.4335333588371
400.0,0.4,2999.9999214415725,240.71329717489417,2599.9999214415725,-159.28670282510583
400.0,0.4,2999.9999104395765,220.40491225173184,2599.9999104395765,-179.59508774826816
400.0,0.4,309.30042055031083,216.81798780913124,-90.69957944968917,-183.18201219086876
400.0,0.4,380.82541151001175,221.01686721601524,-19.174588489988253,-178.98313278398476
400.0,0.4,2999.9999197943866,226.4586186517605,2599.9999197943866,-173.5413813482395
400.0,0.4,343.11082240459024,214.9831276457359,-56.88917759540976,-185.0168723542641
400.0,0.4,560.3288106574169,221.79882407305516,160.32881065741685,-178.20117592694484
400.0,0.4,251.15281460669797,207.82899560132665,-148.84718539330203,-192.17100439867335
400.0,0.4,346.3089286711878,209.16885884866602,-53.6910713288122,-190.83114115133398
400.0,0.4,346.1299153975599,228.01280762702868,-53.8700846024401,-171.98719237297132
400.0,0.4,250.4441057959817,208.17229062076686,-149.5558942040183,-191.82770937923314
400.0,0.4,312.15798185374473,208.33844138304553,-87.84201814625527,-191.66155861695447
400.0,0.4,659.4166218143318,224.57499811977218,259.41662181433185,-175.42500188022782
400.0,0.4,311.1821367385628,212.2703425982951,-88.8178632614372,-187.7296574017049
400.0,0.4,310.19399377145993,220.17534862400953,-89.80600622854007,-179.82465137599047
400.0,0.4,373.89960654239565,222.35929260254238,-26.100393457604355,-177.64070739745762
400.0,0.4,558.8441389859282,220.28433190559147,158.84413898592823,-179.71566809440853
400.0,0.4,1041.2527789733977,218.07732878203998,641.2527789733977,-181.92267121796002
400.0,0.4,2999.9999187778267,226.4690767115875,2599.9999187778267,-173.5309232884125
400.0,0.4,314.4704092512592,217.5940286745577,-85.52959074874082,-182.4059713254423
400.0,0.4,311.83585233775204,215.76982562368568,-88.16414766224796,-184.23017437631432
400.0,0.4,463.226294580734,219.48813394876916,63.22629458073402,-180.51186605123084
400.0,0.4,319.82150539157766,219.9943190499171,-80.17849460842234,-180.0056809500829
400.0,0.4,2999.999919200234,226.47859525926557,2599.999919200234,-173.52140474073443
400.0,0.4,381.4045892286718,213.142143359117,-18.595410771328204,-186.857856640883
400.0,0.4,267.544998871997,217.09459267895954,-132.455001128003,-182.90540732104046
400.0,0.4,285.2787184230762,205.45993012547933,-114.72128157692379,-194.54006987452067
400.0,0.4,366.2171485585312,222.8493197419826,-33.78285144146878,-177.1506802580174
400.0,0.4,316.48810139338593,215.97341302899412,-83.51189860661407,-184.02658697100588
400.0,0.4,2999.9999104395765,223.2956927107254,2599.9999104395765,-176.7043072892746
400.0,0.4,419.9026604628964,220.9334640970918,19.902660462896392,-179.0665359029082
400.0,0.4,250.67089970504455,216.4264666874286,-149.32910029495545,-183.5735333125714
400.0,0.4,348.8950551441638,214.4825407994418,-51.10494485583621,-185.5174592005582
400.0,0.4,235.73183976718727,207.88778827825772,-164.26816023281273,-192.11221172174228
400.0,0.4,286.24636080145825,217.92034286900468,-113.75363919854175,-182.07965713099532
400.0,0.4,2999.999917594144,223.67772258868158,2599.999917594144,-176.32227741131842
400.0,0.4,314.11702028256127,208.14026220745535,-85.88297971743873,-191.85973779254465
400.0,0.4,2999.9999144263497,225.37360355504276,2599.9999144263497,-174.62639644495724
400.0,0.4,393.3401895494994,214.22369504293695,-6.659810450500572,-185.77630495706305
400.0,0.4,658.5187138655272,223.23515931885268,258.51871386552716,-176.76484068114732
400.0,0.4,2999.9999116896524,226.0918254116789,2599.9999116896524,-173.9081745883211
400.0,0.4,284.8957697796772,222.54800469905976,-115.10423022032279,-177.45199530094024
400.0,0.4,1293.1001394806588,219.096126940812,893.1001394806588,-180.903873059188
400.0,0.4,2999.999917828031,233.63260481247653,2599.999917828031,-166.36739518752347
400.0,0.4,2430.780283842273,220.9604974249218,2030.780283842273,-179.0395025750782
400.0,0.4,2217.3460235665434,235.59730302723685,1817.3460235665434,-164.40269697276315
400.0,0.4,314.51650297978966,215.10629911464886,-85.48349702021034,-184.89370088535114
400.0,0.4,458.7601973185563,217.52395251251215,58.76019731855632,-182.47604748748785
400.0,0.4,2999.999919585232,225.5470053294761,2599.999919585232,-174.4529946705239
400.0,0.4,352.8465254167228,216.01258375558814,-47.153474583277216,-183.98741624441186
400.0,0.4,2999.999920532615,229.68537740893026,2599.999920532615,-170.31462259106974
400.0,0.4,420.77389432463167,228.92302630928273,20.77389432463167,-171.07697369071727
400.0,0.4,2999.9999165428385,236.69224896519844,2599.9999165428385,-163.30775103480156
400.0,0.4,516.6984942529159,222.53568533942155,116.6984942529159,-177.46431466057845
400.0,0.4,357.9960760611511,221.40260087596485,-42.003923938848914,-178.59739912403515
400.0,0.4,812.8340345478657,218.4003863133663,412.8340345478657,-181.5996136866337
400.0,0.4,292.74471882400996,214.081411774858,-107.25528117599004,-185.918588225142
400.0,0.4,397.23034186269325,223.22812023156487,-2.769658137306749,-176.77187976843513
400.0,0.4,282.44148593698316,217.53326340676492,-117.55851406301684,-182.46673659323508
400.0,0.4,1251.0414801955387,226.05015381366428,851.0414801955387,-173.94984618633572
400.0,0.4,282.2803758030692,205.84858095252628,-117.7196241969308,-194.15141904747372
400.0,0.4,533.2823229656539,222.5967839980386,133.28232296565386,-177.4032160019614
400.0,0.4,314.9168678353992,222.7006738698474,-85.08313216460078,-177.2993261301526
400.0,0.4,511.39113082682985,224.39385674254777,111.39113082682985,-175.60614325745223
400.0,0.4,687.36239143367,220.3208841977298,287.36239143367004,-179.6791158022702
400.0,0.4,934.5016359238706,224.06060109703444,534.5016359238706,-175.93939890296556
400.0,0.4,532.3808743823205,224.65883284852745,132.38087438232048,-175.34116715147255
400.0,0.4,2999.99991549964,229.68496582071967,2599.99991549964,-170.31503417928033
400.0,0.4,304.858611895704,224.87412736074785,-95.14138810429603,-175.12587263925215
400.0,0.4,262.6435314884559,213.86819858706716,-137.3564685115441,-186.13180141293284
400.0,0.4,376.27271452029487,217.77330373774612,-23.72728547970513,-182.22669626225388
400.0,0.4,387.9565685237252,228.76094975190122,-12.043431476274804,-171.23905024809878
400.0,0.4,294.1238481731061,214.56678791192698,-105.87615182689387,-185.43321208807302
400.0,0.4,493.0449804927302,214.99363938966772,93.04498049273019,-185.00636061033228
400.0,0.4,328.75770638373785,221.46284702298988,-71.24229361626215,-178.53715297701012
400.0,0.4,354.92340715788794,219.90110144248416,-45.07659284211206,-180.09889855751584
400.0,0.6,371.906914921233,298.74637068062765,-28.09308507876699,-101.25362931937235
400.0,0.6,314.432592740414,293.3903591281399,-85.56740725958599,-106.60964087186011
400.0,0.6,382.38573079927244,301.87961776647353,-17.614269200727563,-98.12038223352647
400.0,0.6,592.3199918811174,309.93020918394694,192.3199918811174,-90.06979081605306
400.0,0.6,328.90930884931026,295.7112824423032,-71.09069115068974,-104.28871755769683
400.0,0.6,2611.1718551474914,312.61283445376336,2211.1718551474914,-87.38716554623664
400.0,0.6,406.7902852539469,307.11895380219994,6.790285253946877,-92.88104619780006
400.0,0.6,2999.9999141077556,325.85616868629324,2599.9999141077556,-74.14383131370676
400.0,0.6,324.30019206720715,292.7696146319619,-75.69980793279285,-107.23038536803813
400.0,0.6,451.06705149106364,312.95803087545676,51.06705149106364,-87.04196912454324
400.0,0.6,377.8557483591177,301.43255032054765,-22.144251640882317,-98.56744967945235
400.0,0.6,457.4169282319785,308.1064728921974,57.41692823197849,-91.89352710780258
400.0,0.6,331.70051457649294,290.22068186380864,-68.29948542350706,-109.77931813619136
400.0,0.6,734.6804905277169,306.68509898107664,334.68049052771687,-93.31490101892336
400.0,0.6,319.7441310047368,290.17374597000594,-80.2558689952632,-109.82625402999406
400.0,0.6,432.7279183909389,308.0091169386552,32.727918390938896,-91.99088306134479
400.0,0.6,492.7097669697311,312.1167725234484,92.7097669697311,-87.88322747655161
400.0,0.6,404.327760222283,313.28975549513444,4.327760222283018,-86.71024450486556
400.0,0.6,304.9444247042579,290.01278660077145,-95.05557529574207,-109.98721339922855
400.0,0.6,345.53668307725894,291.7666020735812,-54.46331692274106,-108.23339792641877
400.0,0.6,332.45629141163266,294.0450368621886,-67.54370858836734,-105.95496313781138
400.0,0.6,383.2995938984441,303.8224544561909,-16.700406101555927,-96.17754554380912
400.0,0.6,342.39149556259355,298.7499137498409,-57.60850443740645,-101.25008625015909
400.0,0.6,366.1308769203305,293.1598390704321,-33.86912307966952,-106.8401609295679
400.0,0.6,633.7610524510512,308.356099197936,233.76105245105123,-91.64390080206402
400.0,0.6,475.055535561828,304.0447050170244,75.05553556182798,-95.9552949829756
400.0,0.6,905.3978023466574,314.3365631620564,505.3978023466574,-85.6634368379436
400.0,0.6,332.8002298820009,292.42203342026824,-67.1997701179991,-107.57796657973176
400.0,0.6,483.3099036364774,306.9603341672317,83.30990363647737,-93.03966583276832
400.0,0.6,493.50019288830947,308.0121210553626,93.50019288830947,-91.98787894463737
400.0,0.6,349.8619998332421,299.0712679451657,-50.13800016675788,-100.92873205483431
400.0,0.6,356.8721961215866,293.5902317143711,-43.127803878413374,-106.4097682856289
400.0,0.6,397.36301541327026,300.10537240390676,-2.6369845867297386,-99.89462759609324
400.0,0.6,335.902027152379,292.7186948564732,-64.09797284762101,-107.28130514352682
400.0,0.6,348.4014770828829,300.2352774962387,-51.59852291711712,-99.76472250376128
400.0,0.6,402.0021940636991,305.6852162809744,2.0021940636991076,-94.31478371902563
400.0,0.6,657.1599914617635,299.59593550367254,257.1599914617635,-100.40406449632746
400.0,0.6,513.4997669986991,308.93791117428964,113.4997669986991,-91.06208882571036
400.0,0.6,528.8568201458445,313.316344482195,128.8568201458445,-86.683655517805
400.0,0.6,330.022871533539,295.2041446604751,-69.97712846646101,-104.7958553395249
400.0,0.6,459.64170523869853,307.1252136358501,59.641705238698535,-92.87478636414988
400.0,0.6,426.34234744969444,308.7479801869447,26.342347449694444,-91.25201981305531
400.0,0.6,425.66474996513585,304.59223794942227,25.664749965135854,-95.40776205057773
400.0,0.6,298.7241965519259,282.9174281611138,-101.2758034480741,-117.08257183888622
400.0,0.6,754.8276140117226,317.0195783577053,354.82761401172263,-82.98042164229469
400.0,0.6,301.24089257609825,286.9606749626765,-98.75910742390175,-113.03932503732352
400.0,0.6,316.65391916604364,295.7886318353626,-83.34608083395636,-104.2113681646374
400.0,0.6,1084.5613089343333,318.8791694255436,684.5613089343333,-81.12083057445642
400.0,0.6,445.14771215547967,304.38959154633983,45.14771215547967,-95.61040845366017
400.0,0.6,2999.999919092287,323.638346290803,2599.999919092287,-76.36165370919701
400.0,0.6,454.468809593154,300.8992595328273,54.46880959315399,-99.10074046717273
400.0,0.6,700.4446465210414,319.3059997478376,300.44464652104136,-80.69400025216243
400.0,0.6,342.98962439547984,293.8935445926902,-57.01037560452016,-106.1064554073098
400.0,0.6,2999.999917953376,320.21517303745765,2599.999917953376,-79.78482696254235
400.0,0.6,456.93014793151644,311.9068565036741,56.930147931516444,-88.09314349632592
400.0,0.6,389.53455675372135,305.0480087413228,-10.465443246278653,-94.9519912586772
400.0,0.6,2999.9999171073755,329.51635372326314,2599.9999171073755,-70.48364627673686
400.0,0.6,361.2400581802192,297.8493809298636,-38.759941819780806,-102.15061907013637
400.0,0.6,373.8135253355828,299.87148033769864,-26.186474664417176,-100.12851966230136
400.0,0.6,446.81506684017415,301.84660289244414,46.815066840174154,-98.15339710755586
400.0,0.6,370.30752163639744,300.7926338535501,-29.69247836360256,-99.20736614644989
400.0,0.6,413.7666947484304,301.4451260840962,13.766694748430382,-98.55487391590378
400.0,0.6,418.28608753819896,306.1145374700684,18.286087538198956,-93.8854625299316
400.0,0.6,2999.99991381164,321.20827487614326,2599.99991381164,-78.79172512385674
400.0,0.6,805.2518677658795,320.0711445489291,405.2518677658795,-79.92885545107089
400.0,0.6,314.53270914358376,291.93813955274305,-85.46729085641624,-108.06186044725695
400.0,0.6,759.223682069849,311.79226237634794,359.223682069849,-88.20773762365206
400.0,0.6,1159.2947551201055,319.28155439279044,759.2947551201055,-80.71844560720956
400.0,0.6,375.4104975024576,302.1799968218922,-24.589502497542412,-97.82000317810781
400.0,0.6,343.4585139139588,301.21703988381825,-56.541486086041175,-98.78296011618175
400.0,0.6,517.367452516143,308.5176765966,117.36745251614298,-91.48232340340002
400.0,0.6,573.919803948954,310.7175741395091,173.91980394895404,-89.28242586049089
400.0,0.6,434.9942474226168,308.8553707477593,34.99424742261681,-91.14462925224069
400.0,0.6,383.0596781655869,298.32610426870093,-16.940321834413112,-101.67389573129907
400.0,0.6,297.20533923557747,280.56898892613464,-102.79466076442253,-119.43101107386536
400.0,0.6,2999.9999119621907,319.138252743212,2599.9999119621907,-80.86174725678802
400.0,0.6,304.06806702652284,286.21057948887926,-95.93193297347716,-113.78942051112074
400.0,0.6,398.194496995405,305.80447415743316,-1.805503004594982,-94.19552584256684
400.0,0.6,276.1223310324123,269.53829549324007,-123.87766896758768,-130.46170450675993
400.0,0.6,419.58649179020875,307.84477726442,19.586491790208754,-92.15522273558003
400.0,0.6,444.2824874517794,303.01976306658923,44.28248745177939,-96.98023693341077
400.0,0.6,544.8610136772986,310.83711964216604,144.86101367729862,-89.16288035783396
400.0,0.6,380.72204234645665,299.0988630769208,-19.277957653543353,-100.9011369230792
400.0,0.6,2999.9999186859045,329.2983324498034,2599.9999186859045,-70.70166755019659
400.0,0.6,629.1938956050639,317.1966455744911,229.19389560506386,-82.80335442550893
400.0,0.6,519.9540475546675,310.46666994409776,119.95404755466745,-89.53333005590224
400.0,0.6,633.7730416112303,309.6984381139955,233.77304161123027,-90.30156188600449
400.0,0.6,547.4547579210088,305.5262981587801,147.45475792100876,-94.4737018412199
400.0,0.6,346.2367645999391,289.8900767105499,-53.76323540006092,-110.10992328945008
400.0,0.6,423.84135986022864,304.9827060584191,23.841359860228636,-95.01729394158087
400.0,0.6,414.3684810135453,305.4435892484119,14.368481013545306,-94.55641075158809
400.0,0.6,444.3954757519503,303.19782799238726,44.3954757519503,-96.80217200761274
400.0,0.6,2999.9999104395765,319.9309224362046,2599.9999104395765,-80.06907756379542
400.0,0.6,369.3289472058158,301.95737481785056,-30.67105279418422,-98.04262518214944
400.0,0.6,350.292822843199,297.93366440668206,-49.70717715680098,-102.06633559331794
400.0,0.6,353.7793939813883,300.44244056692474,-46.220606018611704,-99.55755943307526
400.0,0.6,410.4657671111747,300.47913690732,10.465767111174728,-99.52086309267997
400.0,0.6,481.51354845736716,304.706375631387,81.51354845736716,-95.293624368613
400.0,0.6,485.4055759025078,313.2727831846307,85.40557590250779,-86.72721681536927
400.0,0.6,1320.8844176069817,312.56450427664186,920.8844176069817,-87.43549572335814
400.0,0.6,484.3435912435143,312.16795903853074,84.34359124351431,-87.83204096146926
400.0,0.6,425.1182617383892,306.3548879714674,25.118261738389208,-93.6451120285326
400.0,0.6,901.0582905478682,318.3884072499358,501.0582905478682,-81.61159275006418
400.0,0.6,602.7193877228551,312.3593037509095,202.71938772285512,-87.64069624909052
400.0,0.6,572.2355987587573,318.1132160497819,172.2355987587573,-81.8867839502181
400.0,0.6,300.43504306017377,279.66617846153196,-99.56495693982623,-120.33382153846804
400.0,0.6,500.9227745167838,309.9523051435337,100.92277451678382,-90.04769485646631
400.0,0.6,431.9036009738888,299.6783311248683,31.903600973888786,-100.3216688751317
400.0,0.6,373.53412294835704,300.55076783669097,-26.465877051642963,-99.44923216330903
400.0,0.6,509.5260436661527,306.07399119170793,109.5260436661527,-93.92600880829207
400.0,0.6,597.0338096190607,315.32031587210946,197.03380961906066,-84.67968412789054
400.0,0.6,1426.527632820651,320.75010704061356,1026.527632820651,-79.24989295938644
400.0,0.6,314.7744125845117,292.1242123535017,-85.22558741548829,-107.87578764649828
400.0,0.6,315.4857645581211,290.04031705591984,-84.5142354418789,-109.95968294408016
400.0,0.6,343.84494890781997,294.8010321750901,-56.15505109218003,-105.19896782490991
400.0,0.6,691.9564283403712,311.7188895079916,291.9564283403712,-88.2811104920084
400.0,0.6,380.0055115491617,304.2889133561718,-19.994488450838276,-95.7110866438282
400.0,0.6,355.5958422527461,299.8141803578824,-44.40415774725392,-100.18581964211762
400.0,0.6,638.5897804358249,314.651878415997,238.58978043582488,-85.34812158400302
400.0,0.6,2999.999929525973,319.90903151935805,2599.999929525973,-80.09096848064195
400.0,0.6,673.074977478653,318.22124068305277,273.07497747865295,-81.77875931694723
400.0,0.6,523.2093789815027,316.3911484100261,123.20937898150271,-83.60885158997388
400.0,0.6,404.5203694493627,302.49013416079276,4.520369449362704,-97.50986583920724
400.0,0.6,2999.999916711679,317.67198476627556,2599.999916711679,-82.32801523372444
400.0,0.6,510.6405518247512,309.38769753930563,110.64055182475118,-90.61230246069437
400.0,0.6,292.74414886444396,283.02556811579285,-107.25585113555604,-116.97443188420715
400.0,0.6,365.37505243286495,299.1977269968378,-34.62494756713505,-100.80227300316221
400.0,0.6,352.3813349122357,299.99319286095346,-47.61866508776433,-100.00680713904654
400.0,0.6,507.97753232451595,308.6916641954785,107.97753232451595,-91.3083358045215
400.0,0.6,295.5097213746781,283.1209142256535,-104.49027862532188,-116.87908577434649
400.0,0.6,883.2926814352011,318.1906925450084,483.2926814352011,-81.8093074549916
400.0,0.6,369.9807538583993,301.02812816226304,-30.019246141600718,-98.97187183773696
400.0,0.6,407.4402270962682,303.7742898895332,7.440227096268188,-96.22571011046682
400.0,0.6,413.36271551339,305.0642118603469,13.362715513390015,-94.93578813965308
400.0,0.6,328.35940534542715,290.6006873867457,-71.64059465457285,-109.39931261325432
400.0,0.6,785.628670591929,312.2215303716331,385.628670591929,-87.7784696283669
400.0,0.6,374.72700168917316,297.6436968550271,-25.272998310826836,-102.35630314497291
400.0,0.6,2999.9999104395765,328.4810601403154,2599.9999104395765,-71.51893985968462
400.0,0.6,1035.0954026089682,322.8338034721964,635.0954026089682,-77.1661965278036
400.0,0.6,330.9922127062104,296.3110564912348,-69.00778729378959,-103.68894350876519
400.0,0.6,585.4780969166251,313.73429050597537,185.47809691662508,-86.26570949402463
400.0,0.6,390.1118351837062,302.6096930137223,-9.888164816293795,-97.39030698627772
400.0,0.6,353.3808552074822,301.5903096927715,-46.61914479251777,-98.40969030722852
400.0,0.6,435.47367108937544,307.068749546217,35.47367108937544,-92.93125045378298
400.0,0.6,408.0053604412102,302.177208876191,8.0053604412102,-97.822791123809
400.0,0.6,515.8040243704788,316.596527706004,115.80402437047883,-83.403472293996
400.0,0.6,479.18924665928597,310.88038884471257,79.18924665928597,-89.11961115528743
400.0,0.6,355.79420891932267,300.6040175078513,-44.20579108067733,-99.39598249214868
400.0,0.6,310.1271268694018,286.37810860185755,-89.87287313059818,-113.62189139814245
400.0,0.6,282.42653036551513,275.5991580513659,-117.57346963448487,-124.40084194863408
400.0,0.6,348.2812705199972,297.01581286634894,-51.71872948000282,-102.98418713365106
400.0,0.6,273.3379045511281,271.11317386493016,-126.66209544887192,-128.88682613506984
400.0,0.6,329.55716612367155,286.3141133524117,-70.44283387632845,-113.68588664758829
400.0,0.6,305.7531075058696,286.8535873989502,-94.2468924941304,-113.1464126010498
400.0,0.6,841.5340973336756,316.1329610664999,441.5340973336756,-83.86703893350011
400.0,0.6,363.47252728400485,296.6558413920366,-36.527472715995145,-103.34415860796338
400.0,0.6,334.1958442381435,290.13043122066136,-65.80415576185652,-109.86956877933864
400.0,0.6,531.7927716756606,316.1516818608389,131.79277167566056,-83.84831813916111
400.0,0.6,298.4724208797629,282.46504910337825,-101.52757912023708,-117.53495089662175
400.0,0.6,496.1361266538331,310.83294082484537,96.13612665383312,-89.16705917515463
400.0,0.6,344.6042250549176,300.4179589340839,-55.395774945082394,-99.58204106591609
400.0,0.6,752.4741773331385,316.544075981801,352.4741773331385,-83.45592401819903
400.0,0.6,423.2470171433503,303.6812534976681,23.24701714335032,-96.31874650233192
400.0,0.6,383.5917321303114,306.2860300613126,-16.408267869688586,-93.7139699386874
400.0,0.6,464.690662282201,309.0944552476357,64.690662282201,-90.90554475236428
400.0,0.6,416.34199211771994,297.599657908356,16.34199211771994,-102.400342091644
400.0,0.6,445.4466969271941,310.1918915545948,45.446696927194125,-89.8081084454052
400.0,0.6,460.07470857187593,307.1345974394929,60.07470857187593,-92.8654025605071
400.0,0.6,333.8030986558409,296.17700987393823,-66.19690134415907,-103.82299012606177
400.0,0.6,656.3391417237249,319.8516232841181,256.3391417237249,-80.14837671588191
400.0,0.6,382.0140526202374,303.80114369157155,-17.985947379762592,-96.19885630842845
400.0,0.6,1071.9219688940684,313.55029208293377,671.9219688940684,-86.44970791706623
400.0,0.6,400.88390187465177,304.5337796402921,0.8839018746517695,-95.4662203597079
400.0,0.6,506.6471051131527,312.0437237429033,106.64710511315269,-87.9562762570967
400.0,0.6,343.3661971838715,301.6053185473559,-56.63380281612848,-98.39468145264408
400.0,0.6,404.3798600830711,307.8264762879138,4.379860083071094,-92.1735237120862
400.0,0.6,427.3912119420701,301.4806071823174,27.391211942070072,-98.51939281768261
400.0,0.6,331.0654661047366,291.63288370418746,-68.93453389526343,-108.36711629581254
400.0,0.6,452.3624839490889,309.08647041443953,52.362483949088926,-90.91352958556047
400.0,0.6,305.9775061406968,288.00388677130246,-94.02249385930321,-111.99611322869754
400.0,0.6,2999.9999155772357,318.4306120255666,2599.9999155772357,-81.56938797443343
400.0,0.6,303.44063312824295,284.4475975410624,-96.55936687175705,-115.55240245893759
400.0,0.6,474.02949507201487,307.20251359365284,74.02949507201487,-92.79748640634716
400.0,0.6,735.815947147061,315.1123652162408,335.815947147061,-84.88763478375921
400.0,0.6,2999.99991697135,320.02702921981506,2599.99991697135,-79.97297078018494
400.0,0.6,411.63436275304656,304.51839566903055,11.63436275304656,-95.48160433096945
400.0,0.6,324.5619902761257,291.279351463101,-75.4380097238743,-108.72064853689898
400.0,0.6,375.44369085580195,298.0592944708899,-24.556309144198053,-101.94070552911012
400.0,0.6,384.5490611079096,304.3883235098343,-15.450938892090392,-95.61167649016568
400.0,0.6,325.3386892696881,293.99512777562984,-74.66131073031192,-106.00487222437016
400.0,0.6,362.310893812441,302.94219015840054,-37.68910618755899,-97.05780984159946
400.0,0.6,384.98875135456177,305.567113707699,-15.01124864543823,-94.43288629230102
400.0,0.6,736.6999447533315,317.41647996810184,336.69994475333147,-82.58352003189816
400.0,0.6,434.5573150298379,303.69589295042346,34.55731502983792,-96.30410704957654
400.0,0.6,342.6051801609397,294.95285531048455,-57.39481983906029,-105.04714468951545
400.0,0.6,509.84349117897756,304.928760096853,109.84349117897756,-95.07123990314699
400.0,0.6,313.690056793345,286.78698755333545,-86.30994320665502,-113.21301244666455
400.0,0.6,348.0418570031383,300.54454400830855,-51.95814299686168,-99.45545599169145
400.0,0.6,422.8638703573367,306.2932900520055,22.86387035733668,-93.70670994799451
400.0,0.6,341.50531478439046,295.2504393704765,-58.494685215609536,-104.7495606295235
400.0,0.6,532.9211404631924,312.7473427239732,132.9211404631924,-87.25265727602681
400.0,0.6,366.4304292631113,300.5357852066953,-33.56957073688869,-99.46421479330468
400.0,0.6,644.0064663696456,319.04381707687634,244.00646636964564,-80.95618292312366
400.0,0.6,294.134077221619,281.6828673828803,-105.86592277838099,-118.31713261711968
400.0,0.6,297.6058061532315,282.3716664822789,-102.39419384676847,-117.6283335177211
400.0,0.6,528.8296398303024,307.6661893806448,128.82963983030243,-92.33381061935518
400.0,0.6,426.1342647124577,305.111285242692,26.134264712457707,-94.88871475730798
400.0,0.6,410.9721829280328,306.75676864084767,10.972182928032794,-93.24323135915233
400.0,0.6,315.6219995221364,294.22067956413,-84.37800047786362,-105.77932043586998
400.0,0.6,427.5001686015821,305.80613459189027,27.500168601582118,-94.19386540810973
400.0,0.6,315.9163746247909,291.18977192915276,-84.08362537520912,-108.81022807084724
400.0,0.6,305.67262396127177,288.1046399255607,-94.32737603872823,-111.89536007443928
400.0,0.6,388.81067155885927,303.62150790459685,-11.18932844114073,-96.37849209540315
400.0,0.6,328.44764901617873,295.80964653402117,-71.55235098382127,-104.19035346597883
400.0,0.6,784.0130358888565,311.72081028200176,384.0130358888565,-88.27918971799824
400.0,0.6,452.0292989773996,310.30121798859216,52.029298977399606,-89.69878201140784
400.0,0.6,401.91157344197757,305.7492926088277,1.9115734419775663,-94.25070739117228
400.0,0.6,319.13323780833423,290.0128941938584,-80.86676219166577,-109.98710580614159
400.0,0.6,441.3238182765411,312.0737171757047,41.32381827654109,-87.9262828242953
400.0,0.6,952.6631254740037,315.583536605874,552.6631254740037,-84.41646339412603
400.0,0.6,413.2156001418691,305.9721671257405,13.215600141869118,-94.0278328742595
400.0,0.6,577.3876706132056,317.90543615710067,177.38767061320561,-82.09456384289933
400.0,0.6,340.58179616910036,293.3511148017553,-59.41820383089964,-106.64888519824473
400.0,0.6,335.52883480335134,295.26925297405126,-64.47116519664866,-104.73074702594874
400.0,0.6,359.2524817211873,294.25228262233946,-40.74751827881272,-105.74771737766054
400.0,0.6,492.54202140515,309.347242080072,92.54202140515002,-90.65275791992798
400.0,0.6,600.8058117029931,313.51281407228026,200.80581170299308,-86.48718592771974
400.0,0.6,322.91571565403245,289.7086365721503,-77.08428434596755,-110.29136342784972
400.0,0.6,2999.9999197071093,329.15502108389944,2599.9999197071093,-70.84497891610056
400.0,0.6,387.22346316496674,301.2753031118877,-12.776536835033255,-98.7246968881123
400.0,0.6,610.7487020603538,324.20859164850054,210.74870206035382,-75.79140835149946
400.0,0.6,501.5094192608773,319.03080762968943,101.50941926087728,-80.96919237031057
400.0,0.6,353.12938653888324,295.07045095977907,-46.87061346111676,-104.92954904022093
400.0,0.6,391.19430194983295,302.8633885013754,-8.805698050167052,-97.13661149862457
400.0,0.6,465.9347223655009,310.0326541364353,65.93472236550087,-89.96734586356467
400.0,0.6,367.84784799735087,297.07364996191876,-32.15215200264913,-102.92635003808124
400.0,0.6,1946.044110457583,315.5022998779193,1546.044110457583,-84.49770012208069
400.0,0.6,358.19323760984025,299.094851086456,-41.80676239015975,-100.905148913544
400.0,0.6,326.7321340649408,289.07511906303307,-73.2678659350592,-110.92488093696693
400.0,0.6,364.5673360247015,299.40436905514923,-35.43266397529851,-100.59563094485077
400.0,0.6,389.7985236210436,306.408497871394,-10.201476378956386,-93.59150212860601
400.0,0.6,534.6209378524419,318.1412613960375,134.6209378524419,-81.85873860396248
400.0,0.6,407.9483884786806,305.74850700496245,7.948388478680613,-94.25149299503755
400.0,0.6,469.0408780932666,308.6510271917075,69.0408780932666,-91.3489728082925
400.0,0.6,333.47577175625116,288.36313178923353,-66.52422824374884,-111.63686821076647
400.0,0.6,469.44341820769336,310.5928153510799,69.44341820769336,-89.40718464892012
400.0,0.6,452.20675876093463,307.63318195165624,52.20675876093463,-92.36681804834376
400.0,0.6,352.4414205365637,294.5432417216898,-47.558579463436274,-105.45675827831019
400.0,0.6,348.11749118078734,296.63763128324405,-51.88250881921266,-103.36236871675595
400.0,0.6,445.3776379864343,306.9364540968647,45.37763798643431,-93.06354590313532
400.0,0.6,486.616068874763,314.3292470008333,86.61606887476302,-85.67075299916672
400.0,0.6,430.9707218198203,308.17726814954943,30.970721819820312,-91.82273185045057
400.0,0.6,415.71039153373727,309.0818190500947,15.710391533737265,-90.91818094990532
400.0,0.6,309.76975611796104,288.4741243525618,-90.23024388203896,-111.52587564743823
400.0,0.6,429.59800896805365,309.118462334707,29.598008968053648,-90.88153766529302
400.0,0.6,368.8867495521591,305.3145332043883,-31.113250447840926,-94.68546679561172
400.0,0.6,574.8370013736279,313.751889071989,174.8370013736279,-86.24811092801099
400.0,0.6,460.79694384942235,305.75778038576914,60.79694384942235,-94.24221961423086
400.0,0.6,401.63934765412256,311.7253043279531,1.6393476541225596,-88.2746956720469
400.0,0.6,2999.9999104395765,309.50679514481726,2599.9999104395765,-90.49320485518274
400.0,0.6,495.4229270519446,310.5909085579743,95.42292705194461,-89.40909144202573
400.0,0.6,759.784574602574,312.2945433713397,359.784574602574,-87.70545662866027
400.0,0.6,394.1974336798455,304.1914353881262,-5.802566320154483,-95.8085646118738
400.0,0.6,503.19627772825646,305.33248091399633,103.19627772825646,-94.66751908600367
400.0,0.6,510.6387205662491,309.86671914237854,110.6387205662491,-90.13328085762146
400.0,0.6,498.6250655514746,312.37601443258217,98.62506555147462,-87.62398556741783
400.0,0.6,398.71334437893455,301.4593494727979,-1.2866556210654494,-98.5406505272021
400.0,0.6,661.2691071623651,314.5286932643202,261.2691071623651,-85.47130673567978
400.0,0.6,334.1560640040149,293.86616300933593,-65.84393599598508,-106.13383699066407
400.0,0.6,399.5101434349067,302.65344512436576,-0.4898565650933051,-97.34655487563424
400.0,0.6,620.1862137100265,316.8230693891798,220.18621371002655,-83.1769306108202
400.0,0.6,306.1919431354692,288.7199936578492,-93.80805686453078,-111.28000634215078
400.0,0.6,337.8485146774803,294.7460222114596,-62.151485322519704,-105.2539777885404
400.0,0.6,663.450397391204,320.10603649416385,263.450397391204,-79.89396350583615
400.0,0.6,2999.9999147822873,325.5160729877105,2599.9999147822873,-74.48392701228948
400.0,0.6,572.5816362103056,320.60760675071685,172.58163621030565,-79.39239324928315
400.0,0.6,2999.999950255245,321.79535295308085,2599.999950255245,-78.20464704691915
400.0,0.6,347.6534678116208,298.84366796873087,-52.34653218837917,-101.15633203126913
400.0,0.6,529.0335160763992,305.8885246322233,129.03351607639922,-94.11147536777668
400.0,0.6,393.25278803310766,302.9668140885523,-6.747211966892337,-97.03318591144767
400.0,0.6,581.3893939515589,313.66042872415676,181.38939395155887,-86.33957127584324
400.0,0.6,320.0328475011807,296.14076182613906,-79.9671524988193,-103.85923817386094
400.0,0.6,382.63515260713376,302.99708255547085,-17.36484739286624,-97.00291744452915
400.0,0.6,517.2204515717209,312.2108656126311,117.2204515717209,-87.7891343873689
400.0,0.6,662.8406490590587,305.3103193215246,262.8406490590587,-94.68968067847538
400.0,0.6,352.8639419362568,301.2946520206888,-47.13605806374318,-98.70534797931123
400.0,0.6,406.90770377690257,298.7167619332127,6.907703776902565,-101.2832380667873
400.0,0.6,2999.999911476437,318.1686877716479,2599.999911476437,-81.83131222835209
400.0,0.6,303.24839669278543,286.26056002806985,-96.75160330721457,-113.73943997193015
400.0,0.6,349.8315937268765,295.19896063059304,-50.16840627312348,-104.80103936940696
400.0,0.6,1069.6116216558419,316.4013588792966,669.6116216558419,-83.5986411207034
400.0,0.6,413.2372368280751,303.30443866523314,13.237236828075083,-96.69556133476686
400.0,0.6,308.77162081369823,288.786612740336,-91.22837918630177,-111.21338725966399
400.0,0.6,558.2835970716831,316.4052350138748,158.28359707168306,-83.5947649861252
400.0,0.6,495.9034520933947,313.1321323997244,95.90345209339472,-86.86786760027559
400.0,0.6,285.48367458761845,278.4456227771658,-114.51632541238155,-121.5543772228342
400.0,0.6,548.6308933094282,315.88635951276103,148.6308933094282,-84.11364048723897
400.0,0.6,324.43524870101123,296.1323254010499,-75.56475129898877,-103.86767459895009
400.0,0.6,295.7646041919478,283.57198861408966,-104.2353958080522,-116.42801138591034
400.0,0.6,430.9872646727339,307.64657015905556,30.987264672733886,-92.35342984094444
400.0,0.8,416.21118855058194,375.54839849248964,16.211188550581937,-24.45160150751036
400.0,0.8,402.58141857721245,371.99716103699893,2.581418577212446,-28.002838963001068
400.0,0.8,466.48402981661246,390.4129012134385,66.48402981661246,-9.587098786561512
400.0,0.8,436.7554932744391,383.4513461001265,36.75549327443912,-16.5486538998735
400.0,0.8,376.47960033934555,362.536474036019,-23.520399660654448,-37.463525963981
400.0,0.8,352.3981327553946,348.3726760762264,-47.60186724460539,-51.62732392377359
400.0,0.8,529.5673948915575,393.33451605312155,129.56739489155746,-6.665483946878453
400.0,0.8,492.50046588289297,390.34803465801383,92.50046588289297,-9.65196534198617
400.0,0.8,621.8240118762711,397.87701682421726,221.82401187627113,-2.1229831757827355
400.0,0.8,439.03927570545216,383.93013871130114,39.039275705452155,-16.06986128869886
400.0,0.8,597.4756265413338,399.375167077011,197.47562654133378,-0.6248329229890146
400.0,0.8,692.1310546823803,399.8078493579584,292.1310546823803,-0.1921506420416108
400.0,0.8,423.6799849617872,380.1077860819411,23.679984961787227,-19.89221391805893
400.0,0.8,383.3206858193562,366.58708370082053,-16.679314180643814,-33.41291629917947
400.0,0.8,411.8029316370135,377.2381874451623,11.8029316370135,-22.761812554837718
400.0,0.8,413.2647759176983,376.26336351954075,13.264775917698273,-23.736636480459254
400.0,0.8,362.3411421446486,355.74058046426615,-37.658857855351414,-44.259419535733855
400.0,0.8,452.5373163291762,385.79268199448586,52.53731632917618,-14.20731800551414
400.0,0.8,829.307881656182,401.6713522983711,429.30788165618196,1.6713522983711186
400.0,0.8,415.04518599456657,377.0255797318769,15.045185994566566,-22.974420268123083
400.0,0.8,355.5565475772689,349.95452604045323,-44.44345242273113,-50.04547395954677
400.0,0.8,528.7284877599192,390.99102533066576,128.72848775991918,-9.008974669334236
400.0,0.8,358.9593194279327,353.81459719442523,-41.04068057206729,-46.18540280557477
400.0,0.8,455.5248409585845,382.66615042802437,55.52484095858449,-17.333849571975634
400.0,0.8,408.35063863261126,372.98319181558657,8.350638632611265,-27.016808184413435
400.0,0.8,1004.4761891559872,405.95806180899484,604.4761891559872,5.958061808994842
400.0,0.8,424.5939763355576,383.9873124779522,24.593976335557613,-16.012687522047827
400.0,0.8,355.2633668560401,351.31363215137696,-44.73663314395992,-48.686367848623036
400.0,0.8,534.3770165424213,395.35013715802495,134.3770165424213,-4.64986284197505
400.0,0.8,394.7705706410909,371.0638867933652,-5.229429358909101,-28.936113206634786
400.0,0.8,415.7913380685991,372.11608840320963,15.791338068599089,-27.88391159679037
400.0,0.8,407.0569335702948,379.16899813765224,7.056933570294802,-20.83100186234776
400.0,0.8,401.1256234010728,370.50818106417773,1.1256234010728008,-29.491818935822266
400.0,0.8,382.9995336500547,366.1196262682182,-17.000466349945327,-33.88037373178179
400.0,0.8,411.87168588525196,375.7377524420593,11.871685885251964,-24.262247557940725
400.0,0.8,515.058465821491,390.1213414825739,115.05846582149104,-9.878658517426118
400.0,0.8,497.88385588869687,388.97713156822067,97.88385588869687,-11.02286843177933
400.0,0.8,401.03592702444223,370.06846205617205,1.0359270244422305,-29.931537943827948
400.0,0.8,362.9198833395829,354.969045943157,-37.080116660417104,-45.03095405684297
400.0,0.8,380.35852082172767,365.12331684307657,-19.641479178272334,-34.876683156923434
400.0,0.8,421.71969854670925,384.3709601500116,21.719698546709253,-15.629039849988374
400.0,0.8,386.93580612365395,369.6884065854841,-13.064193876346053,-30.311593414515926
400.0,0.8,384.89204299356413,367.8837865664467,-15.107957006435868,-32.1162134335533
400.0,0.8,377.2961746993854,359.72961309267373,-22.703825300614596,-40.27038690732627
400.0,0.8,410.56602349948463,373.86961255591456,10.56602349948463,-26.130387444085443
400.0,0.8,545.4366341226099,383.30366761242215,145.43663412260992,-16.696332387577854
400.0,0.8,383.6412109898159,363.7262336030815,-16.358789010184125,-36.27376639691852
400.0,0.8,452.30837014033557,386.2043370767536,52.30837014033557,-13.795662923246425
400.0,0.8,368.90132688793864,358.03241656141705,-31.098673112061363,-41.96758343858295
400.0,0.8,347.48651583110154,343.4814267098954,-52.51348416889846,-56.5185732901046
400.0,0.8,359.4289165380905,353.01808950002993,-40.571083461909495,-46.98191049997007
400.0,0.8,351.0815364883052,348.17711428115405,-48.918463511694824,-51.82288571884595
400.0,0.8,430.1278552638597,378.4986970927836,30.127855263859715,-21.501302907216427
400.0,0.8,516.9786816465115,393.86982498499844,116.97868164651152,-6.130175015001555
400.0,0.8,587.9317895369359,406.44366799469833,187.93178953693587,6.44366799469833
400.0,0.8,370.0121007670205,360.82888815060574,-29.987899232979487,-39.171111849394265
400.0,0.8,354.7401536953859,350.5417803690634,-45.259846304614086,-49.45821963093658
400.0,0.8,381.96864612913697,365.5634474471388,-18.03135387086303,-34.4365525528612
400.0,0.8,393.7868383340989,370.71510909714954,-6.2131616659011115,-29.284890902850464
400.0,0.8,463.18600708434826,385.2553958203821,63.18600708434826,-14.744604179617909
400.0,0.8,375.3680631995193,362.02637175687846,-24.631936800480673,-37.97362824312154
400.0,0.8,533.4731792333431,394.2372067974436,133.4731792333431,-5.762793202556395
400.0,0.8,621.8505600710276,398.1517915200993,221.85056007102764,-1.848208479900677
400.0,0.8,403.5197296691251,373.0854605550597,3.5197296691251267,-26.914539444940317
400.0,0.8,385.24601095148785,363.2488375716215,-14.753989048512153,-36.75116242837851
400.0,0.8,672.0777329763278,408.1053362530719,272.07773297632775,8.105336253071926
400.0,0.8,368.87855970897954,361.5821383112717,-31.121440291020463,-38.417861688728294
400.0,0.8,402.27625473951304,370.44136838347396,2.2762547395130355,-29.558631616526043
400.0,0.8,389.54396732846527,367.4947553217779,-10.456032671534729,-32.505244678222084
400.0,0.8,411.52577451133965,374.6475673710969,11.525774511339648,-25.352432628903102
400.0,0.8,521.1482882927618,392.3087835102361,121.14828829276178,-7.691216489763917
400.0,0.8,422.5186956627103,379.13306633004896,22.518695662710286,-20.866933669951038
400.0,0.8,381.9695438150131,363.5245034655901,-18.030456184986917,-36.4754965344099
400.0,0.8,420.3214005349793,383.4941310760902,20.32140053497932,-16.505868923909816
400.0,0.8,518.8497875953077,391.107243214353,118.8497875953077,-8.892756785647009
400.0,0.8,373.7816654846095,361.85114084107994,-26.218334515390495,-38.14885915892006
400.0,0.8,414.1680761315973,373.9868312919453,14.168076131597275,-26.013168708054707
400.0,0.8,369.47551970512336,360.37457296999986,-30.52448029487664,-39.62542703000014
400.0,0.8,411.3491800391598,374.88159921236115,11.349180039159819,-25.118400787638848
400.0,0.8,341.5937561377526,340.7485450573509,-58.40624386224738,-59.251454942649104
400.0,0.8,399.4606682838248,373.46582922574424,-0.5393317161751838,-26.534170774255756
400.0,0.8,384.44544130536536,363.7812688273897,-15.554558694634636,-36.21873117261032
400.0,0.8,859.3674414667331,407.37286912184845,459.3674414667331,7.372869121848453
400.0,0.8,370.7840604794757,361.3522671633151,-29.215939520524273,-38.647732836684895
400.0,0.8,359.5425610686927,352.68209855091663,-40.45743893130731,-47.317901449083365
400.0,0.8,395.12070680469037,370.0660871623901,-4.879293195309629,-29.93391283760991
400.0,0.8,355.8996639762419,351.71945452785155,-44.100336023758075,-48.28054547214845
400.0,0.8,461.2031276142853,381.4771365111256,61.20312761428528,-18.522863488874407
400.0,0.8,385.19501333344033,366.9369098381345,-14.804986666559671,-33.06309016186549
400.0,0.8,508.8821074035772,390.9119253824964,108.88210740357721,-9.088074617503594
400.0,0.8,471.22132869823287,388.1576461686684,71.22132869823287,-11.842353831331593
400.0,0.8,444.325124782089,384.8474178493429,44.325124782089006,-15.15258215065711
400.0,0.8,420.93607921463865,378.2411144406118,20.936079214638653,-21.758885559388204
400.0,0.8,547.2063339954409,400.9274021728916,147.2063339954409,0.9274021728916182
400.0,0.8,595.8691968994464,399.30081095868746,195.86919689944637,-0.6991890413125361
400.0,0.8,390.28646656601114,371.1770991433997,-9.713533433988857,-28.822900856600313
400.0,0.8,365.8280889214924,355.46585733857694,-34.171911078507605,-44.53414266142306
400.0,0.8,361.34883703029715,356.8092255438049,-38.65116296970285,-43.19077445619507
400.0,0.8,515.4136465874459,389.5519327183637,115.4136465874459,-10.448067281636327
400.0,0.8,409.8633501657512,376.0725892446742,9.863350165751228,-23.92741075532581
400.0,0.8,2999.9999104395765,407.22993839827336,2599.9999104395765,7.229938398273362
400.0,0.8,432.9517713812245,383.5127458784322,32.95177138122449,-16.487254121567787
400.0,0.8,430.87017862567234,380.8614346104208,30.870178625672338,-19.138565389579185
400.0,0.8,367.73595636516416,358.0939830378629,-32.26404363483584,-41.90601696213707
400.0,0.8,350.9572468059514,347.09242458931647,-49.0427531940486,-52.907575410683535
400.0,0.8,398.8315409236777,370.78913581406084,-1.1684590763222786,-29.21086418593916
400.0,0.8,405.1586896676988,371.29255842870464,5.158689667698809,-28.707441571295362
400.0,0.8,394.59124090131627,370.7255041985439,-5.408759098683731,-29.274495801456112
400.0,0.8,395.5179266138221,368.3508110836942,-4.482073386177888,-31.649188916305775
400.0,0.8,639.1935203373994,399.7203634533883,239.19352033739938,-0.2796365466116981
400.0,0.8,366.82764165845595,357.07083277289775,-33.172358341544054,-42.929167227102255
400.0,0.8,413.36740382273234,375.24299398845653,13.367403822732342,-24.757006011543467
400.0,0.8,441.58832536488165,384.21819300854787,41.588325364881655,-15.781806991452129
400.0,0.8,411.2876779925994,373.5198686781768,11.287677992599413,-26.480131321823194
400.0,0.8,569.5421736380697,397.58018518761133,169.5421736380697,-2.4198148123886654
400.0,0.8,379.7863845687844,366.7466897624793,-20.2136154312156,-33.25331023752068
400.0,0.8,713.3388916698505,405.0871172338936,313.33889166985045,5.0871172338935935
400.0,0.8,448.7768613739375,385.4203499459546,48.77686137393749,-14.579650054045374
400.0,0.8,432.94411131868145,382.21000227998184,32.94411131868145,-17.789997720018164
400.0,0.8,605.9053679320554,401.1292002096839,205.90536793205536,1.1292002096839155
400.0,0.8,343.1909808572415,340.8100030855489,-56.80901914275847,-59.189996914451115
400.0,0.8,413.6250069329613,372.4408058631548,13.625006932961298,-27.55919413684518
400.0,0.8,431.9210047370381,388.0248766640008,31.921004737038118,-11.975123335999228
400.0,0.8,438.3119922926591,381.44044740371004,38.31199229265911,-18.55955259628996
400.0,0.8,343.13419087433124,342.22075568936935,-56.86580912566876,-57.779244310630645
400.0,0.8,432.5619836614879,376.7007270302315,32.561983661487886,-23.29927296976848
400.0,0.8,446.3542889926753,381.09311561761695,46.35428899267532,-18.906884382383055
400.0,0.8,372.50441457084554,358.40952057431537,-27.49558542915446,-41.590479425684634
400.0,0.8,425.96905204880477,374.2003846006705,25.96905204880477,-25.799615399329525
400.0,0.8,521.6719629919638,391.3500238260035,121.67196299196382,-8.649976173996492
400.0,0.8,542.0074989217145,395.16370120069826,142.0074989217145,-4.836298799301744
400.0,0.8,437.3254711730534,379.5305620666999,37.325471173053415,-20.469437933300128
400.0,0.8,544.2984880885224,395.26085225234544,144.2984880885224,-4.739147747654556
400.0,0.8,373.5290985976867,359.9701580855211,-26.470901402313302,-40.02984191447888
400.0,0.8,372.06998946063044,358.26886092396137,-27.93001053936956,-41.73113907603863
400.0,0.8,851.2055341111114,407.2058109097433,451.20553411111143,7.20581090974332
400.0,0.8,397.0348986599744,375.0087892204914,-2.965101340025626,-24.991210779508606
400.0,0.8,439.9782378592043,381.99935357515545,39.978237859204285,-18.000646424844547
400.0,0.8,371.4630500450582,359.0194997619594,-28.536949954941804,-40.98050023804058
400.0,0.8,351.5479692644268,349.06110925900157,-48.4520307355732,-50.93889074099843
400.0,0.8,412.3983621767606,378.5092315390305,12.3983621767606,-21.49076846096949
400.0,0.8,421.3972950188476,382.1763922759271,21.397295018847615,-17.823607724072872
400.0,0.8,415.1066311116723,377.6001951962332,15.1066311116723,-22.399804803766813
400.0,0.8,397.6839836848062,373.0541057326071,-2.3160163151937923,-26.945894267392873
400.0,0.8,342.9563958321449,341.50226539463466,-57.04360416785511,-58.49773460536534
400.0,0.8,421.0961730587136,379.34120455474994,21.09617305871359,-20.658795445250064
400.0,0.8,388.88636239604347,362.54169489440096,-11.113637603956533,-37.45830510559904
400.0,0.8,451.1016662723698,383.57357540097104,51.10166627236981,-16.426424599028962
400.0,0.8,425.7709028952067,380.9693578490087,25.77090289520669,-19.030642150991298
400.0,0.8,372.45285844147236,359.3959126300833,-27.547141558527642,-40.604087369916726
400.0,0.8,380.0007510113271,366.9600182339731,-19.99924898867289,-33.039981766026926
400.0,0.8,446.2710415860001,384.7797801450974,46.27104158600008,-15.22021985490261
400.0,0.8,413.00762180946356,376.4063149446171,13.007621809463558,-23.593685055382878
400.0,0.8,394.44080293939516,374.24054630572795,-5.559197060604845,-25.759453694272054
400.0,0.8,391.1094235018542,368.65996051609125,-8.890576498145776,-31.340039483908754
400.0,0.8,355.85719239011064,351.71671563236237,-44.14280760988936,-48.283284367637634
400.0,0.8,369.9823916980807,358.06388494463306,-30.017608301919324,-41.93611505536694
400.0,0.8,393.17495632337926,369.7838935912384,-6.825043676620737,-30.21610640876162
400.0,0.8,474.77125712963516,388.2332902945025,74.77125712963516,-11.766709705497476
400.0,0.8,508.4234129034768,390.4797661378942,108.42341290347679,-9.520233862105783
400.0,0.8,567.4243884546479,395.61408987763264,167.4243884546479,-4.385910122367363
400.0,0.8,757.4452883577384,400.20248883686105,357.4452883577384,0.20248883686105046
400.0,0.8,349.7635197614504,346.15272806808264,-50.236480238549575,-53.84727193191736
400.0,0.8,348.3661674167435,343.9596299696485,-51.63383258325649,-56.04037003035148
400.0,0.8,360.8513209855392,354.75594993575874,-39.14867901446081,-45.244050064241264
400.0,0.8,443.25166465502366,383.8581413239621,43.25166465502366,-16.141858676037884
400.0,0.8,370.27949795643036,357.05148985907374,-29.72050204356964,-42.94851014092626
400.0,0.8,420.15193514663986,380.87873796072057,20.151935146639858,-19.12126203927943
400.0,0.8,383.56092416824936,367.11607034885077,-16.439075831750642,-32.88392965114923
400.0,0.8,412.4337315205893,374.58484373123906,12.433731520589276,-25.41515626876094
400.0,0.8,386.1202237783386,369.0849898792983,-13.879776221661416,-30.91501012070171
400.0,0.8,562.1271372933281,397.0883013603658,162.12713729332813,-2.91169863963421
400.0,0.8,350.66253913265456,348.1876511796226,-49.33746086734544,-51.812348820377395
400.0,0.8,429.1777395201679,378.4341276800481,29.177739520167904,-21.565872319951893
400.0,0.8,429.6784643900487,376.80881261380284,29.678464390048703,-23.191187386197157
400.0,0.8,454.6248011169675,384.0908421713976,54.62480111696749,-15.909157828602417
400.0,0.8,420.13382259893103,381.05053454317164,20.133822598931033,-18.949465456828364
400.0,0.8,360.6538067827582,353.2094207950652,-39.34619321724182,-46.79057920493477
400.0,0.8,368.2254331677894,358.4249538533216,-31.77456683221061,-41.5750461466784
400.0,0.8,384.4596505904514,365.4698179248366,-15.540349409548583,-34.530182075163395
400.0,0.8,362.1479162122862,357.3906589729313,-37.85208378771381,-42.609341027068695
400.0,0.8,456.6597166246993,384.89392051905656,56.659716624699286,-15.106079480943436
400.0,0.8,353.968051172906,348.63591779815675,-46.03194882709403,-51.364082201843246
400.0,0.8,396.0169033408344,371.88845652275614,-3.9830966591655965,-28.111543477243856
400.0,0.8,413.42387668058086,373.5698360231141,13.423876680580861,-26.430163976885922
400.0,0.8,442.18377089638676,382.5152287574077,42.18377089638676,-17.484771242592274
400.0,0.8,355.2024486938417,350.0852337914035,-44.79755130615831,-49.91476620859652
400.0,0.8,397.71208350416345,373.68969366257545,-2.287916495836555,-26.31030633742455
400.0,0.8,364.13769783305685,355.2877096769312,-35.86230216694315,-44.71229032306883
400.0,0.8,374.0114284602392,361.09814790392386,-25.988571539760812,-38.90185209607614
400.0,0.8,427.875788329974,379.69186059249313,27.875788329974,-20.30813940750687
400.0,0.8,360.1673573597427,353.50141178668713,-39.83264264025729,-46.49858821331287
400.0,0.8,420.16061013195144,376.5894244799271,20.160610131951444,-23.410575520072882
400.0,0.8,423.97801161443425,379.0440460314783,23.97801161443425,-20.955953968521726
400.0,0.8,342.5641241287619,341.2473363792444,-57.435875871238125,-58.752663620755584
400.0,0.8,345.60746519719567,342.61019101347364,-54.392534802804335,-57.38980898652636
400.0,0.8,402.74724457956347,376.67816900564696,2.7472445795634712,-23.321830994353036
400.0,0.8,391.9926739598071,371.1524072789691,-8.00732604019288,-28.84759272103088
400.0,0.8,379.2650675631424,365.0940978284562,-20.734932436857605,-34.9059021715438
400.0,0.8,443.36028839112015,386.27162964802756,43.36028839112015,-13.728370351972444
400.0,0.8,519.9262094705501,395.3773644547525,119.92620947055013,-4.622635545247476
400.0,0.8,443.99280982431435,382.85582305226865,43.99280982431435,-17.144176947731353
400.0,0.8,341.7002321336015,340.86988850328606,-58.2997678663985,-59.13011149671394
400.0,0.8,563.8527297069865,396.0483285518414,163.85272970698645,-3.9516714481586064
400.0,0.8,544.0544925457598,399.1803756218256,144.05449254575979,-0.8196243781744101
400.0,0.8,485.62748821608386,389.9244125016037,85.62748821608386,-10.075587498396317
400.0,0.8,374.62773976930123,363.18694569611625,-25.37226023069877,-36.813054303883746
400.0,0.8,409.4757574445803,371.24139418109604,9.475757444580324,-28.75860581890396
400.0,0.8,374.265473435151,359.63842727648995,-25.734526564848977,-40.36157272351005
400.0,0.8,374.17001262666565,361.7033057864081,-25.829987373334347,-38.29669421359188
400.0,0.8,441.94468108509625,380.18228758026345,41.94468108509625,-19.81771241973655
400.0,0.8,396.74580159670614,372.18089202489466,-3.254198403293856,-27.81910797510534
400.0,0.8,411.1655318933199,372.9787699212065,11.165531893319894,-27.021230078793508
400.0,0.8,410.14740818785003,373.7703867758164,10.147408187850033,-26.229613224183595
400.0,0.8,448.6483892766358,379.4482132996837,48.64838927663578,-20.551786700316313
400.0,0.8,473.60193406248953,389.7838333501926,73.60193406248953,-10.216166649807406
400.0,0.8,367.66240462754354,359.81112616390925,-32.33759537245646,-40.18887383609075
400.0,0.8,378.8034308652977,364.44303043834486,-21.196569134702315,-35.55696956165514
400.0,0.8,407.60610144062895,371.82479824033265,7.606101440628947,-28.175201759667345
400.0,0.8,465.8044052806157,386.04249230213287,65.8044052806157,-13.957507697867129
400.0,0.8,415.609139640297,375.30290538334486,15.609139640296974,-24.697094616655136
400.0,0.8,377.3734473599892,359.2176118902771,-22.6265526400108,-40.78238810972289
400.0,0.8,367.4076612937625,361.3817208990087,-32.59233870623751,-38.61827910099129
400.0,0.8,460.7607262978016,384.6371968687581,60.760726297801625,-15.36280313124189
400.0,0.8,372.98731059309773,361.62129210188255,-27.01268940690227,-38.378707898117455
400.0,0.8,455.06669624757507,384.2946883460452,55.06669624757507,-15.705311653954823
400.0,0.8,381.91278712396996,365.5209394488502,-18.087212876030037,-34.479060551149814
400.0,0.8,362.53329885273433,354.43322548142646,-37.46670114726567,-45.56677451857354
400.0,0.8,398.9329586178644,370.6514365694705,-1.067041382135585,-29.34856343052951
400.0,0.8,438.99135667485314,380.8730783259231,38.99135667485314,-19.126921674076925
400.0,0.8,384.6191998113451,367.95714185701803,-15.380800188654916,-32.04285814298197
400.0,0.8,403.6140339369971,370.8274480537452,3.614033936997089,-29.172551946254828
400.0,0.8,387.0932622544292,368.0209872795035,-12.906737745570808,-31.979012720496485
400.0,0.8,857.2046424019469,409.731330420244,457.2046424019469,9.731330420243978
400.0,0.8,412.178647359715,377.771188055376,12.178647359715,-22.228811944624
400.0,0.8,384.33734419735686,365.3894587867904,-15.662655802643144,-34.610541213209615
400.0,0.8,358.32170227319034,353.00022378088397,-41.67829772680966,-46.99977621911603
400.0,0.8,604.5496098019968,395.5677035584508,204.54960980199678,-4.4322964415492265
400.0,0.8,363.4791771120247,355.64263711025245,-36.52082288797533,-44.35736288974755
400.0,0.8,459.3775039411336,385.8733098089433,59.377503941133625,-14.126690191056696
400.0,0.8,368.627864089015,358.1092669003446,-31.37213591098498,-41.89073309965539
400.0,0.8,362.7241885813063,354.3315245331475,-37.275811418693706,-45.6684754668525
400.0,0.8,376.1591798569769,362.6988770738704,-23.84082014302311,-37.30112292612961
400.0,0.8,394.9932346134205,373.63610430720985,-5.006765386579502,-26.36389569279015
400.0,0.8,360.0396304073437,356.0080661635169,-39.96036959265632,-43.9919338364831
400.0,0.8,414.6094165566742,375.36837869610656,14.609416556674205,-24.63162130389344
400.0,0.8,386.16596726692507,364.7768414755629,-13.834032733074935,-35.22315852443711
400.0,0.8,480.1773212591217,389.5023181379629,80.1773212591217,-10.497681862037098
400.0,0.8,354.9939896900008,349.91602930184087,-45.006010309999226,-50.083970698159135
400.0,0.8,460.4132603879777,392.4406755433451,60.41326038797769,-7.559324456654906
400.0,0.8,376.2873620566225,360.0495833583947,-23.7126379433775,-39.95041664160527
400.0,0.8,373.6153072050607,359.9749523277444,-26.384692794939326,-40.025047672255596
400.0,0.8,440.5953926068142,386.78980860937804,40.59539260681419,-13.210191390621958
400.0,0.8,390.8132295307697,371.3636587359229,-9.186770469230282,-28.63634126407709
400.0,0.8,446.46557502631276,382.3106559326912,46.46557502631276,-17.68934406730881
400.0,0.8,425.1326045269329,378.45589023073506,25.13260452693288,-21.544109769264935
400.0,0.8,434.2578808522894,381.5116623436219,34.25788085228942,-18.48833765637812
400.0,0.8,400.17352148146006,372.82851410538626,0.17352148146005675,-27.17148589461374
400.0,0.8,415.2664774106117,376.54338473817927,15.266477410611685,-23.45661526182073
400.0,0.8,539.4911884771043,389.99763982400776,139.4911884771043,-10.002360175992237
400.0,0.8,357.484568977546,351.7949124351071,-42.51543102245398,-48.20508756489289
400.0,0.8,604.1228793860755,406.2622556138881,204.1228793860755,6.262255613888101
400.0,0.8,390.5765386299278,364.18818164278076,-9.423461370072175,-35.81181835721924
400.0,0.8,459.40264918522575,381.0798905009374,59.402649185225755,-18.92010949906262
400.0,0.8,616.2021183416376,399.3006423981658,216.20211834163763,-0.6993576018342083
400.0,0.8,352.7409426257494,346.040767263497,-47.259057374250574,-53.959232736503
400.0,0.8,380.23054020074187,364.7017978463802,-19.76945979925813,-35.2982021536198
400.0,0.8,415.04512633896394,379.92822176375137,15.04512633896394,-20.071778236248633
400.0,0.8,550.1390545014021,396.7470115957784,150.13905450140214,-3.2529884042215826
400.0,0.8,402.6733283852389,371.170228054509,2.6733283852389036,-28.829771945491018
400.0,0.8,524.7057706406888,391.8755806467367,124.7057706406888,-8.124419353263306
400.0,0.8,381.0800225915271,364.21168914991983,-18.919977408472903,-35.788310850080165
400.0,0.8,343.43821614809866,342.0682526194308,-56.56178385190134,-57.93174738056922
400.0,0.8,377.56588970002014,366.176469123086,-22.434110299979864,-33.82353087691399
400.0,0.8,347.1016772528248,344.11568988417474,-52.8983227471752,-55.88431011582526
400.0,0.8,417.18711378817926,373.92729318897796,17.18711378817926,-26.072706811022044
400.0,0.8,356.1186073958541,350.3285047703523,-43.8813926041459,-49.67149522964769
400.0,0.8,358.6093486504285,350.4101396677142,-41.3906513495715,-49.58986033228581
400.0,0.8,389.5758133105615,369.69404646801047,-10.4241866894385,-30.30595353198953
400.0,0.8,461.8110468600068,384.8974711372827,61.8110468600068,-15.102528862717293
400.0,0.8,373.1619594291627,360.84953552424827,-26.83804057083728,-39.15046447575173
400.0,0.8,1024.7613071704188,405.2698145779623,624.7613071704188,5.269814577962279
400.0,0.8,381.14311795571484,363.3081905083413,-18.856882044285157,-36.69180949165872
400.0,0.8,372.6438915320027,361.92081006110874,-27.356108467997274,-38.07918993889126
400.0,0.8,381.229727052463,364.52117077322885,-18.770272947537023,-35.478829226771154
400.0,0.8,492.54435844200606,389.6657267043132,92.54435844200606,-10.334273295686785
400.0,0.8,515.7095498544676,392.34424272698055,115.70954985446758,-7.6557572730194465
400.0,0.8,544.8106320890125,391.92020699824906,144.81063208901253,-8.079793001750943
400.0,0.8,383.9435484155807,365.8561666001683,-16.05645158441928,-34.14383339983169
400.0,0.8,339.15658915594616,337.9089795805123,-60.843410844053835,-62.09102041948768
400.0,0.8,364.4078625916526,359.1507922361109,-35.59213740834741,-40.849207763889126
400.0,0.8,410.5483587188502,374.1370254458246,10.548358718850182,-25.862974554175423
400.0,0.8,409.0594365446778,375.7682919030275,9.059436544677794,-24.23170809697251
400.0,0.8,375.70800694320167,362.4981987112186,-24.291993056798333,-37.501801288781394
400.0,0.8,373.57408425945863,358.8530899839441,-26.42591574054137,-41.14691001605593
400.0,0.8,502.2109955521163,388.3002501733544,102.21099555211629,-11.699749826645586
400.0,0.8,420.5103124779736,378.3690082414562,20.510312477973628,-21.630991758543814
400.0,0.8,2999.9999356601516,410.4658799774461,2599.9999356601516,10.465879977446093
400.0,0.8,465.2079807738481,386.43600922110335,65.20798077384808,-13.563990778896653
400.0,0.8,415.79205221915504,380.046710190617,15.792052219155039,-19.953289809383023
600.0,0.2,2999.9999128196955,177.3822481798751,2399.9999128196955,-422.6177518201249
600.0,0.2,487.19945949480405,180.86525166888745,-112.80054050519595,-419.1347483311125
600.0,0.2,2999.999918693063,178.55630291622205,2399.999918693063,-421.4436970837779
600.0,0.2,2999.99991206538,179.10516312631202,2399.99991206538,-420.89483687368795
600.0,0.2,351.6446222701004,185.4698533530464,-248.3553777298996,-414.5301466469536
600.0,0.2,461.1311894561266,176.37411620186427,-138.8688105438734,-423.62588379813576
600.0,0.2,250.52879254451787,178.65813655307608,-349.47120745548216,-421.3418634469239
600.0,0.2,2999.9999215725666,187.4585598203042,2399.9999215725666,-412.54144017969577
600.0,0.2,264.1275872388494,172.5630268666423,-335.8724127611506,-427.4369731333577
600.0,0.2,291.411506218093,174.37687199904252,-308.588493781907,-425.6231280009575
600.0,0.2,526.9889280513788,176.42260171739832,-73.01107194862118,-423.5773982826017
600.0,0.2,349.1053514214379,179.19147266299035,-250.8946485785621,-420.80852733700965
600.0,0.2,2999.9999213889328,188.71613071192607,2399.9999213889328,-411.2838692880739
600.0,0.2,2999.999921708644,175.84171931117544,2399.999921708644,-424.15828068882456
600.0,0.2,2999.9999174477707,178.6528514994389,2399.9999174477707,-421.3471485005611
600.0,0.2,776.2547719792266,183.69089196202816,176.25477197922658,-416.30910803797184
600.0,0.2,311.3088091732169,183.0661744536243,-288.6911908267831,-416.9338255463757
600.0,0.2,818.4125678310843,174.68878136818452,218.4125678310843,-425.31121863181545
600.0,0.2,2999.9999212240186,188.55650597957373,2399.9999212240186,-411.4434940204263
600.0,0.2,2999.999918897251,174.82332291654532,2399.999918897251,-425.1766770834547
600.0,0.2,304.76582421400644,171.48535845540604,-295.23417578599356,-428.5146415445939
600.0,0.2,284.07042434412483,173.95698913085064,-315.92957565587517,-426.0430108691494
600.0,0.2,2999.999923017377,185.04525684805637,2399.999923017377,-414.9547431519436
600.0,0.2,2999.9999182246975,182.53187608419955,2399.9999182246975,-417.46812391580045
600.0,0.2,473.2088896573617,178.0689505111797,-126.79111034263832,-421.9310494888203
600.0,0.2,520.6841785798354,185.23154951887543,-79.31582142016464,-414.76845048112455
600.0,0.2,336.309392286055,170.98804371909685,-263.690607713945,-429.0119562809032
600.0,0.2,2516.79359669382,175.75521555407,1916.7935966938198,-424.24478444593
600.0,0.2,416.06774820030864,180.21729000415877,-183.93225179969136,-419.78270999584123
600.0,0.2,257.33579950733787,174.67620370786,-342.66420049266213,-425.32379629214
600.0,0.2,367.5898502735927,174.352595931469,-232.41014972640733,-425.647404068531
600.0,0.2,2999.9999185354864,183.93708237081776,2399.9999185354864,-416.06291762918227
600.0,0.2,2999.999921760848,189.07018087738032,2399.999921760848,-410.9298191226197
600.0,0.2,1040.1209843324389,179.53000625981886,440.12098433243887,-420.46999374018117
600.0,0.2,425.19677675513384,173.30286478159692,-174.80322324486616,-426.6971352184031
600.0,0.2,372.43598009658274,184.9007095192196,-227.56401990341726,-415.0992904807804
600.0,0.2,2999.999918483649,186.3640727586846,2399.999918483649,-413.63592724131536
600.0,0.2,317.6501503124501,178.64536509422726,-282.3498496875499,-421.35463490577274
600.0,0.2,289.9165212407632,173.59865745257014,-310.0834787592368,-426.40134254742986
600.0,0.2,2999.9999237598304,187.76711130146887,2399.9999237598304,-412.23288869853116
600.0,0.2,2999.9999171228087,189.51362549644955,2399.9999171228087,-410.48637450355045
600.0,0.2,2999.999922262644,192.68145922580118,2399.999922262644,-407.3185407741988
600.0,0.2,635.7908901838642,186.6450199295354,35.790890183864235,-413.3549800704646
600.0,0.2,292.95881314264824,177.5033866323498,-307.04118685735176,-422.4966133676502
600.0,0.2,284.02583683370716,181.2634400697384,-315.97416316629284,-418.7365599302616
600.0,0.2,2999.999921392565,187.82612936857203,2399.999921392565,-412.173870631428
600.0,0.2,2999.999923398062,183.61209073524634,2399.999923398062,-416.38790926475366
600.0,0.2,2999.999922020376,188.40454570150285,2399.999922020376,-411.59545429849715
600.0,0.2,2999.9999223755126,182.08943938375597,2399.9999223755126,-417.910560616244
600.0,0.2,2999.999922482353,184.74481986092064,2399.999922482353,-415.25518013907936
600.0,0.2,1645.1155840557242,174.7144053905046,1045.1155840557242,-425.28559460949543
600.0,0.2,401.16826133512154,180.04925008579443,-198.83173866487846,-419.9507499142056
600.0,0.2,548.259933242613,195.40281351647292,-51.74006675738701,-404.5971864835271
600.0,0.2,510.2199663257631,178.16484998625427,-89.7800336742369,-421.83515001374576
600.0,0.2,302.0186073111665,176.94150971677496,-297.9813926888335,-423.05849028322507
600.0,0.2,1217.1368028531992,186.33742270464924,617.1368028531992,-413.66257729535073
600.0,0.2,281.3544103929392,178.49672547933588,-318.6455896070608,-421.50327452066415
600.0,0.2,2999.9999220699688,193.3805413990122,2399.9999220699688,-406.6194586009878
600.0,0.2,300.7403949036881,181.80030406837415,-299.2596050963119,-418.19969593162585
600.0,0.2,384.9377557023657,187.60268167207644,-215.06224429763432,-412.3973183279236
600.0,0.2,341.16974676631077,179.92607880512574,-258.83025323368923,-420.0739211948743
600.0,0.2,2999.9999191980864,174.41759983422148,2399.9999191980864,-425.5824001657785
600.0,0.2,2999.9999216159895,184.7111162814714,2399.9999216159895,-415.2888837185286
600.0,0.2,2999.999918498244,189.13054219936055,2399.999918498244,-410.86945780063945
600.0,0.2,850.3615383455035,188.0710414717061,250.3615383455035,-411.9289585282939
600.0,0.2,264.44379759808396,169.72868722152884,-335.55620240191604,-430.27131277847116
600.0,0.2,2999.999922687811,194.04298880614988,2399.999922687811,-405.9570111938501
600.0,0.2,2999.9999201720634,169.93499720643035,2399.9999201720634,-430.06500279356965
600.0,0.2,330.32268073364827,178.04952447458524,-269.67731926635173,-421.95047552541473
600.0,0.2,312.9767356716673,181.54523867967893,-287.0232643283327,-418.45476132032104
600.0,0.2,2999.9999104395765,176.30564037769872,2399.9999104395765,-423.69435962230125
600.0,0.2,232.51012172322834,185.38649425124973,-367.48987827677166,-414.6135057487503
600.0,0.2,2999.999918115754,188.502390757624,2399.999918115754,-411.49760924237603
600.0,0.2,2999.999923618266,188.05281376894797,2399.999923618266,-411.947186231052
600.0,0.2,1008.0103307903923,178.32412482344975,408.01033079039235,-421.6758751765502
600.0,0.2,2999.999922130226,193.70361362823746,2399.999922130226,-406.29638637176254
600.0,0.2,1236.2778746060808,181.64089105024684,636.2778746060808,-418.35910894975314
600.0,0.2,2999.99992208511,186.70140014466236,2399.99992208511,-413.29859985533767
600.0,0.2,2999.999905312165,174.28060966194562,2399.999905312165,-425.7193903380544
600.0,0.2,296.32879059730413,175.97327522191347,-303.67120940269587,-424.02672477808653
600.0,0.2,2999.9999200811794,180.96202479976992,2399.9999200811794,-419.0379752002301
600.0,0.2,2999.9999131099403,187.84403202251195,2399.9999131099403,-412.15596797748805
600.0,0.2,392.03480833485366,190.98546608751943,-207.96519166514634,-409.0145339124806
600.0,0.2,372.44292456259365,176.53861593851704,-227.55707543740635,-423.46138406148293
600.0,0.2,740.1381441701301,187.36216326899083,140.1381441701301,-412.6378367310092
600.0,0.2,2999.999921628147,187.53688593188434,2399.999921628147,-412.46311406811566
600.0,0.2,2999.9999219140564,172.2858277991304,2399.9999219140564,-427.7141722008696
600.0,0.2,324.6700481757213,177.135128265505,-275.3299518242787,-422.864871734495
600.0,0.2,2999.999919337799,178.6375766266262,2399.999919337799,-421.36242337337376
600.0,0.2,2999.9999202085155,184.64849914711817,2399.9999202085155,-415.3515008528818
600.0,0.2,2999.999921321906,180.28480019913687,2399.999921321906,-419.71519980086316
600.0,0.2,395.0961333344103,183.16058238282096,-204.9038666655897,-416.83941761717904
600.0,0.2,250.54553956242125,169.85121516617846,-349.45446043757875,-430.14878483382154
600.0,0.2,2999.999910980229,183.37653421264346,2399.999910980229,-416.6234657873565
600.0,0.2,480.4290235242956,180.4869973510218,-119.57097647570441,-419.51300264897816
600.0,0.2,2999.999922350286,180.32890488104852,2399.999922350286,-419.6710951189515
600.0,0.2,2999.9999195540718,188.76711793395197,2399.9999195540718,-411.23288206604803
600.0,0.2,543.0010159897628,181.45298825594108,-56.99898401023722,-418.5470117440589
600.0,0.2,699.8321605743579,178.3401146893941,99.83216057435789,-421.6598853106059
600.0,0.2,2999.9999190854596,181.4040188473596,2399.9999190854596,-418.59598115264043
600.0,0.2,867.3858521487292,191.40140631209246,267.3858521487292,-408.5985936879075
600.0,0.2,295.3363944480093,173.7283761680931,-304.6636055519907,-426.27162383190694
600.0,0.2,2999.999921001663,182.70505254364738,2399.999921001663,-417.2949474563526
600.0,0.2,293.3808071207982,172.6382367928623,-306.6191928792018,-427.3617632071377
600.0,0.2,2999.9999104395765,177.19863264062758,2399.9999104395765,-422.8013673593724
600.0,0.2,345.669125647952,187.1727617876824,-254.330874352048,-412.82723821231764
600.0,0.2,453.65023698087873,178.43438310736215,-146.34976301912127,-421.5656168926379
600.0,0.2,573.9943778961093,187.545602207493,-26.005622103890687,-412.454397792507
600.0,0.2,266.1150778473158,176.001530516948,-333.8849221526842,-423.99846948305196
600.0,0.2,2999.9999114923785,176.52029480350961,2399.9999114923785,-423.4797051964904
600.0,0.2,392.7612600015325,181.95107408957227,-207.2387399984675,-418.0489259104277
600.0,0.2,236.81770528578966,179.7128514069345,-363.18229471421034,-420.28714859306547
600.0,0.2,2999.9999146420305,189.4976885236645,2399.9999146420305,-410.50231147633554
600.0,0.2,2999.9999192913237,192.97524210924485,2399.9999192913237,-407.02475789075515
600.0,0.2,2999.999913930296,182.89317523517295,2399.999913930296,-417.106824764827
600.0,0.2,2999.999920091025,174.05330427442934,2399.999920091025,-425.94669572557063
600.0,0.2,256.8297408726855,169.717448610724,-343.1702591273145,-430.282551389276
600.0,0.2,2999.999917510434,186.9270691247011,2399.999917510434,-413.0729308752989
600.0,0.2,293.7503410977624,183.47080458745353,-306.2496589022376,-416.52919541254647
600.0,0.2,386.75917812056235,180.44524809883578,-213.24082187943765,-419.5547519011642
600.0,0.2,254.4365489337242,171.36092572649682,-345.5634510662758,-428.6390742735032
600.0,0.2,299.9749641761816,170.54932612818862,-300.0250358238184,-429.4506738718114
600.0,0.2,2999.9999195265264,188.6689559701989,2399.9999195265264,-411.3310440298011
600.0,0.2,648.1849664245901,187.5473942201587,48.18496642459013,-412.4526057798413
600.0,0.2,237.56032007174724,173.1228730018982,-362.43967992825276,-426.8771269981018
600.0,0.2,2999.999922169527,183.7654282969577,2399.999922169527,-416.2345717030423
600.0,0.2,2999.999918378217,189.1385959905269,2399.999918378217,-410.86140400947306
600.0,0.2,726.9456797529349,184.94424930264236,126.9456797529349,-415.05575069735767
600.0,0.2,2999.999920283202,187.9725269462169,2399.999920283202,-412.02747305378307
600.0,0.2,2999.9999221884914,178.812075431727,2399.9999221884914,-421.187924568273
600.0,0.2,496.715687571271,177.29529566596128,-103.28431242872898,-422.70470433403875
600.0,0.2,296.85849976463885,175.7104905958166,-303.14150023536115,-424.2895094041834
600.0,0.2,2999.999910940061,180.76302044880944,2399.999910940061,-419.23697955119053
600.0,0.2,2999.999921897096,189.79093435555774,2399.999921897096,-410.20906564444226
600.0,0.2,435.5095188922543,181.68352227575272,-164.49048110774572,-418.3164777242473
600.0,0.2,237.02581903425485,174.300338321637,-362.9741809657452,-425.699661678363
600.0,0.2,245.17082206397208,175.55614091662972,-354.8291779360279,-424.4438590833703
600.0,0.2,507.32681864173196,181.8548994506013,-92.67318135826804,-418.1451005493987
600.0,0.2,2999.99992056184,192.860929704006,2399.99992056184,-407.139070295994
600.0,0.2,2999.999920174643,187.37600369890424,2399.999920174643,-412.62399630109576
600.0,0.2,384.4601009601333,176.53577073804558,-215.53989903986673,-423.4642292619544
600.0,0.2,244.13367754841363,174.0701112718018,-355.86632245158637,-425.9298887281982
600.0,0.2,2999.999922094848,181.01371355798068,2399.999922094848,-418.9862864420193
600.0,0.2,1443.9114982163774,196.84153558556207,843.9114982163774,-403.15846441443796
600.0,0.2,651.7208148215136,189.97010671918014,51.72081482151361,-410.02989328081986
600.0,0.2,2999.9999157789416,185.6788961015103,2399.9999157789416,-414.3211038984897
600.0,0.2,636.6621305022962,184.27327376409517,36.662130502296236,-415.72672623590483
600.0,0.2,2065.1671513060282,192.24768529405293,1465.1671513060282,-407.7523147059471
600.0,0.2,357.14229384868327,180.09494214227456,-242.85770615131673,-419.9050578577254
600.0,0.2,2999.999921148613,182.9769342507086,2399.999921148613,-417.0230657492914
600.0,0.2,614.961917023358,188.62987210532938,14.961917023357955,-411.37012789467065
600.0,0.2,452.8640689125718,178.39167154446682,-147.13593108742822,-421.6083284555332
600.0,0.2,361.6912864293522,183.4451163259994,-238.3087135706478,-416.5548836740006
600.0,0.2,336.09320518252207,184.21634740329225,-263.90679481747793,-415.7836525967077
600.0,0.2,478.5097106466364,175.9322427154415,-121.49028935336361,-424.0677572845585
600.0,0.2,1440.0238268966334,180.4596501248408,840.0238268966334,-419.5403498751592
600.0,0.2,379.273619365999,176.0328616970804,-220.72638063400098,-423.9671383029196
600.0,0.2,2999.9999218695025,193.0417923232223,2399.9999218695025,-406.9582076767777
600.0,0.2,411.7814595299351,185.88984186084323,-188.2185404700649,-414.11015813915674
600.0,0.2,513.7425070311031,182.8304522665963,-86.25749296889694,-417.1695477334037
600.0,0.2,446.59865625889586,185.57076392682848,-153.40134374110414,-414.4292360731715
600.0,0.2,328.5993638244817,176.47089603511645,-271.4006361755183,-423.5291039648836
600.0,0.2,259.73570749274194,178.39717019218762,-340.26429250725806,-421.6028298078124
600.0,0.2,267.39433701154456,176.93475667875958,-332.60566298845544,-423.0652433212404
600.0,0.2,407.8197391486559,180.21472786103934,-192.1802608513441,-419.78527213896064
600.0,0.2,2999.99992234439,182.92797614899672,2399.99992234439,-417.0720238510033
600.0,0.2,2999.999921095817,183.7306983551151,2399.999921095817,-416.2693016448849
600.0,0.2,635.1804040472034,186.8803464272241,35.18040404720341,-413.11965357277586
600.0,0.2,254.19906884089173,181.92487187955052,-345.80093115910825,-418.07512812044945
600.0,0.2,510.8563804762628,179.76819684720627,-89.14361952373719,-420.23180315279376
600.0,0.2,441.15980371505793,183.60143845053014,-158.84019628494207,-416.39856154946983
600.0,0.2,300.0405357936636,173.48657579813604,-299.9594642063364,-426.5134242018639
600.0,0.2,491.5079880290095,178.10325030718,-108.49201197099052,-421.89674969282
600.0,0.2,2999.9999219437072,191.26664904599588,2399.9999219437072,-408.7333509540041
600.0,0.2,2999.999918246281,179.05261215984896,2399.999918246281,-420.947387840151
600.0,0.2,970.9758905950101,180.1400107288725,370.9758905950101,-419.85998927112746
600.0,0.2,346.0515765641476,176.434527930833,-253.94842343585242,-423.56547206916696
600.0,0.2,2999.9999169629777,182.60527125619254,2399.9999169629777,-417.3947287438075
600.0,0.2,2999.999917117469,178.0344740703051,2399.999917117469,-421.9655259296949
600.0,0.2,2999.9999209144457,185.14341418053976,2399.9999209144457,-414.85658581946024
600.0,0.2,640.4654142892549,181.00668002865203,40.46541428925491,-418.993319971348
600.0,0.2,387.500730156893,180.30645592111586,-212.49926984310702,-419.69354407888414
600.0,0.2,439.0903221651741,188.2167533248809,-160.9096778348259,-411.78324667511913
600.0,0.2,228.7932429864163,168.21536270386972,-371.2067570135837,-431.7846372961303
600.0,0.2,2999.999923180096,187.26686568552037,2399.999923180096,-412.7331343144796
600.0,0.2,473.43318159373894,183.51979833850513,-126.56681840626106,-416.4802016614949
600.0,0.2,2999.9999212073308,184.68483609447577,2399.9999212073308,-415.31516390552423
600.0,0.2,2999.9999168292798,189.17487133501223,2399.9999168292798,-410.8251286649878
600.0,0.2,235.0888375029821,177.93436696534926,-364.9111624970179,-422.0656330346508
600.0,0.2,265.3337934014393,178.70061148523678,-334.6662065985607,-421.2993885147632
600.0,0.2,2999.9999174661125,190.81267369373367,2399.9999174661125,-409.1873263062663
600.0,0.2,2999.999920974421,185.52755972648808,2399.999920974421,-414.4724402735119
600.0,0.2,2999.9999175866114,180.96598179622447,2399.9999175866114,-419.03401820377553
600.0,0.2,343.05089139134327,187.71518888022246,-256.94910860865673,-412.28481111977754
600.0,0.2,290.7598041473557,174.8885021129796,-309.2401958526443,-425.1114978870204
600.0,0.2,2999.9999258330795,184.60400906093153,2399.9999258330795,-415.3959909390685
600.0,0.2,2999.9999200707775,183.21043500942898,2399.9999200707775,-416.789564990571
600.0,0.2,239.51262593517367,175.41407006114005,-360.4873740648263,-424.58592993886
600.0,0.2,406.14215741169335,184.95274722730537,-193.85784258830665,-415.0472527726946
600.0,0.2,366.4334379264445,187.2235853488797,-233.56656207355547,-412.77641465112026
600.0,0.2,694.8539230313391,181.94135645904723,94.85392303133915,-418.05864354095274
600.0,0.2,779.8400243329494,180.93226326998186,179.84002433294938,-419.06773673001817
600.0,0.2,354.66709726820466,171.78204063896794,-245.33290273179534,-428.21795936103206
600.0,0.2,307.201379198394,181.37158969639015,-292.798620801606,-418.6284103036098
600.0,0.2,371.4046104301795,188.80446364630458,-228.5953895698205,-411.1955363536954
600.0,0.2,2999.999918031889,180.76758368023226,2399.999918031889,-419.2324163197677
600.0,0.2,862.2605149866413,183.5101447781497,262.2605149866413,-416.4898552218503
600.0,0.2,2999.99992038287,181.9372910032601,2399.99992038287,-418.0627089967399
600.0,0.2,668.5739984926269,187.76456466843254,68.57399849262686,-412.2354353315675
600.0,0.2,2999.9999199463514,188.79854387377864,2399.9999199463514,-411.2014561262214
600.0,0.2,2999.999924473321,182.82719808489975,2399.999924473321,-417.17280191510025
600.0,0.2,2999.9999104395765,184.59172308573045,2399.9999104395765,-415.40827691426955
600.0,0.2,2999.9999229101522,177.2566513990201,2399.9999229101522,-422.7433486009799
600.0,0.2,360.5667935426734,171.24682720512985,-239.4332064573266,-428.7531727948701
600.0,0.2,264.2932364654098,174.92116907326454,-335.7067635345902,-425.07883092673546
600.0,0.2,590.1790660463085,193.51486255931582,-9.820933953691451,-406.4851374406842
600.0,0.2,305.67527423109516,177.73317239308233,-294.32472576890484,-422.2668276069177
600.0,0.2,2999.9999155299547,189.04269853845767,2399.9999155299547,-410.95730146154233
600.0,0.2,611.1222427971742,178.59806020110477,11.12224279717418,-421.4019397988952
600.0,0.2,2999.9999158849478,184.0647236102681,2399.9999158849478,-415.93527638973194
600.0,0.2,455.95399601907707,186.11934330709016,-144.04600398092293,-413.88065669290984
600.0,0.2,2999.999932286841,184.44959063961116,2399.999932286841,-415.5504093603888
600.0,0.2,2999.9999166400216,183.09128895596982,2399.9999166400216,-416.90871104403016
600.0,0.2,333.62963926308794,179.36394265353186,-266.37036073691206,-420.63605734646814
600.0,0.2,224.19763428236,171.43353354186843,-375.80236571764,-428.5664664581316
600.0,0.2,2999.999922922367,185.61912667891679,2399.999922922367,-414.3808733210832
600.0,0.2,380.27983361439743,174.14947966808086,-219.72016638560257,-425.85052033191914
600.0,0.2,2999.9999222682445,190.2609645536162,2399.9999222682445,-409.7390354463838
600.0,0.2,315.90270326357887,180.33858042096224,-284.09729673642113,-419.6614195790378
600.0,0.2,2999.9999172981998,179.48834682450112,2399.9999172981998,-420.51165317549885
600.0,0.2,267.6991198994373,184.6072902320891,-332.3008801005627,-415.3927097679109
600.0,0.2,2999.9999190131784,178.11716201622704,2399.9999190131784,-421.88283798377296
600.0,0.2,449.8507505470094,177.15656630146964,-150.1492494529906,-422.84343369853036
600.0,0.2,510.03474990935786,179.74676321607961,-89.96525009064214,-420.2532367839204
600.0,0.2,400.40631036679673,178.99288030426237,-199.59368963320327,-421.00711969573763
600.0,0.2,968.197742723595,189.14320681248256,368.19774272359496,-410.85679318751744
600.0,0.2,2999.9999212259672,190.32227086405794,2399.9999212259672,-409.67772913594206
600.0,0.2,293.2703094319913,185.41650813938605,-306.7296905680087,-414.58349186061395
600.0,0.2,2999.9999104395765,180.1115158981634,2399.9999104395765,-419.88848410183664
600.0,0.2,488.0374261179867,179.37121979218063,-111.96257388201332,-420.6287802078194
600.0,0.2,404.2579748146409,182.09183840183877,-195.74202518535913,-417.9081615981612
600.0,0.2,2999.999916909988,184.91219810800277,2399.999916909988,-415.08780189199723
600.0,0.2,281.07153858326666,177.68538160685816,-318.92846141673334,-422.3146183931418
600.0,0.2,2999.9999222991305,180.96180660929346,2399.9999222991305,-419.0381933907065
600.0,0.2,317.88911127351463,183.04080424137962,-282.11088872648537,-416.95919575862035
600.0,0.2,258.5849183066549,171.27729109929072,-341.4150816933451,-428.7227089007093
600.0,0.2,1742.3982402247007,177.76094194645648,1142.3982402247007,-422.23905805354354
600.0,0.2,407.5890108136674,182.9714599059671,-192.41098918633259,-417.0285400940329
600.0,0.2,266.517591701431,176.31055278758126,-333.482408298569,-423.6894472124187
600.0,0.2,2999.9999227439525,183.69361049709693,2399.9999227439525,-416.3063895029031
600.0,0.2,2999.9999219178,184.9045528653881,2399.9999219178,-415.0954471346119
600.0,0.2,226.4352318245327,174.82116248929174,-373.5647681754673,-425.17883751070826
600.0,0.2,2999.9999174043837,182.3594392879436,2399.9999174043837,-417.6405607120564
600.0,0.2,389.100748284335,182.6671357625822,-210.899251715665,-417.33286423741777
600.0,0.2,313.6738318851869,178.11616352960797,-286.3261681148131,-421.883836470392
600.0,0.2,288.581045306026,192.6391133509849,-311.418954693974,-407.36088664901513
600.0,0.2,409.0492172995756,182.74520657659036,-190.95078270042438,-417.25479342340964
600.0,0.2,250.93893185556135,176.69870528423604,-349.06106814443865,-423.30129471576396
600.0,0.2,495.8375562000542,183.54676885872513,-104.16244379994578,-416.45323114127484
600.0,0.2,467.1104485095855,183.56186814718478,-132.88955149041448,-416.4381318528152
600.0,0.2,2999.9999104395765,184.07321623064408,2399.9999104395765,-415.9267837693559
600.0,0.2,2999.9999235197856,173.73176781030492,2399.9999235197856,-426.2682321896951
600.0,0.2,411.12698582151484,173.89178064935905,-188.87301417848516,-426.108219350641
600.0,0.2,306.3439224986729,184.01491125063265,-293.6560775013271,-415.9850887493674
600.0,0.2,400.7575704209995,177.86391464182864,-199.2424295790005,-422.1360853581714
600.0,0.2,2999.9999203452303,174.42182996999114,2399.9999203452303,-425.5781700300089
600.0,0.2,426.8452318455755,173.34254604341533,-173.15476815442452,-426.6574539565847
600.0,0.2,269.10747183623386,180.86324532747525,-330.89252816376614,-419.1367546725247
600.0,0.2,1088.063679720182,174.3880285378695,488.0636797201821,-425.6119714621305
600.0,0.2,296.87925364539313,174.86284104140952,-303.12074635460687,-425.1371589585905
600.0,0.2,825.1253707917195,191.90245003039414,225.12537079171955,-408.0975499696059
600.0,0.2,335.50155791128225,180.34622645082248,-264.49844208871775,-419.6537735491775
600.0,0.2,639.7569559289498,186.22939421566,39.756955928949765,-413.77060578434
600.0,0.2,227.48273558461003,171.28641537989205,-372.51726441538995,-428.71358462010795
600.0,0.2,332.86839893518385,175.60095183748714,-267.13160106481615,-424.3990481625128
600.0,0.2,1042.2376400287092,174.75967121215297,442.23764002870917,-425.24032878784703
600.0,0.2,2999.999920690695,188.9639465013576,2399.999920690695,-411.0360534986424
600.0,0.2,1198.660146811566,185.37221363666205,598.6601468115659,-414.6277863633379
600.0,0.2,365.22067035763337,179.8412181377774,-234.77932964236663,-420.1587818622226
600.0,0.2,2999.9999213068136,180.00776315733637,2399.9999213068136,-419.9922368426636
600.0,0.2,304.523992510908,179.682098444416,-295.476007489092,-420.317901555584
600.0,0.2,2999.999923469166,189.1452471421053,2399.999923469166,-410.8547528578947
600.0,0.2,2999.9999230297376,191.32243690607385,2399.9999230297376,-408.67756309392615
600.0,0.2,309.27229099078534,183.2977137500519,-290.72770900921466,-416.7022862499481
600.0,0.2,2999.999919054961,173.4422127113107,2399.999919054961,-426.55778728868927
600.0,0.2,2999.9999222908623,185.25230465354133,2399.9999222908623,-414.74769534645867
600.0,0.2,2999.9999104395765,180.92022370124388,2399.9999104395765,-419.0797762987561
600.0,0.2,519.6736142018435,181.68466202393313,-80.32638579815648,-418.31533797606687
600.0,0.2,2323.0954853370085,184.35320674333227,1723.0954853370085,-415.6467932566677
600.0,0.2,260.1945864492981,178.12108873040353,-339.8054135507019,-421.8789112695965
600.0,0.2,409.4145578391574,184.70866980376823,-190.5854421608426,-415.2913301962318
600.0,0.2,2999.9999224835783,181.72931656503422,2399.9999224835783,-418.2706834349658
600.0,0.2,2999.9999216962105,185.0824415665511,2399.9999216962105,-414.9175584334489
600.0,0.2,2999.9999186379487,187.82937556034724,2399.9999186379487,-412.1706244396528
600.0,0.2,2999.9999232630757,180.08657804547727,2399.9999232630757,-419.91342195452273
600.0,0.2,228.63112013290856,184.09620128799332,-371.36887986709144,-415.9037987120067
600.0,0.2,220.53912036935577,165.7627782908246,-379.46087963064423,-434.2372217091754
600.0,0.2,940.3974880786855,183.55900942015188,340.39748807868546,-416.4409905798481
600.0,0.2,2999.9999207611086,194.79121427305634,2399.9999207611086,-405.2087857269437
600.0,0.2,1040.4940863047004,187.74478436177884,440.49408630470043,-412.25521563822116
600.0,0.4,415.37110104452023,310.40778021412154,-184.62889895547977,-289.59221978587846
600.0,0.4,2999.9999145508964,322.98475866322826,2399.9999145508964,-277.01524133677174
600.0,0.4,944.53623490338,326.27940978378564,344.53623490338,-273.72059021621436
600.0,0.4,411.7193702598539,309.3133515190838,-188.28062974014608,-290.6866484809162
600.0,0.4,742.5077693795688,320.1223215278672,142.5077693795688,-279.8776784721328
600.0,0.4,2999.9999104395765,330.2314155422298,2399.9999104395765,-269.7685844577702
600.0,0.4,2999.9999339404103,327.079416069562,2399.9999339404103,-272.920583930438
600.0,0.4,435.2629477782255,321.1051259785919,-164.7370522217745,-278.8948740214081
600.0,0.4,2999.9999113625495,340.8643359284584,2399.9999113625495,-259.1356640715416
600.0,0.4,2999.999915826193,325.84267998214176,2399.999915826193,-274.15732001785824
600.0,0.4,1450.826557069055,329.7604435826814,850.8265570690551,-270.2395564173186
600.0,0.4,2999.9999140067202,330.40979159018895,2399.9999140067202,-269.59020840981105
600.0,0.4,532.9980254449198,316.62758994705104,-67.00197455508021,-283.37241005294896
600.0,0.4,2999.999947940049,332.7831354831138,2399.999947940049,-267.2168645168862
600.0,0.4,1072.8372133922528,327.88590639861434,472.8372133922528,-272.11409360138566
600.0,0.4,2999.9999158272594,329.1496144225895,2399.9999158272594,-270.8503855774105
600.0,0.4,904.3766850251571,321.9052287576074,304.37668502515714,-278.0947712423926
600.0,0.4,2999.9999159439176,332.1158188875964,2399.9999159439176,-267.8841811124036
600.0,0.4,2999.9999131555383,327.64387168741894,2399.9999131555383,-272.35612831258106
600.0,0.4,691.1916367317925,323.66116930544644,91.19163673179253,-276.33883069455356
600.0,0.4,2002.9933144362844,330.07246957803994,1402.9933144362844,-269.92753042196006
600.0,0.4,805.5056866298453,317.79748032352103,205.5056866298453,-282.20251967647897
600.0,0.4,398.79224964160875,309.24209887934717,-201.20775035839125,-290.75790112065283
600.0,0.4,1042.2367321356744,325.35359483253905,442.2367321356744,-274.64640516746095
600.0,0.4,596.1677027134266,324.8250377737942,-3.8322972865734073,-275.1749622262058
600.0,0.4,407.1483984308954,308.65958970023354,-192.85160156910462,-291.34041029976646
600.0,0.4,357.98454190558726,306.58379720612345,-242.01545809441274,-293.41620279387655
600.0,0.4,1060.3335634768002,332.6607449364941,460.33356347680024,-267.3392550635059
600.0,0.4,718.2500321828899,324.6877701862482,118.25003218288987,-275.3122298137518
600.0,0.4,697.9610590516322,324.8031038263097,97.96105905163222,-275.1968961736903
600.0,0.4,617.9454949597762,321.1397950541367,17.94549495977617,-278.8602049458633
600.0,0.4,2999.9999104395765,330.6135528535982,2399.9999104395765,-269.3864471464018
600.0,0.4,795.5196119160555,322.73569334809923,195.5196119160555,-277.26430665190077
600.0,0.4,521.8474703853901,319.2660429542887,-78.15252961460988,-280.7339570457113
600.0,0.4,2999.9999284999217,329.9727375150483,2399.9999284999217,-270.0272624849517
600.0,0.4,427.04995598543957,315.89996109837585,-172.95004401456043,-284.10003890162415
600.0,0.4,2999.9999115421383,329.27408526321966,2399.9999115421383,-270.72591473678034
600.0,0.4,613.4381526593064,319.7732392668691,13.438152659306411,-280.2267607331309
600.0,0.4,2999.9999131214304,328.74883434949726,2399.9999131214304,-271.25116565050274
600.0,0.4,2999.9999302387687,333.2254444333984,2399.9999302387687,-266.7745555666016
600.0,0.4,535.9368716919096,325.35641141500383,-64.06312830809043,-274.64358858499617
600.0,0.4,429.6176454228832,318.59383585390214,-170.3823545771168,-281.40616414609786
600.0,0.4,471.27442139275627,319.44498680421185,-128.72557860724373,-280.55501319578815
600.0,0.4,2999.9999291754903,331.82790442717453,2399.9999291754903,-268.17209557282547
600.0,0.4,2999.9999187997087,345.3739156303458,2399.9999187997087,-254.62608436965422
600.0,0.4,518.9597713050532,315.9697421529776,-81.04022869494679,-284.0302578470224
600.0,0.4,591.8910905701064,324.5600384111746,-8.108909429893629,-275.4399615888254
600.0,0.4,2999.999919226506,334.336838436813,2399.999919226506,-265.663161563187
600.0,0.4,756.8954588991395,329.59707708349464,156.8954588991395,-270.40292291650536
600.0,0.4,950.2767261836404,318.3170579234086,350.27672618364045,-281.6829420765914
600.0,0.4,601.5593203095683,326.5488573238174,1.5593203095683066,-273.4511426761826
600.0,0.4,636.8290117810685,320.53730750158365,36.829011781068516,-279.46269249841635
600.0,0.4,2999.9999137148093,337.13701171813125,2399.9999137148093,-262.86298828186875
600.0,0.4,2999.999917622562,335.1171967679894,2399.999917622562,-264.8828032320106
600.0,0.4,2999.9999184660064,331.2276535937034,2399.9999184660064,-268.7723464062966
600.0,0.4,2999.99991508829,348.3287370280657,2399.99991508829,-251.6712629719343
600.0,0.4,2999.9999197981356,342.18855946616713,2399.9999197981356,-257.81144053383287
600.0,0.4,2999.9999163903003,327.54762698282667,2399.9999163903003,-272.45237301717333
600.0,0.4,984.2282447704127,332.5110892602736,384.22824477041274,-267.4889107397264
600.0,0.4,568.7013434028486,322.5007188349601,-31.29865659715142,-277.4992811650399
600.0,0.4,549.7902147284373,325.40017824517565,-50.20978527156274,-274.59982175482435
600.0,0.4,2037.5348712236873,328.973946458325,1437.5348712236873,-271.026053541675
600.0,0.4,441.43686458482654,322.7284007463035,-158.56313541517346,-277.2715992536965
600.0,0.4,834.2047846887615,320.0945849366272,234.2047846887615,-279.9054150633728
600.0,0.4,400.7731166777784,308.41077260212285,-199.22688332222162,-291.58922739787715
600.0,0.4,2999.999914928193,321.870961833383,2399.999914928193,-278.129038166617
600.0,0.4,1562.4937895755836,329.2038749257214,962.4937895755836,-270.7961250742786
600.0,0.4,2999.9999104395765,336.014265295208,2399.9999104395765,-263.985734704792
600.0,0.4,793.8750288162782,333.91856485163316,193.87502881627825,-266.08143514836684
600.0,0.4,524.3926153969987,319.8061641567271,-75.60738460300126,-280.1938358432729
600.0,0.4,1118.249125505518,333.18136912740624,518.2491255055179,-266.81863087259376
600.0,0.4,662.8897911019969,325.1066081624325,62.889791101996934,-274.8933918375675
600.0,0.4,2999.9999104395765,336.3586365658425,2399.9999104395765,-263.6413634341575
600.0,0.4,2999.9999104395765,329.9043156790914,2399.9999104395765,-270.0956843209086
600.0,0.4,429.50882425389904,319.2932390418194,-170.49117574610096,-280.7067609581806
600.0,0.4,378.4980885018684,306.48845650978996,-221.50191149813162,-293.51154349021004
600.0,0.4,1395.227649958297,333.13370165148365,795.227649958297,-266.86629834851635
600.0,0.4,447.36862392501405,315.8850964063916,-152.63137607498595,-284.1149035936084
600.0,0.4,913.2938487743329,323.9948720142004,313.2938487743329,-276.0051279857996
600.0,0.4,613.3947943030818,324.37775057767095,13.394794303081767,-275.62224942232905
600.0,0.4,519.4514992713791,322.9004840148119,-80.54850072862087,-277.0995159851881
600.0,0.4,431.17442235601993,312.05856826423553,-168.82557764398007,-287.94143173576447
600.0,0.4,340.10428654841616,305.5868128007229,-259.89571345158384,-294.4131871992771
600.0,0.4,699.790956847082,319.2887133577195,99.79095684708204,-280.7112866422805
600.0,0.4,2999.9999172887074,330.1916742684479,2399.9999172887074,-269.8083257315521
600.0,0.4,1743.2885367739439,324.66870401451075,1143.2885367739439,-275.33129598548925
600.0,0.4,1021.8574963680139,335.725397800869,421.8574963680139,-264.274602199131
600.0,0.4,674.0443764597152,319.6655853919807,74.04437645971518,-280.3344146080193
600.0,0.4,592.1065833059096,326.1395086592611,-7.893416694090433,-273.8604913407389
600.0,0.4,340.79516823567207,300.7502468963414,-259.20483176432793,-299.2497531036586
600.0,0.4,385.40538543016606,309.64296867106617,-214.59461456983394,-290.35703132893383
600.0,0.4,325.45597689497396,298.9009229214713,-274.54402310502604,-301.0990770785287
600.0,0.4,2999.9999175433,337.1156719304034,2399.9999175433,-262.8843280695966
600.0,0.4,648.4251255245392,324.57777506547194,48.425125524539226,-275.42222493452806
600.0,0.4,2999.999916445029,327.6928064369928,2399.999916445029,-272.3071935630072
600.0,0.4,1148.8536562198394,325.66055834293314,548.8536562198394,-274.33944165706686
600.0,0.4,357.7278556156518,308.49418467601055,-242.27214438434822,-291.50581532398945
600.0,0.4,2999.999919436651,337.4291903568185,2399.999919436651,-262.5708096431815
600.0,0.4,656.2078933595028,328.43370636194436,56.207893359502805,-271.56629363805564
600.0,0.4,406.8943173456073,318.3888134497252,-193.1056826543927,-281.6111865502748
600.0,0.4,471.7225090790047,318.89923455191075,-128.27749092099532,-281.10076544808925
600.0,0.4,2999.9999164351766,338.84970147024575,2399.9999164351766,-261.15029852975425
600.0,0.4,476.62249158374414,322.40592007391564,-123.37750841625586,-277.59407992608436
600.0,0.4,1336.94438805038,329.51703656282467,736.94438805038,-270.48296343717533
600.0,0.4,557.2145686569505,319.92297724154315,-42.78543134304948,-280.07702275845685
600.0,0.4,550.8471970571782,323.1349663040006,-49.152802942821836,-276.8650336959994
600.0,0.4,2999.9999179423553,341.77121889563216,2399.9999179423553,-258.22878110436784
600.0,0.4,2999.9999115372757,322.5818543079427,2399.9999115372757,-277.4181456920573
600.0,0.4,2999.9999211275367,333.59927427937595,2399.9999211275367,-266.40072572062405
600.0,0.4,2999.9999162876356,346.83750798616984,2399.9999162876356,-253.16249201383016
600.0,0.4,2999.9999177300515,332.833792154496,2399.9999177300515,-267.166207845504
600.0,0.4,459.4581192719227,322.23527810049035,-140.54188072807727,-277.76472189950965
600.0,0.4,2999.9999199943218,327.54134094531446,2399.9999199943218,-272.45865905468554
600.0,0.4,2999.9999196239382,333.3830774659379,2399.9999196239382,-266.6169225340621
600.0,0.4,450.2112294909885,313.73866325826566,-149.7887705090115,-286.26133674173434
600.0,0.4,2999.9999104395765,338.4833110727457,2399.9999104395765,-261.5166889272543
600.0,0.4,2999.999918094609,336.66334248725934,2399.999918094609,-263.33665751274066
600.0,0.4,998.8168098210534,329.29509124695073,398.8168098210534,-270.70490875304927
600.0,0.4,566.806947687206,322.9518734525827,-33.19305231279395,-277.0481265474173
600.0,0.4,483.5085728619308,318.3292426104855,-116.49142713806918,-281.6707573895145
600.0,0.4,710.7865673569713,317.2173697866973,110.78656735697132,-282.7826302133027
600.0,0.4,553.1075025911792,318.1640494620736,-46.89249740882076,-281.8359505379264
600.0,0.4,2999.9999180151794,338.22101592686414,2399.9999180151794,-261.77898407313586
600.0,0.4,1631.1440727388106,328.1751250882586,1031.1440727388106,-271.8248749117414
600.0,0.4,1138.6519279554616,325.342340100529,538.6519279554616,-274.657659899471
600.0,0.4,362.01238421663624,302.41463318362935,-237.98761578336376,-297.58536681637065
600.0,0.4,510.016256867076,324.1116214404735,-89.98374313292402,-275.8883785595265
600.0,0.4,1581.6801402724843,323.2424068833779,981.6801402724843,-276.7575931166221
600.0,0.4,352.19638571048114,303.98979731524213,-247.80361428951886,-296.01020268475787
600.0,0.4,432.6465985443765,318.41540522278194,-167.3534014556235,-281.58459477721806
600.0,0.4,406.8501094810647,313.66130302365605,-193.1498905189353,-286.33869697634395
600.0,0.4,375.11862073328,316.43060081994724,-224.88137926672,-283.56939918005276
600.0,0.4,2999.9999187737844,334.8810088401285,2399.9999187737844,-265.1189911598715
600.0,0.4,578.0054304498874,325.95144551690777,-21.9945695501126,-274.04855448309223
600.0,0.4,520.8517744627877,319.00227600505383,-79.14822553721228,-280.99772399494617
600.0,0.4,471.92192581684793,316.2613236195963,-128.07807418315207,-283.7386763804037
600.0,0.4,358.55390365288275,304.51102501584916,-241.44609634711725,-295.48897498415084
600.0,0.4,1063.545169143581,328.4760229631639,463.545169143581,-271.5239770368361
600.0,0.4,371.99480046620704,314.03905377593344,-228.00519953379296,-285.96094622406656
600.0,0.4,414.9653305380679,313.51279845909045,-185.03466946193208,-286.48720154090955
600.0,0.4,745.3688524654908,323.73810006577776,145.36885246549082,-276.26189993422224
600.0,0.4,530.4275287231675,325.77875665809455,-69.57247127683252,-274.22124334190545
600.0,0.4,2999.9999145338816,334.88140165635787,2399.9999145338816,-265.11859834364213
600.0,0.4,458.1812872083217,320.8054085788018,-141.8187127916783,-279.1945914211982
600.0,0.4,2999.999922195302,323.7881104820201,2399.999922195302,-276.2118895179799
600.0,0.4,2999.9999104395765,326.9818440962363,2399.9999104395765,-273.0181559037637
600.0,0.4,1087.2086462472348,321.46091793307966,487.2086462472348,-278.53908206692034
600.0,0.4,2999.999919811046,327.780938142259,2399.999919811046,-272.219061857741
600.0,0.4,2999.9999134171985,322.563214474606,2399.9999134171985,-277.436785525394
600.0,0.4,2999.9999104395765,342.25122681723207,2399.9999104395765,-257.74877318276793
600.0,0.4,433.3347258269872,316.12490530786306,-166.6652741730128,-283.87509469213694
600.0,0.4,356.6717729338384,311.61939362642687,-243.32822706616162,-288.38060637357313
600.0,0.4,433.2054258271597,316.4175566539926,-166.79457417284033,-283.5824433460074
600.0,0.4,523.4577627044297,315.30798738784114,-76.54223729557032,-284.69201261215886
600.0,0.4,453.95374302031036,322.75127471046505,-146.04625697968964,-277.24872528953495
600.0,0.4,527.7317283891978,322.0375456483815,-72.26827161080223,-277.9624543516185
600.0,0.4,466.6964992674436,321.32113250284414,-133.30350073255642,-278.67886749715586
600.0,0.4,490.06041847817824,318.46475389169404,-109.93958152182176,-281.53524610830596
600.0,0.4,2999.9999104395765,328.76610542005005,2399.9999104395765,-271.23389457994995
600.0,0.4,2999.9999104395765,327.03125096362373,2399.9999104395765,-272.96874903637627
600.0,0.4,508.645481258669,324.08396767983396,-91.35451874133099,-275.91603232016604
600.0,0.4,2999.9999104395765,328.5935850148117,2399.9999104395765,-271.4064149851883
600.0,0.4,2999.9999176550828,325.77495926536295,2399.9999176550828,-274.22504073463705
600.0,0.4,693.8642084280827,323.72593920585507,93.86420842808275,-276.27406079414493
600.0,0.4,2999.999918849063,335.04273370813286,2399.999918849063,-264.95726629186714
600.0,0.4,784.2531396820276,321.412186381179,184.2531396820276,-278.587813618821
600.0,0.4,623.4676205108502,323.47598778640764,23.467620510850224,-276.52401221359236
600.0,0.4,360.0961113048629,303.74704937604207,-239.90388869513708,-296.25295062395793
600.0,0.4,428.14649587469097,315.61839672526503,-171.85350412530903,-284.38160327473497
600.0,0.4,457.8791949087664,322.54571240444284,-142.1208050912336,-277.45428759555716
600.0,0.4,549.0304914798712,317.48714023037047,-50.969508520128784,-282.51285976962953
600.0,0.4,365.5988016056284,304.7265608359056,-234.4011983943716,-295.2734391640944
600.0,0.4,368.950219520681,307.14272757504443,-231.049780479319,-292.85727242495557
600.0,0.4,905.9264627501573,330.5516582675854,305.92646275015727,-269.4483417324146
600.0,0.4,790.9952421064763,327.87535566819827,190.99524210647633,-272.12464433180173
600.0,0.4,2999.999910562824,334.0169560463381,2399.999910562824,-265.9830439536619
600.0,0.4,681.4892404484216,323.0377938500532,81.48924044842158,-276.9622061499468
600.0,0.4,318.1538720127849,293.0349026581846,-281.8461279872151,-306.9650973418154
600.0,0.4,454.05089327784543,315.5568598244144,-145.94910672215457,-284.4431401755856
600.0,0.4,427.9359200060594,312.9259141399088,-172.0640799939406,-287.0740858600912
600.0,0.4,486.90803600359914,321.3114532302363,-113.09196399640086,-278.6885467697637
600.0,0.4,588.991214444143,323.6297273339748,-11.008785555857003,-276.3702726660252
600.0,0.4,479.2301474212101,320.72808467321624,-120.76985257878988,-279.27191532678376
600.0,0.4,2999.999919060344,335.54765074036663,2399.999919060344,-264.45234925963337
600.0,0.4,493.899416051233,318.64949905809647,-106.100583948767,-281.35050094190353
600.0,0.4,368.49947415628895,311.8341910320856,-231.50052584371105,-288.1658089679144
600.0,0.4,2999.9999174471736,333.14740084713367,2399.9999174471736,-266.85259915286633
600.0,0.4,1404.5159840947363,330.8789630581229,804.5159840947363,-269.1210369418771
600.0,0.4,460.33025570885025,317.11163821433934,-139.66974429114975,-282.88836178566066
600.0,0.4,2999.9999339917654,328.9490120477813,2399.9999339917654,-271.0509879522187
600.0,0.4,362.7600241414087,312.1003712951601,-237.23997585859132,-287.8996287048399
600.0,0.4,490.8597366487136,322.73139410277196,-109.14026335128642,-277.26860589722804
600.0,0.4,451.4785782925209,319.6086965042792,-148.52142170747908,-280.3913034957208
600.0,0.4,404.2951485771982,310.78680809753905,-195.70485142280182,-289.21319190246095
600.0,0.4,352.77708701305306,306.42281307746225,-247.22291298694694,-293.57718692253775
600.0,0.4,2999.9999155188707,331.0284879681469,2399.9999155188707,-268.9715120318531
600.0,0.4,2999.999914882171,331.09730254533264,2399.999914882171,-268.90269745466736
600.0,0.4,397.72227543921616,316.3185570603184,-202.27772456078384,-283.6814429396816
600.0,0.4,502.1912778350932,325.56925047671206,-97.80872216490678,-274.43074952328794
600.0,0.4,481.1597945654758,324.68005706489544,-118.8402054345242,-275.31994293510456
600.0,0.4,440.8063713731876,315.3166482181645,-159.19362862681243,-284.6833517818355
600.0,0.4,326.6719632912443,298.2290686323532,-273.3280367087557,-301.7709313676468
600.0,0.4,398.9373559644641,311.12111776796075,-201.06264403553593,-288.87888223203925
600.0,0.4,553.8539144660352,320.70460657046516,-46.146085533964765,-279.29539342953484
600.0,0.4,529.5268953779233,318.8519017658437,-70.47310462207668,-281.1480982341563
600.0,0.4,2999.9999104395765,326.1913757320428,2399.9999104395765,-273.8086242679572
600.0,0.4,452.1583579519641,311.642140875001,-147.8416420480359,-288.357859124999
600.0,0.4,326.1787640673387,297.05882569634196,-273.8212359326613,-302.94117430365804
600.0,0.4,2999.9999104395765,335.768307280113,2399.9999104395765,-264.231692719887
600.0,0.4,406.92434491182973,312.0834696632121,-193.07565508817027,-287.9165303367879
600.0,0.4,1232.6479045490305,329.49931741532987,632.6479045490305,-270.50068258467013
600.0,0.4,460.7845829673456,313.2834536165308,-139.2154170326544,-286.7165463834692
600.0,0.4,924.0124108371851,323.80025140028687,324.01241083718514,-276.19974859971313
600.0,0.4,374.3667460669242,308.4145700099215,-225.63325393307582,-291.5854299900785
600.0,0.4,420.34844284792797,319.92706546284205,-179.65155715207203,-280.07293453715795
600.0,0.4,1261.5315352721748,334.01970361575417,661.5315352721748,-265.98029638424583
600.0,0.4,961.5934248096651,324.8302669459198,361.59342480966507,-275.1697330540802
600.0,0.4,2999.9999188499214,337.8809813073094,2399.9999188499214,-262.1190186926906
600.0,0.4,503.79956515255753,318.84026538982505,-96.20043484744247,-281.15973461017495
600.0,0.4,579.2925220899942,324.4347144116899,-20.707477910005764,-275.5652855883101
600.0,0.4,1192.9250624455735,329.72729011570107,592.9250624455735,-270.27270988429893
600.0,0.4,2999.9999160717916,332.84459442386924,2399.9999160717916,-267.15540557613076
600.0,0.4,439.75769236028407,313.1491591544627,-160.24230763971593,-286.8508408455373
600.0,0.4,825.0961649721858,326.2079657544109,225.09616497218576,-273.7920342455891
600.0,0.4,431.9418396221591,318.586566080825,-168.05816037784092,-281.413433919175
600.0,0.4,355.1226386661876,306.7495975775255,-244.87736133381242,-293.2504024224745
600.0,0.4,623.2895571126257,317.5896457652179,23.289557112625744,-282.4103542347821
600.0,0.4,654.3142849678113,312.23234715872775,54.31428496781132,-287.76765284127225
600.0,0.4,506.8543904825505,324.2526490492153,-93.14560951744949,-275.7473509507847
600.0,0.4,2999.9999181500934,336.01053395268525,2399.9999181500934,-263.98946604731475
600.0,0.4,417.69843241645845,310.53001771957594,-182.30156758354155,-289.46998228042406
600.0,0.4,1595.3072174520728,329.31649590569384,995.3072174520728,-270.68350409430616
600.0,0.4,734.6019123514311,326.7574653848969,134.6019123514311,-273.2425346151031
600.0,0.4,701.0374469021274,321.1712227483911,101.03744690212739,-278.8287772516089
600.0,0.4,2999.9999104395765,323.1649684109564,2399.9999104395765,-276.8350315890436
600.0,0.4,398.90628940642534,304.3610979142525,-201.09371059357466,-295.6389020857475
600.0,0.4,844.1821098563792,314.18940741218785,244.18210985637916,-285.81059258781215
600.0,0.4,2999.9999104395765,326.64637989180227,2399.9999104395765,-273.35362010819773
600.0,0.4,346.6629517540258,307.1777339162575,-253.3370482459742,-292.8222660837425
600.0,0.4,819.1734921400057,324.52005445427346,219.1734921400057,-275.47994554572654
600.0,0.4,384.5830461893868,316.8889902724491,-215.41695381061322,-283.1110097275509
600.0,0.4,2999.999912157003,329.9815733395726,2399.999912157003,-270.0184266604274
600.0,0.4,2999.999916301026,326.880020617684,2399.999916301026,-273.119979382316
600.0,0.4,428.6822177624423,310.4395008353998,-171.3177822375577,-289.5604991646002
600.0,0.4,1350.2374233965888,321.9470354709179,750.2374233965888,-278.0529645290821
600.0,0.4,2999.9999104395765,330.08315368145236,2399.9999104395765,-269.91684631854764
600.0,0.4,466.9037426482971,321.3332731522313,-133.0962573517029,-278.6667268477687
600.0,0.4,2999.9999150449057,334.0165593729289,2399.9999150449057,-265.9834406270711
600.0,0.4,339.9532621704431,302.44586905114375,-260.0467378295569,-297.55413094885625
600.0,0.4,320.7554649979824,299.5310789602104,-279.2445350020176,-300.4689210397896
600.0,0.4,2999.9999104395765,333.4426915008359,2399.9999104395765,-266.5573084991641
600.0,0.4,2999.999915545797,332.05735943856166,2399.999915545797,-267.94264056143834
600.0,0.4,2999.999916940909,340.22910396014953,2399.999916940909,-259.77089603985047
600.0,0.4,904.2798538907883,320.4795289769553,304.27985389078833,-279.5204710230447
600.0,0.4,511.49655503914727,318.90796100057804,-88.50344496085273,-281.09203899942196
600.0,0.4,410.7322100579905,319.32610497637825,-189.26778994200947,-280.67389502362175
600.0,0.4,572.4607962012203,323.88260677963643,-27.53920379877968,-276.11739322036357
600.0,0.4,2999.999919967418,332.2783161392226,2399.999919967418,-267.7216838607774
600.0,0.4,514.4326984330856,320.3010241851357,-85.56730156691435,-279.6989758148643
600.0,0.4,379.4964552272932,312.6233673678651,-220.5035447727068,-287.3766326321349
600.0,0.4,405.4111487925114,311.25359943957443,-194.58885120748857,-288.74640056042557
600.0,0.4,627.2486971988407,314.68847149620495,27.24869719884066,-285.31152850379505
600.0,0.4,1296.3457756839102,319.23636832908505,696.3457756839102,-280.76363167091495
600.0,0.4,2999.999915835392,334.7600832392295,2399.999915835392,-265.2399167607705
600.0,0.4,586.552161547411,318.2948160563301,-13.447838452589053,-281.7051839436699
600.0,0.4,1371.5025961876058,324.5962291180676,771.5025961876058,-275.4037708819324
600.0,0.4,442.5870080206217,318.0159425787373,-157.41299197937832,-281.9840574212627
600.0,0.4,445.5838763120776,321.25411164699665,-154.41612368792238,-278.74588835300335
600.0,0.4,2999.9999189889613,323.84800175476585,2399.9999189889613,-276.15199824523415
600.0,0.4,719.7844670718915,322.15151260751674,119.78446707189153,-277.84848739248326
600.0,0.4,417.0133252771373,316.89977365818004,-182.9866747228627,-283.10022634181996
600.0,0.4,2999.9999188350253,337.1085930188372,2399.9999188350253,-262.8914069811628
600.0,0.4,2999.9999104395765,328.1797913024408,2399.9999104395765,-271.8202086975592
600.0,0.4,442.4969078629016,319.91275872995243,-157.5030921370984,-280.08724127004757
600.0,0.4,594.3959832694246,321.9524885395829,-5.604016730575381,-278.0475114604171
600.0,0.4,486.84964113188954,315.0869638349395,-113.15035886811046,-284.9130361650605
600.0,0.4,544.1757906594778,315.20177465331835,-55.8242093405222,-284.79822534668165
600.0,0.4,596.781917466088,318.2899137085896,-3.2180825339120247,-281.7100862914104
600.0,0.4,378.1995005966926,309.92227841124236,-221.8004994033074,-290.07772158875764
600.0,0.4,1087.595495577067,330.0389522480554,487.5954955770669,-269.9610477519446
600.0,0.4,2999.9999191614033,333.8371313567181,2399.9999191614033,-266.1628686432819
600.0,0.4,498.89058917501745,320.50461902662266,-101.10941082498255,-279.49538097337734
600.0,0.4,598.5934228421537,319.67906530506184,-1.4065771578463,-280.32093469493816
600.0,0.4,463.88399856666405,314.6364433339338,-136.11600143333595,-285.3635566660662
600.0,0.4,1709.913520064893,324.6054711236407,1109.913520064893,-275.3945288763593
600.0,0.4,717.7504905839536,328.10906719905563,117.75049058395359,-271.89093280094437
600.0,0.4,486.6212370111638,324.10457160404025,-113.37876298883617,-275.89542839595975
600.0,0.4,864.0118557908258,327.17852867940684,264.01185579082585,-272.82147132059316
600.0,0.4,380.1484982035925,310.57208740173354,-219.8515017964075,-289.42791259826646
600.0,0.4,764.6626582872635,322.3351733589358,164.66265828726353,-277.6648266410642
600.0,0.4,485.96341202563104,320.7464865920231,-114.03658797436896,-279.2535134079769
600.0,0.4,457.19647783392924,316.31656515373106,-142.80352216607076,-283.68343484626894
600.0,0.4,380.9621226257006,316.627278191628,-219.0378773742994,-283.372721808372
600.0,0.4,813.0497455188649,322.97924109043,213.04974551886494,-277.02075890957
600.0,0.4,453.43161803986743,312.8695352508319,-146.56838196013257,-287.1304647491681
600.0,0.4,382.3278974548105,309.46221695443404,-217.6721025451895,-290.53778304556596
600.0,0.4,367.43912205348755,308.73841298594454,-232.56087794651245,-291.26158701405546
600.0,0.4,2999.9999104395765,332.3641599294087,2399.9999104395765,-267.6358400705913
600.0,0.4,2999.9999151446314,325.695143473934,2399.9999151446314,-274.304856526066
600.0,0.4,775.5383389725241,332.50628796669747,175.53833897252412,-267.49371203330253
600.0,0.6,2999.9999104395765,465.92065686530924,2399.9999104395765,-134.07934313469076
600.0,0.6,2999.9999170495576,486.93525554809656,2399.9999170495576,-113.06474445190344
600.0,0.6,442.04009486292057,419.8622355209706,-157.95990513707943,-180.13776447902939
600.0,0.6,1400.1974189003531,458.0016827820633,800.1974189003531,-141.9983172179367
600.0,0.6,425.2636878050166,409.0200157652959,-174.73631219498338,-190.9799842347041
600.0,0.6,551.3217016844048,446.59972044839037,-48.67829831559516,-153.40027955160963
600.0,0.6,516.9095857033569,431.65216053106593,-83.09041429664308,-168.34783946893407
600.0,0.6,1110.5248194821313,453.89302022985686,510.5248194821313,-146.10697977014314
600.0,0.6,499.4143561916696,431.9346498809285,-100.58564380833042,-168.06535011907152
600.0,0.6,749.308330454503,453.8615581105974,149.308330454503,-146.1384418894026
600.0,0.6,435.860607947291,414.92109623170273,-164.139392052709,-185.07890376829727
600.0,0.6,2999.999917797509,462.093273426866,2399.999917797509,-137.906726573134
600.0,0.6,953.5709547366324,450.0243028566951,353.5709547366324,-149.9756971433049
600.0,0.6,604.0166224252887,447.7730233601724,4.016622425288688,-152.22697663982763
600.0,0.6,438.0567690827086,416.94510969997964,-161.94323091729137,-183.05489030002036
600.0,0.6,492.2812337714641,432.7077376763739,-107.71876622853591,-167.29226232362612
600.0,0.6,633.9117454955914,447.1522412415939,33.91174549559139,-152.8477587584061
600.0,0.6,763.8511438814832,452.9017124602644,163.85114388148315,-147.09828753973562
600.0,0.6,659.1551271986583,452.18192681935864,59.155127198658306,-147.81807318064136
600.0,0.6,497.0821643698476,433.1907560452783,-102.91783563015241,-166.8092439547217
600.0,0.6,802.5478428568232,457.50656519789885,202.5478428568232,-142.49343480210115
600.0,0.6,2999.9999104395765,470.3756663494957,2399.9999104395765,-129.6243336505043
600.0,0.6,542.3089576830633,443.6950965393655,-57.69104231693666,-156.30490346063448
600.0,0.6,1517.590705787719,462.38009329237644,917.5907057877189,-137.61990670762356
600.0,0.6,478.55573869591973,426.28669233009026,-121.44426130408027,-173.71330766990974
600.0,0.6,2999.9999104395765,468.688001738273,2399.9999104395765,-131.311998261727
600.0,0.6,552.085941328596,445.72413978817355,-47.91405867140395,-154.27586021182645
600.0,0.6,878.1792944338582,467.7578412996581,278.1792944338582,-132.24215870034192
600.0,0.6,928.3074239254141,457.9808144770903,328.3074239254141,-142.0191855229097
600.0,0.6,522.0241521781751,442.77407534984025,-77.97584782182491,-157.22592465015975
600.0,0.6,535.0106331408014,434.33469064931455,-64.98936685919864,-165.66530935068545
600.0,0.6,493.6563667230939,436.3271582226897,-106.34363327690608,-163.67284177731028
600.0,0.6,880.8679707688783,453.4415595218024,280.8679707688783,-146.5584404781976
600.0,0.6,624.2616552682147,443.0061561282428,24.261655268214668,-156.99384387175718
600.0,0.6,2999.9999104395765,463.6412887037868,2399.9999104395765,-136.3587112962132
600.0,0.6,816.9510137730668,455.5509500649492,216.95101377306685,-144.44904993505082
600.0,0.6,743.6797209629851,458.10250375609877,143.67972096298513,-141.89749624390123
600.0,0.6,455.09923942805733,426.3594676991709,-144.90076057194267,-173.64053230082908
600.0,0.6,535.3405515084861,440.93028760656426,-64.6594484915139,-159.06971239343574
600.0,0.6,511.36022987096476,446.03731588382857,-88.63977012903524,-153.96268411617143
600.0,0.6,614.2056469559774,446.8380885817067,14.205646955977386,-153.1619114182933
600.0,0.6,818.4610331240771,445.5233587776415,218.46103312407706,-154.47664122235852
600.0,0.6,493.3988116519963,434.7205040096985,-106.60118834800369,-165.27949599030148
600.0,0.6,427.9205002272431,412.76452325339324,-172.0794997727569,-187.23547674660676
600.0,0.6,446.26555215111733,423.70197274293514,-153.73444784888267,-176.29802725706486
600.0,0.6,680.0111645646746,451.2939144955259,80.01116456467457,-148.70608550447412
600.0,0.6,651.7022484521857,450.4259785124591,51.7022484521857,-149.5740214875409
600.0,0.6,508.07711938447375,436.29971429173554,-91.92288061552625,-163.70028570826446
600.0,0.6,978.8259113146048,456.56567858440235,378.8259113146048,-143.43432141559765
600.0,0.6,544.995101396077,444.13596676898396,-55.00489860392304,-155.86403323101604
600.0,0.6,2999.999916320165,462.2750716416014,2399.999916320165,-137.72492835839859
600.0,0.6,470.34784262875246,424.32729106916923,-129.65215737124754,-175.67270893083077
600.0,0.6,599.361542297818,451.4573904760245,-0.638457702181995,-148.5426095239755
600.0,0.6,525.8701054742385,439.7452157042165,-74.12989452576153,-160.2547842957835
600.0,0.6,475.97614740082093,428.66084664657643,-124.02385259917907,-171.33915335342357
600.0,0.6,987.1291279418533,449.0074001073915,387.1291279418533,-150.9925998926085
600.0,0.6,2999.9999104395765,454.3769566492718,2399.9999104395765,-145.6230433507282
600.0,0.6,602.4478042676443,447.68915049761017,2.447804267644301,-152.31084950238983
600.0,0.6,563.5465582115668,440.4793745635339,-36.453441788433224,-159.5206254364661
600.0,0.6,719.0319152922013,450.84332216820627,119.03191529220135,-149.15667783179373
600.0,0.6,2999.9999104395765,457.5172409277056,2399.9999104395765,-142.4827590722944
600.0,0.6,547.1007753743709,441.51967354133456,-52.89922462562913,-158.48032645866544
600.0,0.6,738.3786295400329,452.9941077531412,138.37862954003288,-147.00589224685882
600.0,0.6,460.8079982974972,423.26049542407884,-139.1920017025028,-176.73950457592116
600.0,0.6,464.362973883636,423.75023433446734,-135.63702611636398,-176.24976566553266
600.0,0.6,2999.9999104395765,465.585471977755,2399.9999104395765,-134.414528022245
600.0,0.6,595.9802900398977,446.55517766508194,-4.019709960102318,-153.44482233491806
600.0,0.6,467.37854888706477,425.09670534412595,-132.62145111293523,-174.90329465587405
600.0,0.6,2538.0232847894017,461.8687227177912,1938.0232847894017,-138.13127728220883
600.0,0.6,515.2719623934894,436.6599858557247,-84.72803760651061,-163.3400141442753
600.0,0.6,614.5867101714639,447.97357943295157,14.586710171463892,-152.02642056704843
600.0,0.6,576.6390106666648,441.98866859922623,-23.36098933333517,-158.01133140077377
600.0,0.6,2999.9999141073763,467.1231878096118,2399.9999141073763,-132.8768121903882
600.0,0.6,485.12525768026177,429.6989239821751,-114.87474231973823,-170.30107601782493
600.0,0.6,477.1061514908167,427.8639105066205,-122.89384850918327,-172.13608949337947
600.0,0.6,512.6190374829511,432.4440955342523,-87.38096251704894,-167.5559044657477
600.0,0.6,656.9055606814019,446.74060990737235,56.90556068140188,-153.25939009262765
600.0,0.6,599.4831530149676,446.803790543947,-0.51684698503243,-153.196209456053
600.0,0.6,2427.2667104854618,461.2726651314375,1827.2667104854618,-138.72733486856248
600.0,0.6,2999.9999104395765,467.60433285562493,2399.9999104395765,-132.39566714437507
600.0,0.6,546.4321173292367,442.2048177888173,-53.56788267076331,-157.7951822111827
600.0,0.6,746.3612707934818,452.63431868976954,146.36127079348182,-147.36568131023046
600.0,0.6,543.7615746502635,444.83911358702335,-56.23842534973653,-155.16088641297665
600.0,0.6,517.1982069491673,437.7478602504129,-82.80179305083266,-162.25213974958712
600.0,0.6,560.177676191507,440.76712898827105,-39.822323808493024,-159.23287101172895
600.0,0.6,567.4468282633865,445.95537098611663,-32.553171736613535,-154.04462901388337
600.0,0.6,518.2245015991251,439.1772779219931,-81.77549840087488,-160.8227220780069
600.0,0.6,685.3934808465494,450.3384466346934,85.39348084654944,-149.6615533653066
600.0,0.6,2999.9999130979804,463.3725402039525,2399.9999130979804,-136.6274597960475
600.0,0.6,524.7624673198942,438.02366926625024,-75.2375326801058,-161.97633073374976
600.0,0.6,1956.402445198525,465.3322243522894,1356.402445198525,-134.66777564771058
600.0,0.6,1083.7115963196973,461.64940435919624,483.71159631969726,-138.35059564080376
600.0,0.6,462.92198921531497,423.1020020209964,-137.07801078468503,-176.8979979790036
600.0,0.6,865.9028165126676,455.3871103647866,265.90281651266764,-144.61288963521338
600.0,0.6,729.9564220091595,450.5999227031526,129.9564220091595,-149.40007729684743
600.0,0.6,719.642503386621,454.199051093664,119.642503386621,-145.80094890633598
600.0,0.6,590.4303535739145,453.55148055719286,-9.569646426085455,-146.44851944280714
600.0,0.6,550.1885244363091,442.0990495550551,-49.81147556369092,-157.9009504449449
600.0,0.6,677.8707399869005,447.76418180514,77.8707399869005,-152.23581819485997
600.0,0.6,1017.7089540179239,460.9237073007619,417.70895401792393,-139.07629269923808
600.0,0.6,503.5802228675025,431.2602633796558,-96.41977713249747,-168.73973662034422
600.0,0.6,482.453306170095,425.0239570456942,-117.546693829905,-174.9760429543058
600.0,0.6,1093.749965153271,456.89513533101587,493.749965153271,-143.10486466898413
600.0,0.6,679.0918464770472,452.4122552136893,79.09184647704717,-147.58774478631068
600.0,0.6,478.61743183287444,431.40786115046757,-121.38256816712556,-168.59213884953243
600.0,0.6,536.8440242781959,445.190559557484,-63.15597572180411,-154.809440442516
600.0,0.6,2999.9999104395765,469.98521315343845,2399.9999104395765,-130.01478684656155
600.0,0.6,440.9635363720672,418.5223333152722,-159.0364636279328,-181.4776666847278
600.0,0.6,792.1754397729997,446.6472874451221,192.17543977299965,-153.35271255487788
600.0,0.6,2999.9999104395765,462.2854359635914,2399.9999104395765,-137.7145640364086
600.0,0.6,1013.8916538256223,461.0887772903895,413.89165382562226,-138.9112227096105
600.0,0.6,841.7825252983911,462.1653021253985,241.78252529839108,-137.8346978746015
600.0,0.6,745.4877086242652,454.29673411324944,145.48770862426522,-145.70326588675056
600.0,0.6,1045.9412955379385,457.4897041079379,445.94129553793846,-142.51029589206212
600.0,0.6,750.2518756062134,454.03419961483104,150.2518756062134,-145.96580038516896
600.0,0.6,561.5722638759396,448.2697201612851,-38.4277361240604,-151.73027983871492
600.0,0.6,549.0043080267718,443.1617282910601,-50.99569197322819,-156.83827170893989
600.0,0.6,2999.9999133430147,472.3770474814035,2399.9999133430147,-127.62295251859649
600.0,0.6,982.289399850734,465.08677660386905,382.28939985073396,-134.91322339613095
600.0,0.6,1091.844260819107,465.65993128684516,491.8442608191069,-134.34006871315484
600.0,0.6,691.1675965737065,447.8217290363625,91.16759657370653,-152.1782709636375
600.0,0.6,444.3469497567601,414.5140517113077,-155.65305024323987,-185.48594828869233
600.0,0.6,491.8872663912817,428.9391605557392,-108.11273360871832,-171.0608394442608
600.0,0.6,2999.999915534031,470.0818942220571,2399.999915534031,-129.9181057779429
600.0,0.6,758.6166733230515,449.6786318342729,158.6166733230515,-150.3213681657271
600.0,0.6,415.8064764652002,405.74328974051116,-184.1935235347998,-194.25671025948884
600.0,0.6,820.7782494353581,454.9409535402963,220.77824943535813,-145.05904645970372
600.0,0.6,551.8773962491668,440.5137910915413,-48.12260375083315,-159.4862089084587
600.0,0.6,553.4291966770926,438.8111067903755,-46.57080332290741,-161.1888932096245
600.0,0.6,495.43269918274024,427.4461147535457,-104.56730081725976,-172.55388524645429
600.0,0.6,2999.9999104395765,475.37631940302526,2399.9999104395765,-124.62368059697474
600.0,0.6,501.41834346326317,431.2692947580568,-98.58165653673683,-168.7307052419432
600.0,0.6,878.1001261136837,449.55408547326664,278.1001261136837,-150.44591452673336
600.0,0.6,652.114339105741,449.28223866147465,52.11433910574101,-150.71776133852535
600.0,0.6,532.4854631294198,444.30058804626736,-67.51453687058017,-155.69941195373264
600.0,0.6,549.4255879574027,439.9175629576258,-50.57441204259726,-160.08243704237418
600.0,0.6,503.1108284694635,429.2648904548349,-96.88917153053649,-170.73510954516507
600.0,0.6,626.71214706284,451.5378861862054,26.712147062840017,-148.4621138137946
600.0,0.6,488.8375584706327,430.0571945901474,-111.1624415293673,-169.9428054098526
600.0,0.6,490.1051503135779,434.78280428593257,-109.8948496864221,-165.21719571406743
600.0,0.6,2999.9999113112904,467.8608540561737,2399.9999113112904,-132.1391459438263
600.0,0.6,483.9262016570006,430.26876726698583,-116.0737983429994,-169.73123273301417
600.0,0.6,1548.612646232087,461.09109291236,948.612646232087,-138.90890708764
600.0,0.6,472.31889724543544,424.84303505894934,-127.68110275456456,-175.15696494105066
600.0,0.6,732.7086033348252,457.39726791913534,132.70860333482517,-142.60273208086466
600.0,0.6,848.9383010953673,457.77780347702964,248.93830109536725,-142.22219652297036
600.0,0.6,432.34477657507824,416.7361224513865,-167.65522342492176,-183.2638775486135
600.0,0.6,478.3058947675104,426.45153419253035,-121.69410523248962,-173.54846580746965
600.0,0.6,461.47568968732736,427.8144002346409,-138.52431031267264,-172.1855997653591
600.0,0.6,554.4067741354564,448.6427765182964,-45.59322586454357,-151.3572234817036
600.0,0.6,496.2424242378626,436.86857391073215,-103.75757576213738,-163.13142608926785
600.0,0.6,2999.9999104395765,469.4550004702562,2399.9999104395765,-130.5449995297438
600.0,0.6,549.2356146054668,445.32989757335,-50.76438539453318,-154.67010242664998
600.0,0.6,835.8604812595046,457.6397685495629,235.86048125950458,-142.36023145043708
600.0,0.6,908.0917229390047,452.13571035033243,308.09172293900474,-147.86428964966757
600.0,0.6,525.9789219390647,433.9917670633463,-74.02107806093534,-166.0082329366537
600.0,0.6,2999.9999471051183,463.844453488345,2399.9999471051183,-136.15554651165502
600.0,0.6,481.32846481351226,427.26517480998143,-118.67153518648774,-172.73482519001857
600.0,0.6,2999.99991085067,473.69183321945474,2399.99991085067,-126.30816678054526
600.0,0.6,734.6584009727338,449.14160987959673,134.65840097273383,-150.85839012040327
600.0,0.6,563.6066277591167,442.4372075240302,-36.39337224088331,-157.5627924759698
600.0,0.6,512.8117005347638,438.6047855614767,-87.18829946523624,-161.39521443852328
600.0,0.6,540.4757289807133,443.49339514813573,-59.52427101928674,-156.50660485186427
600.0,0.6,598.0551540013352,449.9842007871256,-1.9448459986648459,-150.0157992128744
600.0,0.6,452.9363309068409,420.32266193074696,-147.0636690931591,-179.67733806925304
600.0,0.6,1513.5959961631938,456.3355132965328,913.5959961631938,-143.66448670346722
600.0,0.6,520.8391217278651,437.7655935040805,-79.16087827213494,-162.23440649591947
600.0,0.6,744.6327277337987,453.1713460644674,144.63272773379867,-146.8286539355326
600.0,0.6,485.9683334888431,433.6041557542317,-114.03166651115691,-166.39584424576827
600.0,0.6,485.92641565674523,428.8738101209291,-114.07358434325477,-171.12618987907092
600.0,0.6,502.49761144950156,435.78303145981505,-97.50238855049844,-164.21696854018495
600.0,0.6,662.4899211799694,455.773880327395,62.48992117996943,-144.22611967260502
600.0,0.6,791.091820973546,460.87370539056917,191.09182097354596,-139.12629460943083
600.0,0.6,468.2593058583007,426.98325004838557,-131.7406941416993,-173.01674995161443
600.0,0.6,575.1052650143823,446.9267622209318,-24.894734985617674,-153.07323777906822
600.0,0.6,573.8923703862627,443.9290051711014,-26.107629613737345,-156.07099482889862
600.0,0.6,592.4639329296364,444.5679395222358,-7.536067070363629,-155.4320604777642
600.0,0.6,508.8109820499476,430.540868615843,-91.1890179500524,-169.459131384157
600.0,0.6,506.90711852558434,438.487946502341,-93.09288147441566,-161.512053497659
600.0,0.6,2999.9999104395765,462.5160200094226,2399.9999104395765,-137.48397999057738
600.0,0.6,478.01142932840116,430.16081146598674,-121.98857067159884,-169.83918853401326
600.0,0.6,2999.9999104395765,469.855792150173,2399.9999104395765,-130.144207849827
600.0,0.6,640.9678275595314,452.9889411324988,40.96782755953143,-147.01105886750122
600.0,0.6,468.9258049362058,429.6235918911305,-131.0741950637942,-170.3764081088695
600.0,0.6,689.9589319894335,451.5623741607938,89.9589319894335,-148.4376258392062
600.0,0.6,492.5356012559923,439.39631738564196,-107.46439874400772,-160.60368261435804
600.0,0.6,893.1012907232282,465.33504510427406,293.1012907232282,-134.66495489572594
600.0,0.6,500.06339825779355,436.314257211948,-99.93660174220645,-163.68574278805198
600.0,0.6,540.8733309213524,441.06180120580876,-59.12666907864764,-158.93819879419124
600.0,0.6,459.23536791815144,423.5900214761875,-140.76463208184856,-176.40997852381253
600.0,0.6,797.2452962498231,453.67124733835607,197.24529624982313,-146.32875266164393
600.0,0.6,1157.7449460940193,467.9159606355911,557.7449460940193,-132.0840393644089
600.0,0.6,862.1821152299291,460.68492218682684,262.1821152299291,-139.31507781317316
600.0,0.6,645.7602390959237,442.2709876934871,45.76023909592368,-157.7290123065129
600.0,0.6,2999.9999139261618,466.08199605566597,2399.9999139261618,-133.91800394433403
600.0,0.6,541.3548698029388,435.1337647739952,-58.645130197061235,-164.8662352260048
600.0,0.6,623.7851490208257,446.6932914987024,23.785149020825656,-153.30670850129758
600.0,0.6,534.4295887391825,437.6161550141585,-65.57041126081754,-162.3838449858415
600.0,0.6,2999.9999104395765,465.12169022579883,2399.9999104395765,-134.87830977420117
600.0,0.6,533.5744796595978,438.1729360372988,-66.42552034040216,-161.82706396270117
600.0,0.6,2999.9999496685964,465.9425951746343,2399.9999496685964,-134.05740482536572
600.0,0.6,576.1232035042854,440.96628573295425,-23.876796495714643,-159.03371426704575
600.0,0.6,461.85297342857024,425.1276380915571,-138.14702657142976,-174.87236190844288
600.0,0.6,726.8785202519751,454.1258771463791,126.87852025197515,-145.87412285362092
600.0,0.6,610.7677888623645,443.0219923678373,10.767788862364455,-156.9780076321627
600.0,0.6,625.2315355546501,445.4490554602543,25.231535554650122,-154.55094453974567
600.0,0.6,2999.99991706529,462.1846908199432,2399.99991706529,-137.81530918005677
600.0,0.6,999.0653937216092,453.4659066248176,399.0653937216092,-146.5340933751824
600.0,0.6,2192.1938791112316,463.3885305356709,1592.1938791112316,-136.6114694643291
600.0,0.6,465.89147931438504,428.47333400279695,-134.10852068561496,-171.52666599720305
600.0,0.6,2999.999912703004,470.2879326056073,2399.999912703004,-129.7120673943927
600.0,0.6,489.4380021093943,430.8265969520856,-110.56199789060571,-169.1734030479144
600.0,0.6,606.1254770343271,445.03747315448834,6.125477034327105,-154.96252684551166
600.0,0.6,476.3788036322863,428.760583648888,-123.62119636771371,-171.23941635111203
600.0,0.6,470.8662173983067,431.326559348981,-129.13378260169333,-168.673440651019
600.0,0.6,481.3893290697026,430.0771785814787,-118.61067093029737,-169.92282141852132
600.0,0.6,604.8820157957699,447.3236288920528,4.882015795769917,-152.6763711079472
600.0,0.6,2999.9999158874402,465.1650561342716,2399.9999158874402,-134.8349438657284
600.0,0.6,808.178063890527,451.88610390750443,208.17806389052703,-148.11389609249557
600.0,0.6,620.0188929938787,453.05752900173985,20.018892993878694,-146.94247099826015
600.0,0.6,492.6788343616876,431.5540523883167,-107.32116563831238,-168.44594761168332
600.0,0.6,539.1842630342362,440.98534153376033,-60.81573696576379,-159.01465846623967
600.0,0.6,2999.9999125846425,469.0727059955018,2399.9999125846425,-130.9272940044982
600.0,0.6,594.4872230802297,447.2662833773771,-5.512776919770317,-152.73371662262292
600.0,0.6,487.57800769359574,431.63349579246545,-112.42199230640426,-168.36650420753455
600.0,0.6,543.6628850213917,445.2211271739998,-56.33711497860827,-154.77887282600022
600.0,0.6,677.7412957161085,448.67158085144973,77.74129571610854,-151.32841914855027
600.0,0.6,805.5281503544154,446.09740643205123,205.5281503544154,-153.90259356794877
600.0,0.6,472.8340137859446,431.50797297612013,-127.16598621405541,-168.49202702387987
600.0,0.6,432.4435342426608,416.01448108572976,-167.5564657573392,-183.98551891427024
600.0,0.6,686.7637290755133,452.07856026833633,86.76372907551331,-147.92143973166367
600.0,0.6,1884.8496837194264,466.0388282409111,1284.8496837194264,-133.96117175908893
600.0,0.6,2999.9999104395765,462.80113287818574,2399.9999104395765,-137.19886712181426
600.0,0.6,599.9894693080562,446.1877058699936,-0.010530691943813508,-153.81229413000642
600.0,0.6,718.6918369064581,451.700883356169,118.6918369064581,-148.29911664383098
600.0,0.6,513.8850563628083,435.1903667492599,-86.11494363719169,-164.8096332507401
600.0,0.6,893.5525292897682,458.6688853792637,293.55252928976824,-141.3311146207363
600.0,0.6,525.6877579431646,434.87362283602454,-74.31224205683543,-165.12637716397546
600.0,0.6,482.5841561806447,430.16787641755536,-117.4158438193553,-169.83212358244464
600.0,0.6,696.3170985805774,449.82004602150823,96.31709858057741,-150.17995397849177
600.0,0.6,495.62220614089887,432.13995128844306,-104.37779385910113,-167.86004871155694
600.0,0.6,537.1462706586508,441.35397803859036,-62.85372934134921,-158.64602196140964
600.0,0.6,953.6318819502529,469.0411434518272,353.63188195025293,-130.95885654817278
600.0,0.6,539.2228935890247,443.68635654276903,-60.77710641097531,-156.31364345723097
600.0,0.6,2923.731842224873,460.8657171393298,2323.731842224873,-139.13428286067023
600.0,0.6,517.63609795449,440.7252441251698,-82.36390204551003,-159.2747558748302
600.0,0.6,2999.9999104395765,466.28700207268645,2399.9999104395765,-133.71299792731355
600.0,0.6,581.8505625039184,447.53035054637536,-18.149437496081646,-152.46964945362464
600.0,0.6,591.7834237727283,442.08270979660574,-8.21657622727173,-157.91729020339426
600.0,0.6,535.122201019548,438.9735706725543,-64.87779898045198,-161.02642932744573
600.0,0.6,2999.9999173702668,477.86096880453874,2399.9999173702668,-122.13903119546126
600.0,0.6,445.03780648213865,416.7872690067672,-154.96219351786135,-183.2127309932328
600.0,0.6,816.2504528009272,453.96859582425645,216.25045280092718,-146.03140417574355
600.0,0.6,572.3618467030822,442.0412533141034,-27.638153296917835,-157.95874668589659
600.0,0.6,670.1792180426254,452.90348963137507,70.1792180426254,-147.09651036862493
600.0,0.6,488.10407507123375,435.9346462894658,-111.89592492876625,-164.06535371053423
600.0,0.6,643.8756386801858,444.4434961901955,43.87563868018583,-155.5565038098045
600.0,0.6,497.62337677206085,435.3017184031036,-102.37662322793915,-164.69828159689638
600.0,0.6,2999.999911206893,479.0550731305989,2399.999911206893,-120.94492686940112
600.0,0.6,623.7290284575838,448.11323848296064,23.72902845758381,-151.88676151703936
600.0,0.6,1346.6181045210249,464.41029918222733,746.6181045210249,-135.58970081777267
600.0,0.6,2999.9999133105553,479.2656485630322,2399.9999133105553,-120.73435143696781
600.0,0.6,555.331924200835,440.921350603423,-44.66807579916497,-159.07864939657702
600.0,0.6,440.0437510411917,416.1470986033864,-159.95624895880832,-183.85290139661362
600.0,0.6,508.27718447932364,436.7224195068228,-91.72281552067636,-163.2775804931772
600.0,0.6,916.2053518947794,460.9427482321431,316.20535189477937,-139.05725176785688
600.0,0.6,730.6833660100647,449.9565525116069,130.68336601006467,-150.0434474883931
600.0,0.6,669.8435358051853,451.01838171007813,69.8435358051853,-148.98161828992187
600.0,0.6,2999.9999104395765,470.1198766076634,2399.9999104395765,-129.8801233923366
600.0,0.6,516.5592335541559,434.71826009916015,-83.44076644584413,-165.28173990083985
600.0,0.6,489.72791431389805,438.1723980355172,-110.27208568610195,-161.82760196448282
600.0,0.6,2999.9999134122318,476.34831481680766,2399.9999134122318,-123.65168518319234
600.0,0.6,872.0470858955299,457.5947800590484,272.0470858955299,-142.4052199409516
600.0,0.6,638.1269279806515,447.31629059631194,38.126927980651544,-152.68370940368806
600.0,0.6,512.4195501369387,431.44580922377537,-87.58044986306129,-168.55419077622463
600.0,0.6,547.1441854854746,443.7590816253406,-52.85581451452538,-156.24091837465937
600.0,0.6,426.2544682706045,408.4061005026511,-173.7455317293955,-191.5938994973489
600.0,0.6,2093.803824880462,469.4082261427597,1493.803824880462,-130.5917738572403
600.0,0.6,471.4763784644372,428.37103159450385,-128.52362153556282,-171.62896840549615
600.0,0.6,568.8053419486387,446.1986573765058,-31.19465805136133,-153.80134262349418
600.0,0.6,534.9966853048979,438.84124694180963,-65.00331469510206,-161.15875305819037
600.0,0.6,519.6070084011513,435.89402637898615,-80.39299159884865,-164.10597362101385
600.0,0.6,691.6044556731275,457.50021885866903,91.60445567312752,-142.49978114133097
600.0,0.6,528.8111151203183,442.1758537146059,-71.18888487968172,-157.82414628539408
600.0,0.6,533.5853206990435,439.10584697845053,-66.41467930095655,-160.89415302154947
600.0,0.6,459.621080919731,425.7242401672922,-140.378919080269,-174.27575983270782
600.0,0.6,2999.9999437114852,457.28363371309575,2399.9999437114852,-142.71636628690425
600.0,0.6,497.1874873611087,431.05536481393665,-102.81251263889129,-168.94463518606335
600.0,0.6,1541.3304211693821,463.9270898996456,941.3304211693821,-136.07291010035442
600.0,0.6,845.6362670674757,460.8951567694347,245.63626706747573,-139.10484323056528
600.0,0.6,2999.999916329863,476.89156690629665,2399.999916329863,-123.10843309370335
600.0,0.6,2999.999948489073,475.6434725943367,2399.999948489073,-124.35652740566331
600.0,0.6,512.8363405296278,435.1775291032778,-87.16365947037218,-164.82247089672222
600.0,0.6,497.31962303082895,434.1125784508302,-102.68037696917105,-165.8874215491698
600.0,0.6,488.1134243036104,431.42756603451846,-111.88657569638963,-168.57243396548154
600.0,0.6,443.21106113623483,417.9907600176187,-156.78893886376517,-182.0092399823813
600.0,0.6,538.0328920651376,435.7642601725679,-61.96710793486238,-164.2357398274321
600.0,0.6,539.6423166583419,447.09171066554325,-60.35768334165812,-152.90828933445675
600.0,0.6,944.9982154972624,454.6892325335333,344.99821549726244,-145.3107674664667
600.0,0.6,514.6839547553717,434.14086840098804,-85.3160452446283,-165.85913159901196
600.0,0.8,651.5490392944624,566.5450021656661,51.54903929446243,-33.45499783433388
600.0,0.8,782.034342578564,585.6150064161466,182.03434257856395,-14.38499358385343
600.0,0.8,575.8155311697668,547.1312290490106,-24.184468830233186,-52.868770950989415
600.0,0.8,586.5200642999013,550.7724381566405,-13.479935700098736,-49.22756184335947
600.0,0.8,776.8556782588872,586.6747532832942,176.85567825888722,-13.325246716705806
600.0,0.8,596.2944786625877,556.7964235090865,-3.7055213374122786,-43.20357649091352
600.0,0.8,832.2621395350892,584.0810017967774,232.2621395350892,-15.9189982032226
600.0,0.8,1092.2616093677432,596.2462115125388,492.2616093677432,-3.753788487461179
600.0,0.8,589.0852964368936,554.2890154319839,-10.9147035631064,-45.7109845680161
600.0,0.8,589.0751373410538,552.2900043595671,-10.924862658946154,-47.70999564043291
600.0,0.8,2324.8770944833464,612.5409022570017,1724.8770944833464,12.540902257001676
600.0,0.8,559.5325772275821,541.2670593183964,-40.467422772417876,-58.73294068160362
600.0,0.8,541.5440921688921,529.8607785372517,-58.45590783110788,-70.13922146274831
600.0,0.8,535.2152965622173,527.7825967572439,-64.7847034377827,-72.21740324275606
600.0,0.8,530.745284732142,523.1700512309241,-69.25471526785805,-76.82994876907594
600.0,0.8,613.0157780465681,557.3400063409046,13.01577804656813,-42.65999365909545
600.0,0.8,503.31351514875007,502.3574562812531,-96.68648485124993,-97.64254371874688
600.0,0.8,556.9191900935809,541.7874261411713,-43.08080990641906,-58.212573858828705
600.0,0.8,554.1607952066366,538.949594017424,-45.839204793363365,-61.05040598257597
600.0,0.8,525.9324546165865,519.8399300524273,-74.06754538341352,-80.16006994757265
600.0,0.8,577.0218763189973,549.9757335879334,-22.97812368100267,-50.024266412066595
600.0,0.8,720.6361047612685,576.7148117119557,120.63610476126848,-23.28518828804431
600.0,0.8,1039.3402687622022,591.338064772759,439.3402687622022,-8.661935227240974
600.0,0.8,571.2970278932717,547.2689153441582,-28.70297210672834,-52.731084655841755
600.0,0.8,580.4924618699716,551.2819390350696,-19.507538130028365,-48.71806096493037
600.0,0.8,627.3648778630655,561.0854195072425,27.364877863065544,-38.91458049275752
600.0,0.8,797.8329881663432,588.3273059005721,197.83298816634317,-11.672694099427872
600.0,0.8,591.2379320755961,554.3381528343638,-8.762067924403937,-45.66184716563623
600.0,0.8,803.466127723868,591.1985886367899,203.466127723868,-8.80141136321015
600.0,0.8,667.4081535619464,575.7892146118048,67.40815356194639,-24.210785388195177
600.0,0.8,557.2249169922951,539.8341408793727,-42.77508300770489,-60.16585912062726
600.0,0.8,565.7211327062244,546.5786142878886,-34.27886729377565,-53.42138571211137
600.0,0.8,571.8984311748046,543.6451172924578,-28.101568825195386,-56.354882707542174
600.0,0.8,2999.9999104395765,606.9359311060404,2399.9999104395765,6.935931106040357
600.0,0.8,638.3066582900664,565.6843062264688,38.306658290066366,-34.315693773531166
600.0,0.8,662.0528398321754,571.0268557229692,62.05283983217544,-28.97314427703077
600.0,0.8,559.4320563887115,537.3853896310951,-40.567943611288456,-62.61461036890489
600.0,0.8,556.0385452813451,534.2218655403798,-43.96145471865486,-65.77813445962022
600.0,0.8,564.4185291288666,543.4055726020304,-35.58147087113343,-56.59442739796964
600.0,0.8,740.3291949456902,580.518066782923,140.32919494569023,-19.48193321707697
600.0,0.8,736.3526551206171,580.8600981781068,136.3526551206171,-19.139901821893204
600.0,0.8,639.6296301691398,565.4703385136212,39.62963016913977,-34.529661486378814
600.0,0.8,537.9881055488294,528.2565752556744,-62.01189445117063,-71.74342474432558
600.0,0.8,890.1361311547272,587.0309201718169,290.1361311547272,-12.969079828183112
600.0,0.8,612.5847407330509,561.176096639557,12.584740733050921,-38.823903360442955
600.0,0.8,731.850380386032,586.9614708408134,131.85038038603204,-13.038529159186623
600.0,0.8,572.7880193192956,545.6984941324329,-27.211980680704414,-54.30150586756713
600.0,0.8,579.7671886464407,550.1928936091722,-20.232811353559327,-49.80710639082781
600.0,0.8,616.1403562381444,561.0402436116651,16.140356238144363,-38.95975638833488
600.0,0.8,688.6009805785479,579.815780306627,88.60098057854793,-20.184219693373052
600.0,0.8,705.344318453742,577.9115692504787,105.34431845374195,-22.088430749521308
600.0,0.8,845.8375813220283,585.1088060111016,245.8375813220283,-14.891193988898408
600.0,0.8,1167.588141471666,590.382788806823,567.588141471666,-9.617211193177013
600.0,0.8,522.7724223060625,518.0876015284244,-77.22757769393752,-81.91239847157556
600.0,0.8,1049.1458813370489,588.1296519816503,449.1458813370489,-11.87034801834966
600.0,0.8,601.4320991687573,559.2007449768528,1.4320991687573041,-40.799255023147225
600.0,0.8,573.85595926702,547.1031584724482,-26.144040732979988,-52.89684152755183
600.0,0.8,600.6378929372291,555.6143696683977,0.6378929372291395,-44.38563033160233
600.0,0.8,1678.1915103451252,605.3415998850904,1078.1915103451252,5.341599885090432
600.0,0.8,2999.9999104395765,607.0755489452317,2399.9999104395765,7.075548945231731
600.0,0.8,553.9958283395616,540.4557523680969,-46.004171660438374,-59.54424763190309
600.0,0.8,640.9500028372061,562.223387507407,40.95000283720606,-37.77661249259302
600.0,0.8,2999.9999104395765,606.729435650581,2399.9999104395765,6.729435650580967
600.0,0.8,585.5289050380644,553.2068875523157,-14.471094961935592,-46.79311244768428
600.0,0.8,555.3437704933684,541.6697146882357,-44.656229506631576,-58.33028531176433
600.0,0.8,516.4187639737145,514.187999597014,-83.58123602628552,-85.81200040298597
600.0,0.8,1021.2416251648849,604.3190086325925,421.2416251648849,4.3190086325924995
600.0,0.8,564.2686997144209,544.839560474496,-35.731300285579096,-55.16043952550399
600.0,0.8,533.7948430420731,526.6024767033973,-66.20515695792687,-73.39752329660269
600.0,0.8,554.4917565330386,539.7795201941398,-45.5082434669614,-60.220479805860236
600.0,0.8,563.6563412554528,543.8626814968561,-36.343658744547156,-56.13731850314389
600.0,0.8,540.0047518795337,531.466790501879,-59.99524812046627,-68.53320949812098
600.0,0.8,941.7254429912043,595.8611857184937,341.7254429912043,-4.1388142815062565
600.0,0.8,522.1576987376951,516.3430527991799,-77.84230126230489,-83.65694720082013
600.0,0.8,541.3571230422323,532.2686855551758,-58.642876957767726,-67.73131444482419
600.0,0.8,599.5087212591058,557.0311203591832,-0.49127874089424495,-42.968879640816795
600.0,0.8,853.666653453797,588.0694031322608,253.66665345379704,-11.930596867739155
600.0,0.8,577.7144135293137,547.9796428564258,-22.285586470686326,-52.02035714357419
600.0,0.8,624.7880944933564,561.1238806574661,24.788094493356425,-38.87611934253391
600.0,0.8,736.7932975864688,577.5582054100599,136.79329758646884,-22.44179458994006
600.0,0.8,542.163221068235,530.6092624015812,-57.836778931765025,-69.39073759841881
600.0,0.8,605.7302164993414,554.2399840559797,5.730216499341395,-45.760015944020324
600.0,0.8,630.0004248955596,563.6045477053494,30.000424895559604,-36.39545229465057
600.0,0.8,523.123082208266,519.1951196353701,-76.87691779173394,-80.80488036462987
600.0,0.8,1140.6546380630505,587.8019155051327,540.6546380630505,-12.198084494867317
600.0,0.8,552.467087736344,538.8434603710435,-47.532912263656044,-61.156539628956466
600.0,0.8,536.931076338383,528.377824676953,-63.068923661616964,-71.62217532304703
600.0,0.8,572.1759282060684,548.5031640836959,-27.82407179393158,-51.49683591630412
600.0,0.8,598.554265685234,556.9612812039411,-1.445734314766014,-43.0387187960589
600.0,0.8,607.3581907837688,559.8969819381388,7.358190783768805,-40.103018061861235
600.0,0.8,759.7552553769933,581.066720353359,159.75525537699332,-18.93327964664104
600.0,0.8,549.8233252973853,537.2497209173832,-50.17667470261472,-62.75027908261677
600.0,0.8,533.3312740776793,526.5374505799399,-66.66872592232073,-73.4625494200601
600.0,0.8,527.9094156414528,522.9181169909461,-72.09058435854718,-77.08188300905385
600.0,0.8,696.956789186324,573.1622304014968,96.95678918632404,-26.8377695985032
600.0,0.8,560.9763630266702,541.964337426814,-39.02363697332976,-58.03566257318596
600.0,0.8,705.7065812138051,579.3046096578395,105.70658121380507,-20.695390342160522
600.0,0.8,557.1894361002177,538.80407764639,-42.81056389978232,-61.195922353609944
600.0,0.8,567.648176239526,543.192543942405,-32.35182376047396,-56.807456057595004
600.0,0.8,596.7529852498027,555.8365867367849,-3.247014750197309,-44.16341326321515
600.0,0.8,592.1645241028205,554.2889420591131,-7.835475897179549,-45.71105794088692
600.0,0.8,953.0536597189513,603.4484445617762,353.0536597189513,3.4484445617762276
600.0,0.8,597.5755259504353,553.9563528083772,-2.424474049564651,-46.04364719162277
600.0,0.8,659.9613828891056,565.749403626434,59.96138288910561,-34.250596373566054
600.0,0.8,607.9223272559632,559.2963164338577,7.922327255963182,-40.70368356614233
600.0,0.8,661.3020137137577,573.9431453487318,61.302013713757674,-26.056854651268168
600.0,0.8,685.0391266817162,573.0934149652707,85.0391266817162,-26.906585034729346
600.0,0.8,598.4574359775654,556.4066270865586,-1.5425640224345898,-43.593372913441385
600.0,0.8,642.2479706100481,568.9946598726599,42.24797061004813,-31.005340127340105
600.0,0.8,573.9279284428868,545.9383064955183,-26.07207155711319,-54.061693504481696
600.0,0.8,746.7500452416231,579.0529583845316,146.75004524162307,-20.94704161546838
600.0,0.8,614.118724757158,560.698401530457,14.11872475715802,-39.30159846954302
600.0,0.8,960.7333493423305,592.7537300364168,360.7333493423305,-7.246269963583245
600.0,0.8,543.9976682746476,533.5899259806541,-56.002331725352406,-66.41007401934587
600.0,0.8,1094.7801599223662,599.8682977984118,494.78015992236624,-0.13170220158815482
600.0,0.8,649.6636713012941,573.3823263309596,49.66367130129413,-26.617673669040414
600.0,0.8,726.6662963831848,581.1512545345336,126.66629638318477,-18.848745465466436
600.0,0.8,567.5994082180308,545.4590850878452,-32.40059178196918,-54.54091491215479
600.0,0.8,622.02904805909,559.1651157397408,22.029048059089973,-40.83488426025917
600.0,0.8,715.7068061300719,578.9457328151569,115.70680613007187,-21.05426718484307
600.0,0.8,546.7540681322263,532.9332034552287,-53.24593186777372,-67.06679654477125
600.0,0.8,582.0579312391311,554.148353170966,-17.942068760868892,-45.85164682903405
600.0,0.8,548.3949236992854,537.2716371546378,-51.605076300714586,-62.7283628453622
600.0,0.8,570.5558735032174,547.5554170182412,-29.444126496782587,-52.4445829817588
600.0,0.8,805.5893770309606,589.1617223707914,205.58937703096058,-10.83827762920862
600.0,0.8,545.4326033565486,533.2069361714475,-54.56739664345139,-66.79306382855248
600.0,0.8,547.2565232146775,534.9655807189082,-52.743476785322514,-65.0344192810918
600.0,0.8,757.6007288356394,581.8905168766266,157.60072883563942,-18.109483123373366
600.0,0.8,606.6870434833282,559.4947361362596,6.687043483328239,-40.505263863740424
600.0,0.8,740.8180027872462,583.2371689387257,140.8180027872462,-16.762831061274255
600.0,0.8,607.7942147947832,559.1503373702445,7.794214794783215,-40.84966262975547
600.0,0.8,573.6124174135454,549.7049333377623,-26.38758258645464,-50.29506666223767
600.0,0.8,660.0291642631331,571.2768298480588,60.02916426313311,-28.72317015194119
600.0,0.8,562.0855212554045,540.7486100469716,-37.9144787445955,-59.251389953028365
600.0,0.8,635.2372373112298,564.8160199843882,35.23723731122982,-35.18398001561184
600.0,0.8,2999.999910494381,629.2235981533543,2399.999910494381,29.22359815335426
600.0,0.8,551.4561263902103,534.8597218570359,-48.54387360978967,-65.14027814296412
600.0,0.8,821.0123190395424,597.5492133202762,221.01231903954238,-2.4507866797238194
600.0,0.8,732.3687162270811,576.7233852717216,132.3687162270811,-23.276614728278446
600.0,0.8,1950.2936805025738,595.1533851543645,1350.2936805025738,-4.846614845635486
600.0,0.8,540.3341786371702,529.9303735301996,-59.665821362829774,-70.06962646980037
600.0,0.8,565.1696448839277,548.4245945337248,-34.83035511607227,-51.57540546627524
600.0,0.8,626.993467665384,568.3931610797396,26.993467665383946,-31.60683892026043
600.0,0.8,575.9528843944042,543.7080469373855,-24.047115605595764,-56.29195306261454
600.0,0.8,644.4983898724204,572.1827545590814,44.498389872420375,-27.817245440918555
600.0,0.8,2999.9999104395765,599.636231104025,2399.9999104395765,-0.3637688959749994
600.0,0.8,2999.9999104395765,604.3762826164723,2399.9999104395765,4.376282616472281
600.0,0.8,587.6856970238238,552.7636275129059,-12.314302976176236,-47.23637248709406
600.0,0.8,615.035903622786,562.9569858975465,15.035903622786009,-37.043014102453526
600.0,0.8,879.9893625181701,597.4772151711949,279.9893625181701,-2.522784828805129
600.0,0.8,538.4106875716809,531.1712529076793,-61.58931242831909,-68.82874709232067
600.0,0.8,559.2403090189056,543.4572228046571,-40.75969098109442,-56.542777195342865
600.0,0.8,548.3873834232475,533.8094797980579,-51.61261657675254,-66.19052020194215
600.0,0.8,567.3505741726383,546.5769681775195,-32.64942582736171,-53.42303182248054
600.0,0.8,658.4853409507227,573.2576923721025,58.48534095072273,-26.742307627897503
600.0,0.8,551.2409229885856,537.8446463291638,-48.75907701141443,-62.155353670836234
600.0,0.8,680.9215354489363,568.4878647290587,80.92153544893631,-31.512135270941258
600.0,0.8,557.7129620804448,543.2839848405048,-42.287037919555246,-56.716015159495214
600.0,0.8,998.6180133617754,596.386221630249,398.6180133617754,-3.613778369751003
600.0,0.8,514.6057752995719,511.4335118118023,-85.39422470042814,-88.5664881881977
600.0,0.8,568.0608032172973,544.1474122062743,-31.939196782702652,-55.85258779372566
600.0,0.8,637.7560126869389,570.0467518548674,37.7560126869389,-29.953248145132648
600.0,0.8,587.7207584364609,551.6631037772474,-12.27924156353913,-48.33689622275256
600.0,0.8,718.2678321133309,577.1355106194414,118.26783211333088,-22.864489380558553
600.0,0.8,524.4212394390117,519.3774597903177,-75.57876056098826,-80.62254020968226
600.0,0.8,723.7235818248581,576.0659815291845,123.72358182485812,-23.934018470815545
600.0,0.8,725.1355357174377,581.4867075995547,125.13553571743773,-18.513292400445266
600.0,0.8,654.4245375021023,564.8278604621296,54.42453750210234,-35.17213953787041
600.0,0.8,643.0877012385268,564.0558412869303,43.08770123852685,-35.94415871306967
600.0,0.8,792.8954126141477,579.0254740040202,192.89541261414774,-20.974525995979775
600.0,0.8,564.294222077082,541.7324199078245,-35.705777922917946,-58.267580092175535
600.0,0.8,592.8227694889482,554.9418355893171,-7.177230511051789,-45.058164410682934
600.0,0.8,700.7088511354872,574.2486431671705,100.70885113548718,-25.751356832829515
600.0,0.8,940.8690214114962,590.1885268384476,340.8690214114962,-9.811473161552385
600.0,0.8,841.359011556944,589.5332284128892,241.35901155694398,-10.46677158711077
600.0,0.8,545.7844538068694,533.9340983872562,-54.21554619313065,-66.0659016127438
600.0,0.8,680.5139320341617,573.5454855425903,80.51393203416171,-26.454514457409687
600.0,0.8,709.2837015209805,580.9215387640637,109.28370152098046,-19.078461235936288
600.0,0.8,534.9206291866847,528.9880782938136,-65.07937081331534,-71.0119217061864
600.0,0.8,536.8192318384674,529.7929139207533,-63.18076816153257,-70.20708607924666
600.0,0.8,548.3363654159739,534.8895862585919,-51.66363458402611,-65.11041374140814
600.0,0.8,620.3908075349264,562.6180510988337,20.390807534926353,-37.38194890116631
600.0,0.8,537.3835522538172,527.355960804061,-62.61644774618276,-72.64403919593894
600.0,0.8,602.6750358504408,555.95203476742,2.6750358504408496,-44.047965232580054
600.0,0.8,594.242047175137,553.1899403995748,-5.7579528248629686,-46.810059600425234
600.0,0.8,645.508767305016,565.1320929820519,45.50876730501602,-34.86790701794814
600.0,0.8,558.5149310046701,539.209058152689,-41.485068995329925,-60.790941847311046
600.0,0.8,522.0612646173682,517.1200534071044,-77.93873538263176,-82.87994659289564
600.0,0.8,586.4733600285203,555.4913983825475,-13.526639971479653,-44.50860161745254
600.0,0.8,584.4179678947716,553.2401329272743,-15.58203210522845,-46.75986707272568
600.0,0.8,597.9470859571112,556.5000670711859,-2.0529140428888013,-43.49993292881413
600.0,0.8,612.515944913337,557.7527299563409,12.515944913336966,-42.247270043659114
600.0,0.8,568.4784694198993,546.3864875567663,-31.521530580100716,-53.61351244323373
600.0,0.8,670.631496041373,570.1759338597371,70.631496041373,-29.824066140262858
600.0,0.8,595.5221744516328,555.2591416540963,-4.47782554836715,-44.74085834590369
600.0,0.8,2999.9999104395765,602.4838945219369,2399.9999104395765,2.483894521936918
600.0,0.8,540.6011409178604,531.1590554967134,-59.39885908213955,-68.84094450328655
600.0,0.8,660.3492174255186,577.1741902465313,60.349217425518646,-22.82580975346866
600.0,0.8,555.4316717768085,539.8167207012332,-44.56832822319154,-60.18327929876682
600.0,0.8,551.2018314054817,535.8375628771374,-48.7981685945183,-64.16243712286257
600.0,0.8,2999.9999104395765,599.9495422587538,2399.9999104395765,-0.05045774124619129
600.0,0.8,560.9884593900009,541.6354479383336,-39.01154060999909,-58.36455206166636
600.0,0.8,636.393988862435,566.5283118858596,36.39398886243498,-33.47168811414042
600.0,0.8,664.6775905456401,569.3560224630041,64.6775905456401,-30.643977536995862
600.0,0.8,544.5843927085842,533.9166303954646,-55.41560729141577,-66.08336960453539
600.0,0.8,585.3135148552188,550.4460119649104,-14.686485144781159,-49.55398803508956
600.0,0.8,535.7412538106354,528.4592628616687,-64.25874618936462,-71.54073713833134
600.0,0.8,553.2236605912781,535.8645861499034,-46.776339408721924,-64.1354138500966
600.0,0.8,633.1828105029393,564.2043623584988,33.18281050293933,-35.79563764150123
600.0,0.8,640.4804390235827,567.1997495821846,40.480439023582676,-32.80025041781539
600.0,0.8,551.2668292736912,538.5297232561835,-48.7331707263088,-61.4702767438165
600.0,0.8,632.6727125681008,565.113981694796,32.67271256810079,-34.88601830520395
600.0,0.8,775.6651611013629,579.6882394852332,175.66516110136286,-20.311760514766775
600.0,0.8,545.0437471810038,533.2967683082574,-54.95625281899618,-66.70323169174264
600.0,0.8,657.6806896118462,569.9531078986646,57.68068961184622,-30.046892101335402
600.0,0.8,618.3936943703856,563.829846307739,18.39369437038556,-36.17015369226101
600.0,0.8,1157.2703128261262,598.9200741921081,557.2703128261262,-1.0799258078918683
600.0,0.8,605.5448523361498,557.1899306854255,5.544852336149802,-42.81006931457455
600.0,0.8,587.3080909637307,557.0957096412257,-12.691909036269294,-42.90429035877435
600.0,0.8,521.0243276516375,516.363535744229,-78.97567234836254,-83.63646425577099
600.0,0.8,597.6516303911761,557.1063376510522,-2.348369608823873,-42.89366234894783
600.0,0.8,512.7364782162721,509.8966776988426,-87.26352178372792,-90.10332230115739
600.0,0.8,637.7235774314232,567.6151850510046,37.72357743142322,-32.38481494899543
600.0,0.8,711.1120251258928,573.6429231653719,111.11202512589284,-26.35707683462806
600.0,0.8,581.9203869376049,551.7266594605994,-18.079613062395083,-48.27334053940058
600.0,0.8,660.0889416397786,571.0631254628283,60.08894163977857,-28.93687453717166
600.0,0.8,537.8809473220049,528.538907348959,-62.119052677995114,-71.46109265104099
600.0,0.8,612.7503164002392,562.3253923223361,12.750316400239171,-37.67460767766386
600.0,0.8,561.3780144932732,542.4132459340804,-38.62198550672679,-57.58675406591965
600.0,0.8,560.7495437555689,540.1559119600838,-39.25045624443112,-59.84408803991619
600.0,0.8,567.5528459734139,545.7041231554286,-32.44715402658608,-54.29587684457135
600.0,0.8,661.2335772075091,572.4051486957669,61.23357720750914,-27.59485130423309
600.0,0.8,551.7106205191031,539.0239749810611,-48.289379480896855,-60.97602501893891
600.0,0.8,575.5938775656577,550.3777538803746,-24.40612243434225,-49.6222461196254
600.0,0.8,610.6702908097342,555.8334831738047,10.670290809734183,-44.166516826195334
600.0,0.8,651.8657698050615,570.0235014566572,51.86576980506152,-29.976498543342814
600.0,0.8,517.5553921923453,514.6238856643542,-82.44460780765473,-85.37611433564575
600.0,0.8,567.2640961826999,544.9603703654557,-32.73590381730014,-55.039629634544326
600.0,0.8,560.6129122018385,539.4152066321682,-39.387087798161474,-60.58479336783182
600.0,0.8,566.9130030795237,546.030072080297,-33.08699692047628,-53.96992791970297
600.0,0.8,544.6523465259532,532.8579590270125,-55.34765347404675,-67.1420409729875
600.0,0.8,619.5514945660278,563.1278546049427,19.551494566027827,-36.87214539505726
600.0,0.8,721.9166968927625,577.6913535732093,121.9166968927625,-22.308646426790688
600.0,0.8,611.99170865858,561.754759950944,11.991708658580023,-38.24524004905595
600.0,0.8,622.3972272813633,562.5969863724637,22.397227281363257,-37.403013627536325
600.0,0.8,656.5857183934482,565.0726611094389,56.585718393448246,-34.927338890561145
600.0,0.8,672.9794674123635,566.9950016452307,72.97946741236353,-33.00499835476933
600.0,0.8,626.6280037635846,568.3776287918589,26.628003763584616,-31.62237120814109
600.0,0.8,809.6980473800156,587.8903727239741,209.69804738001562,-12.10962727602589
600.0,0.8,557.3373133056755,540.0473376936833,-42.66268669432452,-59.95266230631671
600.0,0.8,534.4247495425304,526.4939240124095,-65.57525045746956,-73.50607598759052
600.0,0.8,600.0406281863661,558.6697721165024,0.040628186366120644,-41.33022788349763
600.0,0.8,2999.999912692007,616.2424383681512,2399.999912692007,16.24243836815117
600.0,0.8,550.938081767226,539.4315057809363,-49.06191823277402,-60.56849421906372
600.0,0.8,743.2330611292367,580.2950405507345,143.23306112923672,-19.704959449265516
600.0,0.8,583.7656971783272,551.403802888937,-16.234302821672827,-48.59619711106302
600.0,0.8,558.2661556263754,543.0924493349324,-41.733844373624606,-56.90755066506756
600.0,0.8,689.5423028506848,579.155930860473,89.54230285068479,-20.84406913952705
600.0,0.8,560.9891106243685,539.5479887062481,-39.01088937563145,-60.452011293751866
600.0,0.8,625.3587493321122,563.9239936208896,25.35874933211221,-36.07600637911037
600.0,0.8,633.0338646311616,566.1700573286272,33.03386463116158,-33.829942671372805
600.0,0.8,684.9385361608367,577.4269390603273,84.93853616083675,-22.5730609396727
600.0,0.8,590.9244223975589,552.2560669388906,-9.075577602441058,-47.743933061109374
600.0,0.8,1730.2703653290905,606.8294676065965,1130.2703653290905,6.829467606596495
600.0,0.8,580.9758994996735,549.7106637167676,-19.02410050032654,-50.28933628323239
600.0,0.8,547.8791591964117,535.5893968382167,-52.120840803588294,-64.41060316178334
600.0,0.8,663.275311486726,571.6199390046866,63.27531148672597,-28.380060995313443
600.0,0.8,750.4046104952979,575.8027664179119,150.4046104952979,-24.197233582088074
600.0,0.8,580.9183426719947,549.5460779396723,-19.08165732800535,-50.45392206032773
600.0,0.8,735.7772179599953,581.5798138632716,135.77721795999526,-18.420186136728375
600.0,0.8,599.256247391735,556.4266109768076,-0.7437526082650265,-43.57338902319236
600.0,0.8,611.2451801488934,563.2363182433858,11.245180148893382,-36.76368175661423
600.0,0.8,1403.465993128509,605.2936954437475,803.4659931285089,5.293695443747538
600.0,0.8,643.6873519832978,566.798442166413,43.687351983297845,-33.201557833587
600.0,0.8,522.4786090691588,517.7948682984292,-77.52139093084122,-82.20513170157085
600.0,0.8,645.2136960330522,569.0595232118569,45.2136960330522,-30.940476788143087
600.0,0.8,557.5549601786716,538.9486481283583,-42.44503982132835,-61.051351871641714
600.0,0.8,628.4472834507825,564.039163881215,28.447283450782493,-35.96083611878498
600.0,0.8,821.5712316121297,586.3728476742892,221.57123161212974,-13.627152325710767
600.0,0.8,591.9153349641524,553.7455196263023,-8.084665035847593,-46.254480373697675
600.0,0.8,746.1919290408568,586.5883085249317,146.19192904085685,-13.411691475068324
600.0,0.8,576.7030856050809,545.6674807205767,-23.2969143949191,-54.33251927942331
600.0,0.8,608.6887360931408,557.7657610053362,8.688736093140847,-42.23423899466377
600.0,0.8,564.0602180281943,543.6727902611541,-35.9397819718057,-56.32720973884591
600.0,0.8,865.8987159281687,592.8328626515381,265.8987159281687,-7.1671373484618925
600.0,0.8,1056.3508961731422,596.705571486815,456.35089617314225,-3.2944285131850393
600.0,0.8,552.2011834241844,538.6117436229716,-47.798816575815636,-61.38825637702837
600.0,0.8,2049.8131450760434,592.6994751988984,1449.8131450760434,-7.300524801101574
600.0,0.8,661.2739046443502,570.4862536196521,61.27390464435018,-29.513746380347925
600.0,0.8,638.4343696366949,565.8857928020913,38.434369636694896,-34.11420719790874
600.0,0.8,551.4271873571234,537.2802719192093,-48.572812642876556,-62.719728080790674
600.0,0.8,533.7741815143224,525.8101791347957,-66.22581848567756,-74.1898208652043
600.0,0.8,547.0154261291268,533.7214294851179,-52.98457387087319,-66.27857051488206
600.0,0.8,1284.472688747223,595.0663257312576,684.472688747223,-4.933674268742379
600.0,0.8,723.0743043002389,579.5436722830681,123.07430430023885,-20.456327716931924
600.0,0.8,713.9552839478525,580.6491258805762,113.95528394785254,-19.350874119423793
600.0,0.8,642.557977115932,567.6900281922678,42.557977115931976,-32.309971807732154
600.0,0.8,541.0718798559839,530.5769950356716,-58.928120144016134,-69.42300496432836
600.0,0.8,548.7348703133425,534.6585489233595,-51.265129686657474,-65.34145107664051
600.0,0.8,714.3376415659883,576.3879229296192,114.33764156598829,-23.612077070380792
800.0,0.2,1000.9942775721942,235.99007930979377,200.99427757219416,-564.0099206902062
800.0,0.2,2999.9999217663003,247.4254855290256,2199.9999217663003,-552.5745144709745
800.0,0.2,2999.9999163313073,240.50182753709197,2199.9999163313073,-559.4981724629081
800.0,0.2,504.705216266169,227.66929785840364,-295.294783733831,-572.3307021415964
800.0,0.2,466.36087462352197,228.51252629656767,-333.63912537647803,-571.4874737034323
800.0,0.2,643.5376168297452,236.1575650787632,-156.46238317025484,-563.8424349212368
800.0,0.2,2999.9999178436874,232.0010602399537,2199.9999178436874,-567.9989397600464
800.0,0.2,636.4080450273042,238.49902223945864,-163.59195497269582,-561.5009777605413
800.0,0.2,2999.9999503932577,242.34177059314587,2199.9999503932577,-557.6582294068542
800.0,0.2,2999.9999196098706,239.60211369211524,2199.9999196098706,-560.3978863078847
800.0,0.2,408.89182943147284,232.6907516296042,-391.10817056852716,-567.3092483703958
800.0,0.2,2999.9999145401684,235.49800024270792,2199.9999145401684,-564.5019997572921
800.0,0.2,1306.679857909354,240.88784738631918,506.67985790935404,-559.1121526136808
800.0,0.2,2999.999920878493,246.94166665053973,2199.999920878493,-553.0583333494603
800.0,0.2,2999.999920549297,243.7997453686308,2199.999920549297,-556.2002546313693
800.0,0.2,438.8564240094433,230.4499323620917,-361.1435759905567,-569.5500676379083
800.0,0.2,2999.9999199658037,241.75382384690667,2199.9999199658037,-558.2461761530933
800.0,0.2,2999.9999170268675,240.48227452229798,2199.9999170268675,-559.517725477702
800.0,0.2,319.5477118060578,222.81234940863075,-480.4522881939422,-577.1876505913692
800.0,0.2,2999.9999104395765,234.19275505567435,2199.9999104395765,-565.8072449443257
800.0,0.2,423.90139886749364,235.48483459788847,-376.09860113250636,-564.5151654021115
800.0,0.2,1027.232937859483,236.2340325417051,227.23293785948294,-563.7659674582949
800.0,0.2,473.23321264073394,224.73412530169608,-326.76678735926606,-575.265874698304
800.0,0.2,380.51561001304964,229.2727282897158,-419.48438998695036,-570.7272717102842
800.0,0.2,2999.999921063022,239.97982789917603,2199.999921063022,-560.020172100824
800.0,0.2,410.9833813651815,228.45785177542092,-389.0166186348185,-571.542148224579
800.0,0.2,539.5121216418406,232.5993765294193,-260.4878783581594,-567.4006234705807
800.0,0.2,2999.9999197978873,239.87566874278244,2199.9999197978873,-560.1243312572176
800.0,0.2,2999.999917089384,242.72889697119132,2199.999917089384,-557.2711030288087
800.0,0.2,476.7715596679926,230.45373469266235,-323.2284403320074,-569.5462653073376
800.0,0.2,356.043159192084,224.98567668884382,-443.956840807916,-575.0143233111562
800.0,0.2,723.1413686702681,223.67098601034292,-76.8586313297319,-576.3290139896571
800.0,0.2,628.4787324655476,228.8540448919854,-171.52126753445236,-571.1459551080146
800.0,0.2,527.5285367047599,235.4894293812032,-272.47146329524014,-564.5105706187968
800.0,0.2,581.2073101480436,230.8362882907984,-218.79268985195642,-569.1637117092016
800.0,0.2,346.5813490139722,232.05071657668952,-453.4186509860278,-567.9492834233105
800.0,0.2,1043.0998319766475,242.845988494664,243.09983197664747,-557.154011505336
800.0,0.2,664.4658507826082,234.27604213479606,-135.5341492173918,-565.7239578652039
800.0,0.2,2999.999920620023,238.91118558833068,2199.999920620023,-561.0888144116693
800.0,0.2,2999.999920539921,246.6371927673963,2199.999920539921,-553.3628072326037
800.0,0.2,2999.999919666528,244.83096540905,2199.999919666528,-555.16903459095
800.0,0.2,610.0553886809843,231.5135881647034,-189.94461131901573,-568.4864118352966
800.0,0.2,611.3944329344247,234.8574046857934,-188.60556706557531,-565.1425953142066
800.0,0.2,914.824908237022,234.2720102618945,114.82490823702199,-565.7279897381055
800.0,0.2,2999.9999104395765,231.83672509114635,2199.9999104395765,-568.1632749088536
800.0,0.2,2999.999921980152,235.86591534358044,2199.999921980152,-564.1340846564195
800.0,0.2,2999.9999200835723,237.29962788710915,2199.9999200835723,-562.7003721128908
800.0,0.2,1442.7947649992884,234.91956587320078,642.7947649992884,-565.0804341267992
800.0,0.2,499.96380660141625,235.45082179252995,-300.03619339858375,-564.54917820747
800.0,0.2,2999.9999104395765,232.7238033470225,2199.9999104395765,-567.2761966529774
800.0,0.2,2999.999919867047,234.48103052155355,2199.999919867047,-565.5189694784465
800.0,0.2,2999.999914538997,237.59768409701906,2199.999914538997,-562.402315902981
800.0,0.2,2999.9999174747927,239.9923343436175,2199.9999174747927,-560.0076656563825
800.0,0.2,371.73715810466507,230.92964584474925,-428.26284189533493,-569.0703541552507
800.0,0.2,457.3163048551583,235.93357376371492,-342.6836951448417,-564.0664262362851
800.0,0.2,646.6783818402806,243.70372237063862,-153.32161815971938,-556.2962776293614
800.0,0.2,2999.9999170641363,246.89081304895632,2199.9999170641363,-553.1091869510437
800.0,0.2,343.19706604591715,230.77294152727623,-456.80293395408285,-569.2270584727238
800.0,0.2,284.8114616695746,227.6757575557349,-515.1885383304254,-572.3242424442651
800.0,0.2,332.97201644842517,231.35250063872607,-467.02798355157483,-568.647499361274
800.0,0.2,2999.9999190581234,240.26361692458232,2199.9999190581234,-559.7363830754177
800.0,0.2,727.5615718231319,232.39438574490043,-72.43842817686811,-567.6056142550996
800.0,0.2,572.3453021577214,235.86502678593794,-227.65469784227855,-564.134973214062
800.0,0.2,2999.999918700564,234.41541932426153,2199.999918700564,-565.5845806757385
800.0,0.2,436.79117991322977,229.8196135544325,-363.20882008677023,-570.1803864455675
800.0,0.2,1013.5273919769288,236.9639041613088,213.5273919769288,-563.0360958386912
800.0,0.2,438.3684680173867,230.24988841892943,-361.6315319826133,-569.7501115810705
800.0,0.2,807.8994835960057,238.36380402803445,7.899483596005666,-561.6361959719655
800.0,0.2,521.9606379177252,232.5998554066851,-278.0393620822748,-567.400144593315
800.0,0.2,2999.999918298698,236.46348242220876,2199.999918298698,-563.5365175777913
800.0,0.2,414.57256286182746,224.264942548752,-385.42743713817254,-575.7350574512479
800.0,0.2,2999.999921483296,251.89637484144717,2199.999921483296,-548.1036251585529
800.0,0.2,434.47934698954145,232.9439018494058,-365.52065301045855,-567.0560981505942
800.0,0.2,911.502702797677,229.7106462868937,111.50270279767699,-570.2893537131063
800.0,0.2,2999.9999104395765,230.8629280119046,2199.9999104395765,-569.1370719880954
800.0,0.2,2999.9999218804737,239.7150481379945,2199.9999218804737,-560.2849518620055
800.0,0.2,2999.9999161183014,239.5592071173965,2199.9999161183014,-560.4407928826035
800.0,0.2,901.742174672252,232.09251227609636,101.74217467225196,-567.9074877239036
800.0,0.2,2075.453310699803,233.66296041568037,1275.4533106998028,-566.3370395843197
800.0,0.2,378.85656681739863,229.53871184660227,-421.14343318260137,-570.4612881533977
800.0,0.2,2999.9999104395765,235.27683400882682,2199.9999104395765,-564.7231659911731
800.0,0.2,445.9482526265923,225.9779162731029,-354.0517473734077,-574.0220837268971
800.0,0.2,2999.9999106380496,235.53895348568795,2199.9999106380496,-564.4610465143121
800.0,0.2,2999.999918502373,235.68243717547335,2199.999918502373,-564.3175628245267
800.0,0.2,2999.999914661816,234.18100168627294,2199.999914661816,-565.8189983137271
800.0,0.2,2999.999920956673,238.05720704216802,2199.999920956673,-561.942792957832
800.0,0.2,2999.9999104395765,240.2303609320934,2199.9999104395765,-559.7696390679066
800.0,0.2,259.17044858320446,224.19237954100265,-540.8295514167955,-575.8076204589973
800.0,0.2,2999.999919796337,237.43505888748487,2199.999919796337,-562.5649411125152
800.0,0.2,370.9662834674728,228.2141287302899,-429.0337165325272,-571.7858712697101
800.0,0.2,441.87181829768986,233.68198830234155,-358.12818170231014,-566.3180116976584
800.0,0.2,299.94784588480127,221.062848918846,-500.05215411519873,-578.9371510811541
800.0,0.2,2999.9999104395765,241.622520267761,2199.9999104395765,-558.377479732239
800.0,0.2,2999.9999383627496,236.15965153966263,2199.9999383627496,-563.8403484603374
800.0,0.2,1024.679696963996,231.47644987000209,224.6796969639961,-568.523550129998
800.0,0.2,2999.99991829638,233.72660193227435,2199.99991829638,-566.2733980677257
800.0,0.2,2999.9999123700245,227.6504971171376,2199.9999123700245,-572.3495028828625
800.0,0.2,2999.9999104395765,235.06310122966013,2199.9999104395765,-564.9368987703399
800.0,0.2,2999.9999193113986,235.9029476693442,2199.9999193113986,-564.0970523306557
800.0,0.2,514.0514349570172,231.04540493761115,-285.94856504298275,-568.9545950623889
800.0,0.2,2999.9999168867653,239.07834758869845,2199.9999168867653,-560.9216524113016
800.0,0.2,2999.9999159823533,236.09636267350254,2199.9999159823533,-563.9036373264975
800.0,0.2,459.53699319929285,225.61234536468507,-340.46300680070715,-574.3876546353149
800.0,0.2,2999.9999104395765,239.40801148883594,2199.9999104395765,-560.5919885111641
800.0,0.2,2999.9999220318023,243.77088083537873,2199.9999220318023,-556.2291191646212
800.0,0.2,2999.9999190854646,240.8324969939492,2199.9999190854646,-559.1675030060508
800.0,0.2,2999.9999128917807,232.02724582432944,2199.9999128917807,-567.9727541756706
800.0,0.2,2999.9999206678226,234.130012936116,2199.9999206678226,-565.869987063884
800.0,0.2,791.2369328440628,242.2433202295782,-8.763067155937165,-557.7566797704218
800.0,0.2,369.56930093037516,224.6397865735138,-430.43069906962484,-575.3602134264862
800.0,0.2,2999.9999104395765,235.78502266915615,2199.9999104395765,-564.2149773308438
800.0,0.2,2999.9999198615797,244.51023456617293,2199.9999198615797,-555.4897654338271
800.0,0.2,495.01455970121594,233.56520636235186,-304.98544029878406,-566.4347936376481
800.0,0.2,309.5100498705767,220.25200486245234,-490.4899501294233,-579.7479951375476
800.0,0.2,337.8400297308973,222.07735688723983,-462.1599702691027,-577.9226431127602
800.0,0.2,2999.999921159201,229.22893939041367,2199.999921159201,-570.7710606095864
800.0,0.2,2999.999920812479,232.94944979249058,2199.999920812479,-567.0505502075094
800.0,0.2,2999.999916521729,239.25218367198332,2199.999916521729,-560.7478163280167
800.0,0.2,532.7152429797137,228.48828782471043,-267.2847570202863,-571.5117121752896
800.0,0.2,1450.7409593841057,238.6436209528066,650.7409593841057,-561.3563790471934
800.0,0.2,1571.4410468987926,235.58535324234873,771.4410468987926,-564.4146467576513
800.0,0.2,281.1303049411575,226.02766870399782,-518.8696950588426,-573.9723312960022
800.0,0.2,647.1816759886011,235.73536987588025,-152.8183240113989,-564.2646301241198
800.0,0.2,2999.9999175937523,241.34223395353723,2199.9999175937523,-558.6577660464627
800.0,0.2,2999.999910441941,243.19807621040573,2199.999910441941,-556.8019237895943
800.0,0.2,2999.9999158531814,242.83463882661258,2199.9999158531814,-557.1653611733874
800.0,0.2,334.12648846926436,222.60354074396218,-465.87351153073564,-577.3964592560378
800.0,0.2,2999.9999195922073,237.7479829513161,2199.9999195922073,-562.2520170486839
800.0,0.2,2999.999932835933,231.3332673041336,2199.999932835933,-568.6667326958664
800.0,0.2,671.5100020973364,231.7302065184508,-128.48999790266362,-568.2697934815492
800.0,0.2,633.3177403004127,228.3157960573379,-166.68225969958735,-571.6842039426621
800.0,0.2,329.94299135933164,225.18009499318907,-470.05700864066836,-574.8199050068109
800.0,0.2,2999.999911456251,240.99288609866696,2199.999911456251,-559.007113901333
800.0,0.2,2999.9999208119916,231.64876484203924,2199.9999208119916,-568.3512351579608
800.0,0.2,480.38162196647835,233.1240975729376,-319.61837803352165,-566.8759024270624
800.0,0.2,393.0795032034479,233.3825905969881,-406.9204967965521,-566.6174094030118
800.0,0.2,775.1726962783052,231.37754151894904,-24.82730372169476,-568.6224584810509
800.0,0.2,2999.9999397194733,239.30790419192658,2199.9999397194733,-560.6920958080734
800.0,0.2,648.4953777357473,229.9342014361616,-151.5046222642527,-570.0657985638384
800.0,0.2,530.3334179856471,235.56740063123064,-269.6665820143529,-564.4325993687694
800.0,0.2,416.0074665349349,237.96653117759527,-383.9925334650651,-562.0334688224048
800.0,0.2,2999.9999104395765,238.0796712674093,2199.9999104395765,-561.9203287325906
800.0,0.2,2999.9999175445837,229.01865884549966,2199.9999175445837,-570.9813411545003
800.0,0.2,2999.999915860069,247.42182426870662,2199.999915860069,-552.5781757312934
800.0,0.2,2705.8576575211537,238.292521318762,1905.8576575211537,-561.707478681238
800.0,0.2,454.1740229632152,232.25063462856122,-345.8259770367848,-567.7493653714388
800.0,0.2,322.2154085844458,222.89850409901646,-477.7845914155542,-577.1014959009835
800.0,0.2,2999.999918250087,234.78153571951495,2199.999918250087,-565.218464280485
800.0,0.2,2999.9999196939916,234.52718117489306,2199.9999196939916,-565.472818825107
800.0,0.2,2999.9999161936807,236.9946959391224,2199.9999161936807,-563.0053040608776
800.0,0.2,709.7409629689739,235.1287749169396,-90.25903703102608,-564.8712250830604
800.0,0.2,2999.9999194817906,238.8881893432146,2199.9999194817906,-561.1118106567853
800.0,0.2,485.096394477393,236.97665348054633,-314.903605522607,-563.0233465194536
800.0,0.2,2999.9999181957387,238.52414890463078,2199.9999181957387,-561.4758510953692
800.0,0.2,388.43017644727615,223.77944773603593,-411.56982355272385,-576.220552263964
800.0,0.2,526.0044306512905,225.61724445217703,-273.9955693487095,-574.382755547823
800.0,0.2,2999.9999104395765,230.16982454475234,2199.9999104395765,-569.8301754552476
800.0,0.2,2999.999919098709,238.7613953635986,2199.999919098709,-561.2386046364014
800.0,0.2,964.2936641400531,234.77684278892627,164.29366414005312,-565.2231572110737
800.0,0.2,2999.9999218876396,248.4412783618042,2199.9999218876396,-551.5587216381958
800.0,0.2,2999.9999193764856,230.93277990631466,2199.9999193764856,-569.0672200936854
800.0,0.2,2999.9999202358204,241.0461039869141,2199.9999202358204,-558.9538960130859
800.0,0.2,491.2966928843324,228.71945704739935,-308.7033071156676,-571.2805429526006
800.0,0.2,516.3355683343221,232.60955630337435,-283.66443166567785,-567.3904436966257
800.0,0.2,1669.4259078898754,244.2297013650571,869.4259078898754,-555.770298634943
800.0,0.2,2999.9999204832384,239.1377181826517,2199.9999204832384,-560.8622818173483
800.0,0.2,452.75767847211193,222.23217328831606,-347.24232152788807,-577.7678267116839
800.0,0.2,438.2689400851114,223.9060205666187,-361.7310599148886,-576.0939794333813
800.0,0.2,2999.99992048277,237.98105805552262,2199.99992048277,-562.0189419444773
800.0,0.2,769.6536030574974,237.85576446081134,-30.346396942502565,-562.1442355391887
800.0,0.2,2999.9999104395765,238.68446162069165,2199.9999104395765,-561.3155383793084
800.0,0.2,2999.999920451522,250.15072170131455,2199.999920451522,-549.8492782986855
800.0,0.2,2999.9999172925227,240.95967279214423,2199.9999172925227,-559.0403272078557
800.0,0.2,307.3434215022155,234.03112294902928,-492.6565784977845,-565.9688770509707
800.0,0.2,2999.9999104395765,233.56374398194995,2199.9999104395765,-566.43625601805
800.0,0.2,393.2182518835068,221.34293550272798,-406.7817481164932,-578.657064497272
800.0,0.2,2999.999919184938,240.997684567923,2199.999919184938,-559.002315432077
800.0,0.2,2999.9999213244155,244.51789555000363,2199.9999213244155,-555.4821044499963
800.0,0.2,2999.999916538044,232.29251737592017,2199.999916538044,-567.7074826240798
800.0,0.2,2999.9999208451895,232.68456362692874,2199.9999208451895,-567.3154363730713
800.0,0.2,601.0713991843818,243.1827305160698,-198.9286008156182,-556.8172694839302
800.0,0.2,2999.9999219943024,255.27311093173853,2199.9999219943024,-544.7268890682615
800.0,0.2,277.01462850573995,220.19418778318493,-522.9853714942601,-579.8058122168151
800.0,0.2,2999.999919074952,235.59951354304945,2199.999919074952,-564.4004864569506
800.0,0.2,2022.4467900494067,230.38153485081358,1222.4467900494067,-569.6184651491865
800.0,0.2,499.4177206371345,225.45289330354137,-300.5822793628655,-574.5471066964586
800.0,0.2,2999.9999134459526,243.66510341004602,2199.9999134459526,-556.334896589954
800.0,0.2,820.9783622528636,231.69591830540583,20.978362252863576,-568.3040816945942
800.0,0.2,269.36919446570903,215.42763928919507,-530.630805534291,-584.5723607108049
800.0,0.2,482.8497841839527,224.70500493927852,-317.1502158160473,-575.2949950607215
800.0,0.2,2999.9999212904722,239.97371804473218,2199.9999212904722,-560.0262819552678
800.0,0.2,813.0957639137666,232.3564394286621,13.095763913766632,-567.643560571338
800.0,0.2,2999.9999104395765,229.03924097118482,2199.9999104395765,-570.9607590288151
800.0,0.2,468.21756629834294,224.3396562190782,-331.78243370165706,-575.6603437809218
800.0,0.2,2999.9999200316465,232.91155711961326,2199.9999200316465,-567.0884428803868
800.0,0.2,2999.9999193405574,230.9297424851597,2199.9999193405574,-569.0702575148403
800.0,0.2,2999.9999212519724,241.53852820061604,2199.9999212519724,-558.461471799384
800.0,0.2,2999.999918280271,236.57081715421592,2199.999918280271,-563.4291828457841
800.0,0.2,2999.999917343976,239.07664695924854,2199.999917343976,-560.9233530407514
800.0,0.2,587.9845839972639,230.8769973226879,-212.01541600273606,-569.1230026773121
800.0,0.2,337.53204764321265,219.37643146918174,-462.46795235678735,-580.6235685308183
800.0,0.2,2999.9999141671115,221.99668878090478,2199.9999141671115,-578.0033112190952
800.0,0.2,471.13304891271844,235.584172360593,-328.86695108728156,-564.415827639407
800.0,0.2,2999.9999195263526,245.6666437035444,2199.9999195263526,-554.3333562964556
800.0,0.2,2999.9999214375184,240.35128059444034,2199.9999214375184,-559.6487194055596
800.0,0.2,316.04887193304853,220.56194245337056,-483.95112806695147,-579.4380575466295
800.0,0.2,490.2610240434275,225.33728887494902,-309.7389759565725,-574.6627111250509
800.0,0.2,2999.9999104395765,235.24259505849045,2199.9999104395765,-564.7574049415095
800.0,0.2,379.88224177101984,231.3134824341565,-420.11775822898016,-568.6865175658435
800.0,0.2,428.5141517853343,229.30392990867634,-371.4858482146657,-570.6960700913237
800.0,0.2,367.0798679296008,223.6444924269208,-432.9201320703992,-576.3555075730792
800.0,0.2,406.5108443835038,234.13868463874945,-393.4891556164962,-565.8613153612505
800.0,0.2,2999.999921476689,229.58903401606082,2199.999921476689,-570.4109659839391
800.0,0.2,2999.9999183261048,241.65661619964004,2199.9999183261048,-558.34338380036
800.0,0.2,2999.9999398915797,237.11233646018786,2199.9999398915797,-562.8876635398121
800.0,0.2,2999.999919901893,240.78227900282306,2199.999919901893,-559.2177209971769
800.0,0.2,2999.999912890546,239.08414402932758,2199.999912890546,-560.9158559706724
800.0,0.2,1070.1914504658844,232.8918967455099,270.1914504658844,-567.1081032544901
800.0,0.2,574.8296596866642,237.57300974978455,-225.17034031333583,-562.4269902502155
800.0,0.2,2999.9999188978522,246.47864377876215,2199.9999188978522,-553.5213562212379
800.0,0.2,939.7822421868453,233.77798904097284,139.78224218684534,-566.2220109590271
800.0,0.2,378.3477476169823,219.94694375735196,-421.6522523830177,-580.053056242648
800.0,0.2,296.6667001761504,220.94398609662775,-503.3332998238496,-579.0560139033722
800.0,0.2,275.2450158884623,225.72744871539015,-524.7549841115376,-574.2725512846098
800.0,0.2,2999.9999219140254,239.15696957582938,2199.9999219140254,-560.8430304241706
800.0,0.2,369.2489510527765,228.93380411118838,-430.7510489472235,-571.0661958888116
800.0,0.2,2999.9999203059983,240.9445081020145,2199.9999203059983,-559.0554918979855
800.0,0.2,1135.2659326979133,233.75212683257823,335.2659326979133,-566.2478731674217
800.0,0.2,576.5344518959396,232.96520322686445,-223.46554810406042,-567.0347967731356
800.0,0.2,482.69068235308976,232.50679578728807,-317.30931764691024,-567.4932042127119
800.0,0.2,2063.1912638230738,237.02035663983688,1263.1912638230738,-562.9796433601631
800.0,0.2,2999.9999158733626,238.37937306994624,2199.9999158733626,-561.6206269300537
800.0,0.2,324.5045035507885,223.58711255987814,-475.4954964492115,-576.4128874401218
800.0,0.2,584.5781704939639,229.85174695570993,-215.42182950603615,-570.1482530442901
800.0,0.2,625.7431914508993,228.00027766811453,-174.2568085491007,-571.9997223318854
800.0,0.2,407.3298053853822,233.38543353482575,-392.6701946146178,-566.6145664651742
800.0,0.2,488.2640830062229,227.18079830945902,-311.7359169937771,-572.8192016905409
800.0,0.2,2999.999915703923,235.5237977191561,2199.999915703923,-564.4762022808438
800.0,0.2,2999.9999109944924,233.9306472042354,2199.9999109944924,-566.0693527957646
800.0,0.2,2999.999914481552,230.60256906019742,2199.999914481552,-569.3974309398026
800.0,0.2,441.0254122069005,227.96831123275453,-358.9745877930995,-572.0316887672454
800.0,0.2,401.14382953221906,227.1541165556888,-398.85617046778094,-572.8458834443112
800.0,0.2,2999.999918926098,233.94818763095088,2199.999918926098,-566.0518123690491
800.0,0.2,572.5067698389809,236.50307387121865,-227.49323016101914,-563.4969261287813
800.0,0.2,2999.9999166755624,239.19511616338622,2199.9999166755624,-560.8048838366137
800.0,0.2,571.4256312299358,235.9213357209025,-228.5743687700642,-564.0786642790974
800.0,0.2,2999.9999109663813,237.48110625961482,2199.9999109663813,-562.5188937403852
800.0,0.2,367.203362918318,227.80113294005372,-432.796637081682,-572.1988670599462
800.0,0.2,620.0812695503384,244.97238720132174,-179.91873044966155,-555.0276127986783
800.0,0.2,612.8383149451774,240.5022047196817,-187.16168505482256,-559.4977952803183
800.0,0.2,1293.6275182296245,229.39645091206643,493.62751822962446,-570.6035490879335
800.0,0.2,652.3050836099436,238.96958364536462,-147.6949163900564,-561.0304163546353
800.0,0.2,2999.999921751992,244.3331097136131,2199.999921751992,-555.6668902863869
800.0,0.2,621.079547918858,239.37266785504247,-178.920452081142,-560.6273321449576
800.0,0.2,2999.9999202384633,244.10361609877583,2199.9999202384633,-555.8963839012242
800.0,0.2,719.4448157124995,230.89415833047647,-80.55518428750054,-569.1058416695236
800.0,0.2,326.2029760370444,224.9253185311251,-473.7970239629556,-575.0746814688749
800.0,0.2,790.2128114175857,230.04370492248506,-9.787188582414274,-569.9562950775149
800.0,0.2,468.3206986616946,230.85560451403668,-331.6793013383054,-569.1443954859633
800.0,0.2,317.97142315613416,229.12519739146433,-482.02857684386584,-570.8748026085357
800.0,0.2,2999.99991292253,242.711514913231,2199.99991292253,-557.288485086769
800.0,0.2,445.54007345413214,234.0161782452625,-354.45992654586786,-565.9838217547375
800.0,0.2,620.8639919447473,236.630466958519,-179.13600805525266,-563.369533041481
800.0,0.2,302.02122632411164,227.6195860940124,-497.97877367588836,-572.3804139059876
800.0,0.2,2999.999911960226,230.51605910373308,2199.999911960226,-569.4839408962669
800.0,0.2,360.9996616586707,225.94509866286828,-439.0003383413293,-574.0549013371317
800.0,0.2,543.6311411055126,229.96674671246046,-256.3688588944874,-570.0332532875395
800.0,0.2,1997.1440827743304,233.4271722035246,1197.1440827743304,-566.5728277964754
800.0,0.2,2999.9999107125323,234.79780395768694,2199.9999107125323,-565.2021960423131
800.0,0.2,2999.9999197480784,251.61671091715576,2199.9999197480784,-548.3832890828443
800.0,0.2,2999.9999200227558,240.78732998313166,2199.9999200227558,-559.2126700168683
800.0,0.2,2999.999916949141,230.73194108259446,2199.999916949141,-569.2680589174056
800.0,0.2,2999.999919981901,245.35689118142176,2199.999919981901,-554.6431088185782
800.0,0.2,2999.9999104395765,235.13342802476168,2199.9999104395765,-564.8665719752383
800.0,0.2,425.9848956972682,228.7850149893428,-374.0151043027318,-571.2149850106572
800.0,0.2,737.8715699164188,237.04557993326145,-62.12843008358118,-562.9544200667385
800.0,0.2,549.1772952472639,222.55482443274892,-250.82270475273606,-577.4451755672511
800.0,0.2,2999.999919165552,244.18668027461086,2199.999919165552,-555.8133197253892
800.0,0.2,388.4265677571624,231.95986134784752,-411.5734322428376,-568.0401386521525
800.0,0.2,2999.99992125973,240.61186511418947,2199.99992125973,-559.3881348858106
800.0,0.2,2999.9999184561084,240.5718087167694,2199.9999184561084,-559.4281912832306
800.0,0.2,2999.9999175602834,233.7825075628869,2199.9999175602834,-566.2174924371132
800.0,0.2,637.704173834456,229.05326780817384,-162.29582616554399,-570.9467321918262
800.0,0.2,2999.9999221177977,235.0094397530092,2199.9999221177977,-564.9905602469908
800.0,0.2,852.4977335996481,244.631638885561,52.497733599648086,-555.368361114439
800.0,0.2,2999.9999199826952,241.12274378245363,2199.9999199826952,-558.8772562175463
800.0,0.2,2999.99992108174,229.6327909018591,2199.99992108174,-570.3672090981408
800.0,0.2,2999.9999155245487,238.3419114101001,2199.9999155245487,-561.6580885898999
800.0,0.2,2999.999912329689,251.00337050717445,2199.999912329689,-548.9966294928256
800.0,0.2,371.43650900499466,225.51830543018596,-428.56349099500534,-574.4816945698141
800.0,0.2,309.6382002651558,227.87913521291628,-490.3617997348442,-572.1208647870837
800.0,0.2,420.73223816380437,231.30012600936323,-379.26776183619563,-568.6998739906368
800.0,0.2,653.9823170549945,236.4126762355676,-146.0176829450055,-563.5873237644324
800.0,0.2,509.25272677360175,229.70044747381172,-290.74727322639825,-570.2995525261883
800.0,0.2,289.7974981001215,222.69047365856724,-510.2025018998785,-577.3095263414327
800.0,0.2,2999.999919833845,239.68160597888127,2199.999919833845,-560.3183940211187
800.0,0.2,654.5196086741004,238.79740073132874,-145.48039132589963,-561.2025992686713
800.0,0.2,2846.12568869851,234.49342831476133,2046.1256886985102,-565.5065716852387
800.0,0.2,346.6682527094457,225.91947569924042,-453.3317472905543,-574.0805243007596
800.0,0.2,518.1750414059524,233.15035036784914,-281.82495859404764,-566.8496496321509
800.0,0.4,489.10597106423404,401.0331980594083,-310.89402893576596,-398.9668019405917
800.0,0.4,916.9742601171523,416.3405107521812,116.97426011715231,-383.6594892478188
800.0,0.4,508.83574126862914,404.74022396522145,-291.16425873137086,-395.25977603477855
800.0,0.4,2999.9999104395765,423.06175602254643,2199.9999104395765,-376.93824397745357
800.0,0.4,2095.244384538331,427.81889302310975,1295.244384538331,-372.18110697689025
800.0,0.4,2572.2241096552107,430.8764537447881,1772.2241096552107,-369.1235462552119
800.0,0.4,1528.8733234996262,410.12123941026965,728.8733234996262,-389.87876058973035
800.0,0.4,590.938964818771,408.9443103147872,-209.06103518122904,-391.0556896852128
800.0,0.4,2999.9999104395765,427.76682903889,2199.9999104395765,-372.23317096111
800.0,0.4,555.8849666501484,408.4573183743861,-244.11503334985161,-391.5426816256139
800.0,0.4,2999.9999350467065,424.9744609360505,2199.9999350467065,-375.0255390639495
800.0,0.4,2999.9999104395765,432.99176953277725,2199.9999104395765,-367.00823046722275
800.0,0.4,2999.9999112376436,427.6077860426297,2199.9999112376436,-372.3922139573703
800.0,0.4,2999.9999215311655,417.32225744978433,2199.9999215311655,-382.67774255021567
800.0,0.4,808.7704251112822,418.91075125354223,8.77042511128218,-381.08924874645777
800.0,0.4,782.8592378527718,409.7235329749131,-17.1407621472282,-390.2764670250869
800.0,0.4,738.1536878510956,413.8443319950071,-61.84631214890442,-386.1556680049929
800.0,0.4,1531.0218105080273,428.59259536877556,731.0218105080273,-371.40740463122444
800.0,0.4,1913.0005301427495,422.94203788303196,1113.0005301427495,-377.05796211696804
800.0,0.4,465.22942227950705,400.76271248199316,-334.77057772049295,-399.23728751800684
800.0,0.4,2999.9999189940795,422.94119967336985,2199.9999189940795,-377.05880032663015
800.0,0.4,2425.0090176434355,421.813273847392,1625.0090176434355,-378.186726152608
800.0,0.4,2999.9999104395765,422.09051797950985,2199.9999104395765,-377.90948202049015
800.0,0.4,701.1722817270619,415.3377361949925,-98.82771827293811,-384.6622638050075
800.0,0.4,877.4173481352385,419.9788393614771,77.41734813523851,-380.0211606385229
800.0,0.4,614.2751591270322,414.7671561075253,-185.72484087296777,-385.2328438924747
800.0,0.4,1159.5122228110588,415.67541660630343,359.5122228110588,-384.32458339369657
800.0,0.4,900.6616831153012,416.39139733087364,100.66168311530123,-383.60860266912636
800.0,0.4,2999.9999104395765,422.33872197254266,2199.9999104395765,-377.66127802745734
800.0,0.4,619.0223036619868,411.1686522639235,-180.97769633801317,-388.8313477360765
800.0,0.4,491.331902805504,401.4548394311747,-308.668097194496,-398.5451605688253
800.0,0.4,800.3202840857258,406.2647652819068,0.32028408572580247,-393.7352347180932
800.0,0.4,1041.4818483188526,426.2042342415763,241.4818483188526,-373.7957657584237
800.0,0.4,1070.3727005349674,424.3394797851428,270.3727005349674,-375.6605202148572
800.0,0.4,2999.9999104395765,426.13513994753805,2199.9999104395765,-373.86486005246195
800.0,0.4,2999.999939363065,419.0923610595272,2199.999939363065,-380.9076389404728
800.0,0.4,462.6165641880461,393.9282230627436,-337.3834358119539,-406.0717769372564
800.0,0.4,1234.415997180961,418.0461402624397,434.4159971809611,-381.9538597375603
800.0,0.4,980.9567188417865,416.3542067051882,180.95671884178648,-383.6457932948118
800.0,0.4,735.6830398177439,417.30862305652124,-64.31696018225614,-382.69137694347876
800.0,0.4,2999.999917404703,442.7105030652081,2199.999917404703,-357.2894969347919
800.0,0.4,492.19786250143017,402.58696640075186,-307.80213749856983,-397.41303359924814
800.0,0.4,543.2040625042006,412.6285651057279,-256.7959374957994,-387.3714348942721
800.0,0.4,2999.9999144440476,440.71829018948625,2199.9999144440476,-359.28170981051375
800.0,0.4,2999.999915280756,427.94653985068027,2199.999915280756,-372.05346014931973
800.0,0.4,790.4338071376803,415.35671120842954,-9.566192862319667,-384.64328879157046
800.0,0.4,613.9260213759476,408.976659450066,-186.07397862405242,-391.023340549934
800.0,0.4,714.1373367688025,418.20569994828713,-85.86266323119753,-381.79430005171287
800.0,0.4,562.8186407209001,408.23142333233613,-237.18135927909987,-391.76857666766387
800.0,0.4,2999.999912205315,422.43854448620044,2199.999912205315,-377.56145551379956
800.0,0.4,2999.9999104395765,417.42760895384646,2199.9999104395765,-382.57239104615354
800.0,0.4,1132.3850278896969,427.2378909297261,332.38502788969686,-372.7621090702739
800.0,0.4,606.7220062654875,410.1822552778339,-193.2779937345125,-389.8177447221661
800.0,0.4,755.0339363046563,420.6815133313003,-44.96606369534368,-379.3184866686997
800.0,0.4,2999.9999104395765,424.594944562416,2199.9999104395765,-375.405055437584
800.0,0.4,601.2138144798304,404.85675354684537,-198.78618552016962,-395.14324645315463
800.0,0.4,2999.9999104395765,424.24779860588745,2199.9999104395765,-375.75220139411255
800.0,0.4,2999.9999104395765,433.4239481895152,2199.9999104395765,-366.5760518104848
800.0,0.4,2999.9999109746973,426.7405684849534,2199.9999109746973,-373.2594315150466
800.0,0.4,655.3745669039589,417.79251527133715,-144.6254330960411,-382.20748472866285
800.0,0.4,427.9941916356832,392.8974181364218,-372.0058083643168,-407.1025818635782
800.0,0.4,1063.6895759513995,416.03280392838184,263.68957595139955,-383.96719607161816
800.0,0.4,763.4732348614654,419.97718323314234,-36.52676513853464,-380.02281676685766
800.0,0.4,742.8743663368745,417.7550368609816,-57.12563366312554,-382.2449631390184
800.0,0.4,446.8329331957479,396.4016510277426,-353.1670668042521,-403.5983489722574
800.0,0.4,2274.574796963739,421.22261564334207,1474.5747969637391,-378.77738435665793
800.0,0.4,809.1324725265988,419.01673139586876,9.132472526598804,-380.98326860413124
800.0,0.4,2999.9999137985546,424.07146285850973,2199.9999137985546,-375.92853714149027
800.0,0.4,827.4193566593789,421.7308799603065,27.419356659378877,-378.2691200396935
800.0,0.4,983.0426773441961,415.2784514024124,183.04267734419614,-384.7215485975876
800.0,0.4,446.5212486671369,395.10754201267383,-353.4787513328631,-404.89245798732617
800.0,0.4,568.3514104241334,405.4155994464142,-231.6485895758666,-394.5844005535858
800.0,0.4,505.8450969597126,395.77244767947207,-294.1549030402874,-404.22755232052793
800.0,0.4,751.1695619149583,413.2152650284622,-48.83043808504169,-386.7847349715378
800.0,0.4,827.2469249302516,416.3440245639366,27.246924930251566,-383.6559754360634
800.0,0.4,628.0406074462605,413.4834704217951,-171.95939255373946,-386.5165295782049
800.0,0.4,1985.0438269734352,425.73646945664416,1185.0438269734352,-374.26353054335584
800.0,0.4,2999.9999185573306,433.75404789218777,2199.9999185573306,-366.24595210781223
800.0,0.4,482.7560349782873,403.60961086835056,-317.2439650217127,-396.39038913164944
800.0,0.4,2217.6330545326105,423.8203305081648,1417.6330545326105,-376.1796694918352
800.0,0.4,445.5870469465357,396.9693001460704,-354.4129530534643,-403.0306998539296
800.0,0.4,2999.9999104395765,416.5514898725957,2199.9999104395765,-383.4485101274043
800.0,0.4,2999.9999122997906,435.0839142436582,2199.9999122997906,-364.9160857563418
800.0,0.4,527.5025072578302,402.94456536539775,-272.4974927421698,-397.05543463460225
800.0,0.4,2999.9999156896574,432.72943385080436,2199.9999156896574,-367.27056614919564
800.0,0.4,1082.1623541840577,415.96112879473014,282.1623541840577,-384.03887120526986
800.0,0.4,2999.9999104395765,427.20750679624575,2199.9999104395765,-372.79249320375425
800.0,0.4,2023.6920713333016,421.5645818508676,1223.6920713333016,-378.4354181491324
800.0,0.4,531.8235795844936,407.9601056938871,-268.1764204155064,-392.0398943061129
800.0,0.4,423.9206444503783,389.58630508061617,-376.0793555496217,-410.41369491938383
800.0,0.4,2999.9999104395765,418.9792677449791,2199.9999104395765,-381.0207322550209
800.0,0.4,665.3546377350266,411.1572039202035,-134.64536226497341,-388.8427960797965
800.0,0.4,971.0578724624037,413.78293140223013,171.05787246240368,-386.21706859776987
800.0,0.4,534.4495587594231,407.56364875407706,-265.5504412405769,-392.43635124592294
800.0,0.4,2999.9999129960866,432.4223260557799,2199.9999129960866,-367.5776739442201
800.0,0.4,985.2202130869945,416.1873717092535,185.22021308699448,-383.8126282907465
800.0,0.4,2795.1373438618707,433.2176358315804,1995.1373438618707,-366.7823641684196
800.0,0.4,1714.3542862981126,429.7449431129034,914.3542862981126,-370.2550568870966
800.0,0.4,718.5063863416228,412.96875398846737,-81.49361365837717,-387.03124601153263
800.0,0.4,718.8735788562344,419.93843935175784,-81.12642114376558,-380.06156064824216
800.0,0.4,2999.999916251436,416.09474479324996,2199.999916251436,-383.90525520675004
800.0,0.4,620.7868669042301,407.6933191961905,-179.21313309576988,-392.3066808038095
800.0,0.4,1134.118990142545,417.8185945625301,334.11899014254504,-382.1814054374699
800.0,0.4,1614.2965055635523,414.7068788874932,814.2965055635523,-385.2931211125068
800.0,0.4,566.9784918313982,414.0911662184479,-233.02150816860183,-385.9088337815521
800.0,0.4,2999.9999138528888,425.32196872934736,2199.9999138528888,-374.67803127065264
800.0,0.4,2999.9999145708166,428.92690430446186,2199.9999145708166,-371.07309569553814
800.0,0.4,2999.9999104395765,413.02384614685724,2199.9999104395765,-386.97615385314276
800.0,0.4,867.4554208806102,419.55872934900157,67.45542088061018,-380.44127065099843
800.0,0.4,543.4944486881996,404.22211208479337,-256.50555131180045,-395.77788791520663
800.0,0.4,2999.999913164763,433.8429282976154,2199.999913164763,-366.1570717023846
800.0,0.4,2999.99991387233,429.60439457622374,2199.99991387233,-370.39560542377626
800.0,0.4,629.2289782076676,412.3000569242613,-170.77102179233236,-387.6999430757387
800.0,0.4,464.6131079468027,394.67223362682614,-335.3868920531973,-405.32776637317386
800.0,0.4,460.36696929103397,401.00046660513294,-339.63303070896603,-398.99953339486706
800.0,0.4,2999.9999104395765,429.1363403628865,2199.9999104395765,-370.8636596371135
800.0,0.4,818.4498795816284,413.72896097349303,18.449879581628352,-386.27103902650697
800.0,0.4,955.3297328863432,416.63789572104866,155.3297328863432,-383.36210427895134
800.0,0.4,2999.999916914456,443.5225124796553,2199.999916914456,-356.4774875203447
800.0,0.4,505.41749616646325,402.77040301017485,-294.58250383353675,-397.22959698982515
800.0,0.4,865.9317243021882,413.39833787442745,65.93172430218817,-386.60166212557255
800.0,0.4,1117.9479555981823,419.53864236102726,317.94795559818226,-380.46135763897274
800.0,0.4,670.622695905114,407.4735840879451,-129.37730409488597,-392.5264159120549
800.0,0.4,761.949436985574,411.60890565214777,-38.05056301442596,-388.39109434785223
800.0,0.4,1284.8976082273473,423.3415758841404,484.8976082273473,-376.6584241158596
800.0,0.4,1272.7470377660184,417.7411900424676,472.74703776601837,-382.2588099575324
800.0,0.4,573.5426755722497,406.25876782070964,-226.45732442775034,-393.74123217929036
800.0,0.4,1103.8603134661846,414.7129614046642,303.8603134661846,-385.2870385953358
800.0,0.4,638.8136350123239,416.87974627104717,-161.18636498767614,-383.12025372895283
800.0,0.4,771.933709145751,417.86327843436777,-28.06629085424902,-382.13672156563223
800.0,0.4,784.6224998883481,414.7385179595035,-15.377500111651898,-385.2614820404965
800.0,0.4,1078.3697017405086,423.2756533503973,278.3697017405086,-376.7243466496027
800.0,0.4,2999.9999104395765,435.646137212376,2199.9999104395765,-364.353862787624
800.0,0.4,785.3838758576092,414.26717076549886,-14.616124142390845,-385.73282923450114
800.0,0.4,1542.7230210863481,415.6817879398882,742.7230210863481,-384.3182120601118
800.0,0.4,2999.9999172105922,437.2701509523273,2199.9999172105922,-362.7298490476727
800.0,0.4,2999.9999135855332,419.4986039288784,2199.9999135855332,-380.5013960711216
800.0,0.4,2999.9999307275666,427.3582631880949,2199.9999307275666,-372.6417368119051
800.0,0.4,2999.999926721888,416.52806915210476,2199.999926721888,-383.47193084789524
800.0,0.4,530.2513568985974,403.06899064150514,-269.74864310140265,-396.93100935849486
800.0,0.4,2999.9999221912303,418.61007766646105,2199.9999221912303,-381.38992233353895
800.0,0.4,2999.999917680637,430.7546604885722,2199.999917680637,-369.2453395114278
800.0,0.4,2999.99991356753,421.90376072552027,2199.99991356753,-378.09623927447973
800.0,0.4,519.39918151792,404.89653185053373,-280.60081848207994,-395.10346814946627
800.0,0.4,2999.9999104395765,421.77004410800333,2199.9999104395765,-378.22995589199667
800.0,0.4,735.9378203900101,412.3645363074616,-64.06217960998993,-387.6354636925384
800.0,0.4,531.2307265119784,407.20828473756626,-268.76927348802155,-392.79171526243374
800.0,0.4,1707.1275351364852,415.822017985207,907.1275351364852,-384.177982014793
800.0,0.4,1072.5226676334455,414.7695383652566,272.5226676334455,-385.2304616347434
800.0,0.4,457.7929013841732,391.9607586486203,-342.2070986158268,-408.0392413513797
800.0,0.4,630.8028103257298,413.2955854734422,-169.19718967427025,-386.7044145265578
800.0,0.4,2999.999918360318,437.6617540066476,2199.999918360318,-362.3382459933524
800.0,0.4,566.0406027988603,407.16939193983336,-233.95939720113972,-392.83060806016664
800.0,0.4,664.4756999686687,410.5819203475251,-135.52430003133134,-389.4180796524749
800.0,0.4,613.9512048899803,404.96345116081,-186.04879511001968,-395.03654883919
800.0,0.4,535.1422894943588,406.3425293725196,-264.8577105056412,-393.6574706274804
800.0,0.4,2999.9999075764767,423.9783956008867,2199.9999075764767,-376.0216043991133
800.0,0.4,2999.9999104395765,422.8022861490622,2199.9999104395765,-377.1977138509378
800.0,0.4,710.1077817834366,411.95338683036664,-89.89221821656338,-388.04661316963336
800.0,0.4,735.9201935859935,416.1662175347584,-64.0798064140065,-383.8337824652416
800.0,0.4,627.5849373505259,409.2762995152437,-172.41506264947407,-390.7237004847563
800.0,0.4,2999.9999148165844,437.23180266890347,2199.9999148165844,-362.76819733109653
800.0,0.4,2999.999913951366,433.54098755538587,2199.999913951366,-366.45901244461413
800.0,0.4,927.7966130562246,419.5389593843216,127.7966130562246,-380.4610406156784
800.0,0.4,839.369558346401,418.54152465016625,39.36955834640105,-381.45847534983375
800.0,0.4,510.5220533877114,403.53711863810594,-289.4779466122886,-396.46288136189406
800.0,0.4,570.3101207790822,410.866606524766,-229.68987922091776,-389.133393475234
800.0,0.4,602.1546262003676,409.8528869320123,-197.8453737996324,-390.1471130679877
800.0,0.4,414.1322589879369,384.36094128401845,-385.8677410120631,-415.63905871598155
800.0,0.4,606.8632854960135,408.1143239622004,-193.13671450398647,-391.8856760377996
800.0,0.4,2999.999916895667,422.97571239326675,2199.999916895667,-377.02428760673325
800.0,0.4,439.55242227188734,390.63482808349636,-360.44757772811266,-409.36517191650364
800.0,0.4,605.5327836799994,408.7850905372247,-194.4672163200006,-391.2149094627753
800.0,0.4,468.4356008232172,397.05826530566543,-331.5643991767828,-402.94173469433457
800.0,0.4,1979.9286164810294,420.6375600160085,1179.9286164810294,-379.3624399839915
800.0,0.4,1311.3570360397382,415.03406863891234,511.3570360397382,-384.96593136108766
800.0,0.4,1435.7693257293527,417.44500221523805,635.7693257293527,-382.55499778476195
800.0,0.4,2999.9999159288523,438.0500010566698,2199.9999159288523,-361.9499989433302
800.0,0.4,2999.9999474515707,418.5588594935389,2199.9999474515707,-381.4411405064611
800.0,0.4,581.053359275645,404.7121909890989,-218.946640724355,-395.2878090109011
800.0,0.4,585.5282361363282,407.738103314378,-214.47176386367175,-392.261896685622
800.0,0.4,493.6210079072211,400.41368621925386,-306.3789920927789,-399.58631378074614
800.0,0.4,2999.9999104395765,433.35392313800054,2199.9999104395765,-366.64607686199946
800.0,0.4,455.87923913739974,392.1656812221155,-344.12076086260026,-407.8343187778845
800.0,0.4,2999.999915003435,429.75809180230584,2199.999915003435,-370.24190819769416
800.0,0.4,2999.999911436013,442.78203360346487,2199.999911436013,-357.21796639653513
800.0,0.4,1975.2557201262398,421.525727050994,1175.2557201262398,-378.474272949006
800.0,0.4,965.5554823242812,420.41717913646056,165.55548232428123,-379.58282086353944
800.0,0.4,2999.999913271994,419.3309420332476,2199.999913271994,-380.6690579667524
800.0,0.4,463.7331945829915,397.42795375466113,-336.2668054170085,-402.57204624533887
800.0,0.4,2999.999911458224,434.6290613346433,2199.999911458224,-365.3709386653567
800.0,0.4,2999.9999118135083,419.97279717268543,2199.9999118135083,-380.02720282731457
800.0,0.4,804.5991446448285,418.05304737222843,4.5991446448284705,-381.94695262777157
800.0,0.4,1327.0736324839577,418.63798695558995,527.0736324839577,-381.36201304441005
800.0,0.4,2999.999912309607,429.449215239459,2199.999912309607,-370.550784760541
800.0,0.4,2999.99991636254,416.9205583893732,2199.99991636254,-383.0794416106268
800.0,0.4,1146.0772486416372,421.33124291922815,346.0772486416372,-378.66875708077185
800.0,0.4,637.9199505152945,413.98081289728043,-162.08004948470546,-386.01918710271957
800.0,0.4,2999.9999158804244,426.70818432380054,2199.9999158804244,-373.29181567619946
800.0,0.4,2999.9999157406573,424.8247770691569,2199.9999157406573,-375.1752229308431
800.0,0.4,815.6308209706185,408.4065813531073,15.630820970618515,-391.5934186468927
800.0,0.4,2999.9999127085393,424.86604329430764,2199.9999127085393,-375.13395670569236
800.0,0.4,2999.9999268721517,412.8325146491568,2199.9999268721517,-387.1674853508432
800.0,0.4,417.90982429920916,388.79858706590164,-382.09017570079084,-411.20141293409836
800.0,0.4,566.6656879248908,408.41081795486474,-233.3343120751092,-391.58918204513526
800.0,0.4,510.35001648849203,400.8729315107877,-289.64998351150797,-399.1270684892123
800.0,0.4,2999.9999104395765,423.9383323754766,2199.9999104395765,-376.0616676245234
800.0,0.4,627.7482679359384,413.8780097340875,-172.25173206406157,-386.1219902659125
800.0,0.4,2999.999914705316,437.8206077401863,2199.999914705316,-362.1793922598137
800.0,0.4,936.1852989347933,415.88560951541547,136.1852989347933,-384.11439048458453
800.0,0.4,1174.2008638164782,422.3537373073777,374.2008638164782,-377.6462626926223
800.0,0.4,414.5166616842074,386.7443280738947,-385.4833383157926,-413.2556719261053
800.0,0.4,2999.9999121320006,420.66839763506397,2199.9999121320006,-379.33160236493603
800.0,0.4,2999.999917694822,429.2159913675377,2199.999917694822,-370.7840086324623
800.0,0.4,1038.890171440147,426.0037727640866,238.89017144014701,-373.9962272359134
800.0,0.4,2999.9999104395765,422.54992321525225,2199.9999104395765,-377.45007678474775
800.0,0.4,554.1838133721084,403.32739145698946,-245.81618662789162,-396.67260854301054
800.0,0.4,424.85231642295696,390.0507062452506,-375.14768357704304,-409.9492937547494
800.0,0.4,2999.999915169095,425.34326398358326,2199.999915169095,-374.65673601641674
800.0,0.4,808.7444175668334,414.03085262630725,8.744417566833363,-385.96914737369275
800.0,0.4,2008.876282330093,419.032755483136,1208.876282330093,-380.967244516864
800.0,0.4,2999.9999148410357,421.4179959001365,2199.9999148410357,-378.5820040998635
800.0,0.4,2999.999946838,414.74088955101547,2199.999946838,-385.25911044898453
800.0,0.4,591.2260170452873,405.74839629360105,-208.77398295471266,-394.25160370639895
800.0,0.4,2999.9999104395765,424.55693486652467,2199.9999104395765,-375.44306513347533
800.0,0.4,765.513770562901,415.2400040603318,-34.48622943709904,-384.7599959396682
800.0,0.4,993.1633485396637,419.3643102020304,193.16334853966373,-380.6356897979696
800.0,0.4,680.0193778889768,412.99587595672426,-119.9806221110232,-387.00412404327574
800.0,0.4,626.926883195913,415.4424569402795,-173.07311680408702,-384.5575430597205
800.0,0.4,685.7933080351355,410.6020685910031,-114.20669196486449,-389.3979314089969
800.0,0.4,2999.9999104395765,420.71014198256523,2199.9999104395765,-379.28985801743477
800.0,0.4,535.3277997428258,398.5503862671994,-264.67220025717415,-401.4496137328006
800.0,0.4,584.2595607762436,404.4719134796487,-215.74043922375643,-395.5280865203513
800.0,0.4,1652.3944827314522,421.64326351906317,852.3944827314522,-378.35673648093683
800.0,0.4,751.125057596843,415.8739281460414,-48.87494240315698,-384.1260718539586
800.0,0.4,462.473361856172,394.79713435762574,-337.526638143828,-405.20286564237426
800.0,0.4,1248.799123179509,424.24386064170903,448.799123179509,-375.75613935829097
800.0,0.4,686.9570718247678,413.29982067575367,-113.04292817523219,-386.70017932424633
800.0,0.4,572.0093377043205,404.91602170222006,-227.9906622956795,-395.08397829777994
800.0,0.4,1379.468252778899,420.87783529100943,579.4682527788989,-379.12216470899057
800.0,0.4,2999.9999104395765,429.06765778846875,2199.9999104395765,-370.93234221153125
800.0,0.4,449.45805410538514,396.39162656331564,-350.54194589461486,-403.60837343668436
800.0,0.4,484.44970967200646,398.8114065644502,-315.55029032799354,-401.1885934355498
800.0,0.4,2999.999926159198,428.6732142292544,2199.999926159198,-371.3267857707456
800.0,0.4,553.3216674143478,406.281299354577,-246.67833258565224,-393.718700645423
800.0,0.4,2999.999912705578,437.54699214653556,2199.999912705578,-362.45300785346444
800.0,0.4,953.6428943080201,424.3347577688673,153.64289430802012,-375.6652422311327
800.0,0.4,509.8195481317838,398.4460627160333,-290.1804518682162,-401.5539372839667
800.0,0.4,2999.9999137718046,426.24076727953957,2199.9999137718046,-373.75923272046043
800.0,0.4,497.7932994977507,404.03377279804886,-302.2067005022493,-395.96622720195114
800.0,0.4,2999.9999104395765,424.5091691236249,2199.9999104395765,-375.4908308763751
800.0,0.4,2999.999912136972,430.1174765653791,2199.999912136972,-369.8825234346209
800.0,0.4,2999.9999104395765,421.276894446506,2199.9999104395765,-378.723105553494
800.0,0.4,728.1353997829924,414.13093012524837,-71.86460021700759,-385.86906987475163
800.0,0.4,2999.999921524663,426.11002499314213,2199.999921524663,-373.88997500685787
800.0,0.4,1126.3288322601056,424.6069445666177,326.3288322601056,-375.3930554333823
800.0,0.4,663.6962514720375,410.1532247579761,-136.3037485279625,-389.8467752420239
800.0,0.4,453.48090667145533,392.8284554084959,-346.51909332854467,-407.1715445915041
800.0,0.4,614.2833352601848,410.26505098773566,-185.7166647398152,-389.73494901226434
800.0,0.4,888.192147761323,417.9508077406671,88.19214776132299,-382.0491922593329
800.0,0.4,2999.9999104395765,431.72226057372876,2199.9999104395765,-368.27773942627124
800.0,0.4,476.7321265769498,397.70492901328447,-323.2678734230502,-402.29507098671553
800.0,0.4,1104.8875305187214,415.3496582337256,304.8875305187214,-384.6503417662744
800.0,0.4,2999.999915070368,428.28292218951844,2199.999915070368,-371.71707781048156
800.0,0.4,2999.9999154132597,448.3301068182042,2199.9999154132597,-351.6698931817958
800.0,0.4,623.0544156462238,409.6901376102954,-176.9455843537762,-390.3098623897046
800.0,0.4,545.194798720826,407.98352630119473,-254.80520127917396,-392.01647369880527
800.0,0.4,749.3916064937619,419.4013110624123,-50.608393506238144,-380.5986889375877
800.0,0.4,876.1607797474593,418.08313210075517,76.16077974745929,-381.91686789924483
800.0,0.4,1025.9330257653664,423.4657948972281,225.93302576536644,-376.5342051027719
800.0,0.4,527.1297248487231,404.86538575248727,-272.8702751512769,-395.13461424751273
800.0,0.4,848.4071373759388,415.4294408055455,48.40713737593876,-384.5705591944545
800.0,0.4,2999.9999135178637,434.05343431600727,2199.9999135178637,-365.94656568399273
800.0,0.4,2999.9999173123083,433.2367485320244,2199.9999173123083,-366.7632514679756
800.0,0.4,2999.999917351398,430.775026647454,2199.999917351398,-369.224973352546
800.0,0.4,607.8017600128343,414.43130125464813,-192.19823998716572,-385.56869874535187
800.0,0.4,712.7352788936835,417.49430363061145,-87.26472110631653,-382.50569636938855
800.0,0.4,2999.9999104395765,426.9707380439704,2199.9999104395765,-373.0292619560296
800.0,0.4,1013.1588600956709,427.1199075373868,213.1588600956709,-372.8800924626132
800.0,0.4,2999.9999182137667,430.56112852285503,2199.9999182137667,-369.43887147714497
800.0,0.4,471.455010415463,397.2497007817427,-328.544989584537,-402.7502992182573
800.0,0.4,2999.9999104395765,419.51690405662293,2199.9999104395765,-380.48309594337707
800.0,0.4,448.7089188249521,391.35319654480037,-351.2910811750479,-408.64680345519963
800.0,0.4,2999.99991438124,438.8324355821555,2199.99991438124,-361.1675644178445
800.0,0.4,645.7236665011936,411.08297662851334,-154.27633349880637,-388.91702337148666
800.0,0.4,538.9422326651712,402.96773662592864,-261.0577673348288,-397.03226337407136
800.0,0.4,2999.9999104395765,421.56500611708,2199.9999104395765,-378.43499388292
800.0,0.4,525.3328783018495,405.4798581610066,-274.6671216981505,-394.5201418389934
800.0,0.4,661.931824526089,414.3462416793903,-138.06817547391097,-385.6537583206097
800.0,0.4,548.0573711353189,402.96014538329763,-251.94262886468107,-397.03985461670237
800.0,0.4,634.9737000151652,413.4800807948313,-165.02629998483485,-386.5199192051687
800.0,0.4,480.6658931778207,398.8777304971795,-319.3341068221793,-401.1222695028205
800.0,0.4,2999.999917664274,430.3602606997217,2199.999917664274,-369.6397393002783
800.0,0.4,2999.9999104395765,425.68642675364435,2199.9999104395765,-374.31357324635565
800.0,0.4,2999.999916738044,444.02391681629535,2199.999916738044,-355.97608318370465
800.0,0.4,1304.4655236821402,423.84306315468746,504.4655236821402,-376.15693684531254
800.0,0.4,2999.999911760142,421.1989652536674,2199.999911760142,-378.8010347463326
800.0,0.4,2999.9999138769376,437.41930623823697,2199.9999138769376,-362.58069376176303
800.0,0.4,787.7591359542689,417.2370995643941,-12.240864045731087,-382.7629004356059
800.0,0.4,624.5000080142892,407.72801468804846,-175.49999198571084,-392.27198531195154
800.0,0.6,846.9607229327293,591.1824668884708,46.960722932729254,-208.8175331115292
800.0,0.6,592.1942460528755,555.2822905955641,-207.80575394712446,-244.71770940443594
800.0,0.6,1110.3782080051585,589.523225312394,310.3782080051585,-210.47677468760605
800.0,0.6,2999.9999104395765,623.6309682917604,2199.9999104395765,-176.36903170823962
800.0,0.6,592.6371251158031,555.5239994502887,-207.3628748841969,-244.47600054971133
800.0,0.6,971.6611247103998,594.4971292470128,171.6611247103998,-205.50287075298718
800.0,0.6,673.553027700052,573.3098876994661,-126.44697229994802,-226.69011230053388
800.0,0.6,2999.9999104395765,600.1437041965064,2199.9999104395765,-199.8562958034936
800.0,0.6,727.9384137230426,581.5012174851714,-72.06158627695743,-218.49878251482858
800.0,0.6,2999.9999104395765,595.4179055971937,2199.9999104395765,-204.58209440280632
800.0,0.6,750.9241002882442,580.0627248979184,-49.075899711755824,-219.93727510208157
800.0,0.6,701.7868139583918,577.2582035685684,-98.2131860416082,-222.74179643143157
800.0,0.6,626.5057585509807,564.6024317166851,-173.49424144901934,-235.39756828331485
800.0,0.6,780.0086119252281,581.4075979145542,-19.991388074771862,-218.59240208544577
800.0,0.6,691.0043158413787,573.4276996006938,-108.99568415862132,-226.5723003993062
800.0,0.6,2999.9999104395765,616.1021764083778,2199.9999104395765,-183.89782359162223
800.0,0.6,626.035769093707,565.3551370966843,-173.96423090629298,-234.6448629033157
800.0,0.6,656.2785682036317,566.9021705850938,-143.72143179636828,-233.0978294149062
800.0,0.6,629.3230034301654,563.4634885759249,-170.6769965698346,-236.53651142407512
800.0,0.6,1856.7250432647174,620.9202211984274,1056.7250432647174,-179.07977880157262
800.0,0.6,2999.999912538422,605.0497861501528,2199.999912538422,-194.95021384984716
800.0,0.6,627.8879094173132,565.8131868231029,-172.11209058268685,-234.1868131768971
800.0,0.6,633.8193433971064,568.2902519495457,-166.18065660289358,-231.70974805045432
800.0,0.6,813.9903163980738,590.0062525919111,13.990316398073787,-209.9937474080889
800.0,0.6,1687.4473306585596,611.6296077459455,887.4473306585596,-188.37039225405454
800.0,0.6,635.7676848535198,569.8164101692217,-164.23231514648023,-230.18358983077826
800.0,0.6,694.1360772519271,574.8262156279718,-105.86392274807292,-225.1737843720282
800.0,0.6,887.4380618039824,597.3551545262651,87.43806180398235,-202.6448454737349
800.0,0.6,731.6016891933027,589.3246883835444,-68.39831080669728,-210.6753116164556
800.0,0.6,712.2938511634576,578.597676086153,-87.70614883654241,-221.402323913847
800.0,0.6,736.1322830726058,584.7592668419207,-63.86771692739421,-215.24073315807925
800.0,0.6,1041.6875005785043,591.6824382539565,241.68750057850434,-208.31756174604345
800.0,0.6,2999.9999104395765,593.2520876782278,2199.9999104395765,-206.74791232177222
800.0,0.6,2999.9999104395765,606.6777312055312,2199.9999104395765,-193.32226879446876
800.0,0.6,657.031213131515,571.8971531972695,-142.96878686848504,-228.10284680273048
800.0,0.6,718.2720752048285,584.2789394940512,-81.72792479517148,-215.7210605059488
800.0,0.6,2999.9999104395765,606.2012371418868,2199.9999104395765,-193.79876285811315
800.0,0.6,900.6855799273654,591.7739151830993,100.68557992736544,-208.22608481690065
800.0,0.6,2999.9999104395765,610.087143446013,2199.9999104395765,-189.912856553987
800.0,0.6,2999.9999104395765,605.7969758367361,2199.9999104395765,-194.20302416326388
800.0,0.6,655.6732701745943,576.4662897508518,-144.32672982540566,-223.53371024914816
800.0,0.6,666.2324177859035,570.2341362678926,-133.76758221409648,-229.7658637321074
800.0,0.6,688.2231516499626,575.7355302804178,-111.77684835003743,-224.26446971958217
800.0,0.6,2999.9999104395765,595.2953262896785,2199.9999104395765,-204.70467371032146
800.0,0.6,921.3113159281761,592.4483836639644,121.3113159281761,-207.55161633603564
800.0,0.6,586.2087899081304,553.1784542553393,-213.79121009186963,-246.82154574466074
800.0,0.6,561.2811789670515,542.6446023363363,-238.71882103294854,-257.35539766366367
800.0,0.6,763.2009073998264,589.167078915348,-36.799092600173594,-210.83292108465196
800.0,0.6,612.7904181535988,560.0178550614771,-187.2095818464012,-239.98214493852288
800.0,0.6,719.2759330346951,577.525141560134,-80.72406696530493,-222.474858439866
800.0,0.6,2999.9999104395765,604.0310711922821,2199.9999104395765,-195.96892880771793
800.0,0.6,626.6668632754208,568.3360071735202,-173.33313672457916,-231.66399282647978
800.0,0.6,1808.2964109846555,603.6961260353216,1008.2964109846555,-196.30387396467836
800.0,0.6,859.8808437622353,589.8269306204281,59.88084376223526,-210.17306937957187
800.0,0.6,854.4143549658723,593.3955639828603,54.41435496587235,-206.60443601713973
800.0,0.6,764.8190172381192,581.4254022122008,-35.18098276188084,-218.57459778779923
800.0,0.6,917.7474816417789,590.9740599423785,117.7474816417789,-209.02594005762148
800.0,0.6,2999.999913201477,621.2818963453421,2199.999913201477,-178.71810365465785
800.0,0.6,612.9005965064816,556.2360632464548,-187.09940349351837,-243.76393675354518
800.0,0.6,665.806314420221,570.5896183842464,-134.19368557977896,-229.41038161575364
800.0,0.6,744.9529259204803,586.7240864582278,-55.04707407951969,-213.27591354177218
800.0,0.6,2999.9999104395765,611.3029671530136,2199.9999104395765,-188.69703284698642
800.0,0.6,2999.9999104395765,603.4716281967906,2199.9999104395765,-196.52837180320944
800.0,0.6,652.5966859761634,568.3672291492101,-147.40331402383663,-231.63277085078994
800.0,0.6,2810.870401883281,611.017331286355,2010.870401883281,-188.982668713645
800.0,0.6,598.270119997422,558.5366523719186,-201.72988000257806,-241.46334762808135
800.0,0.6,1439.1235931235476,605.8092112953453,639.1235931235476,-194.19078870465466
800.0,0.6,2999.999946142669,609.8893945075515,2199.999946142669,-190.11060549244849
800.0,0.6,610.8174335728945,560.7319709969713,-189.18256642710548,-239.2680290030287
800.0,0.6,740.6720368742206,586.6396057532772,-59.32796312577943,-213.36039424672276
800.0,0.6,644.4460697926197,571.9376477253023,-155.5539302073803,-228.06235227469767
800.0,0.6,714.9037981737092,583.6009111026709,-85.09620182629078,-216.39908889732908
800.0,0.6,528.4841599924516,522.0590753942778,-271.5158400075484,-277.9409246057222
800.0,0.6,1171.6073056531113,601.7962412614978,371.6073056531113,-198.2037587385022
800.0,0.6,2999.9999104395765,597.2977349102399,2199.9999104395765,-202.7022650897601
800.0,0.6,2999.999932169107,608.5971040494337,2199.999932169107,-191.4028959505663
800.0,0.6,784.0714174239156,583.6297274096465,-15.928582576084409,-216.37027259035347
800.0,0.6,2999.9999104395765,608.3499529384687,2199.9999104395765,-191.65004706153127
800.0,0.6,2999.9999160083366,596.4559319822024,2199.9999160083366,-203.5440680177976
800.0,0.6,2999.9999171525424,599.602839714251,2199.9999171525424,-200.397160285749
800.0,0.6,2999.999950755627,611.7931518597329,2199.999950755627,-188.20684814026708
800.0,0.6,687.8595980223038,577.292048658756,-112.14040197769623,-222.70795134124398
800.0,0.6,1442.162875515943,603.16853012672,642.1628755159429,-196.83146987327996
800.0,0.6,691.4041708688986,575.5294104003368,-108.59582913110137,-224.47058959966319
800.0,0.6,552.6071795608837,537.7675773717848,-247.39282043911635,-262.2324226282152
800.0,0.6,917.6550858385067,597.0230689382062,117.6550858385067,-202.97693106179383
800.0,0.6,595.1440052440682,555.8841548158545,-204.85599475593176,-244.11584518414554
800.0,0.6,1168.8456953501786,596.0533890233481,368.84569535017863,-203.94661097665187
800.0,0.6,871.8490677100217,587.6580496482492,71.8490677100217,-212.34195035175082
800.0,0.6,1236.1465565664116,594.3329461999001,436.1465565664116,-205.6670538000999
800.0,0.6,611.6120582253302,560.6526124722918,-188.3879417746698,-239.34738752770818
800.0,0.6,614.5445519210168,563.2190909880048,-185.45544807898318,-236.78090901199516
800.0,0.6,686.1821744070166,574.6568220431857,-113.81782559298335,-225.34317795681432
800.0,0.6,1044.3409025207125,597.2841129453718,244.34090252071246,-202.71588705462818
800.0,0.6,2999.9999104395765,606.9811235934064,2199.9999104395765,-193.01887640659356
800.0,0.6,1005.6014874542927,599.523976100818,205.60148745429274,-200.476023899182
800.0,0.6,640.859257147613,566.3314573131623,-159.140742852387,-233.66854268683767
800.0,0.6,651.3578437269164,569.4143610823878,-148.64215627308363,-230.5856389176122
800.0,0.6,617.2207624989941,561.0987334135774,-182.77923750100592,-238.9012665864226
800.0,0.6,956.3317388778589,588.1779841689959,156.33173887785892,-211.82201583100414
800.0,0.6,1014.4960499982208,595.0949188049896,214.49604999822077,-204.90508119501044
800.0,0.6,646.6537680454562,571.6146904168995,-153.34623195454378,-228.38530958310048
800.0,0.6,627.9227612051637,566.9651242566433,-172.07723879483626,-233.03487574335668
800.0,0.6,860.9735677970061,593.9775773562787,60.973567797006126,-206.02242264372126
800.0,0.6,848.030813762127,590.4484462507257,48.03081376212697,-209.55155374927426
800.0,0.6,955.0543830488227,588.2270738188656,155.05438304882273,-211.77292618113438
800.0,0.6,1692.7600577488622,591.1780980996546,892.7600577488622,-208.82190190034544
800.0,0.6,1141.895657166556,601.9405179484954,341.895657166556,-198.05948205150457
800.0,0.6,756.784159835524,587.1219434933204,-43.21584016447605,-212.87805650667963
800.0,0.6,635.058293793232,564.0127900888267,-164.941706206768,-235.9872099111733
800.0,0.6,692.6628767683698,571.1332582229551,-107.33712323163024,-228.86674177704492
800.0,0.6,2999.9999104395765,615.3899318553371,2199.9999104395765,-184.61006814466293
800.0,0.6,611.9667252884033,559.6487737438703,-188.03327471159673,-240.35122625612973
800.0,0.6,1329.8372504872436,593.8863183189445,529.8372504872436,-206.11368168105548
800.0,0.6,683.3367798633307,575.2913188869123,-116.66322013666934,-224.70868111308766
800.0,0.6,617.5643920852815,563.4991142627599,-182.4356079147185,-236.50088573724008
800.0,0.6,995.4848928502948,593.8966376282746,195.48489285029484,-206.10336237172544
800.0,0.6,709.7359257567255,576.606268304338,-90.26407424327454,-223.39373169566204
800.0,0.6,829.923878178108,598.9146104770462,29.923878178107998,-201.08538952295385
800.0,0.6,2999.999940816692,615.4850089266895,2199.999940816692,-184.5149910733105
800.0,0.6,1243.3881619596784,597.7360259702949,443.3881619596784,-202.26397402970508
800.0,0.6,2999.9999104395765,602.1834026244725,2199.9999104395765,-197.81659737552752
800.0,0.6,2999.9999104395765,601.4432007673224,2199.9999104395765,-198.55679923267758
800.0,0.6,2999.9999104395765,602.5108235186245,2199.9999104395765,-197.48917648137547
800.0,0.6,698.0090899523838,574.6802723166479,-101.99091004761624,-225.31972768335208
800.0,0.6,2999.999920412879,612.7760011281463,2199.999920412879,-187.22399887185372
800.0,0.6,562.1453217126866,543.4985707201232,-237.8546782873134,-256.5014292798768
800.0,0.6,915.6298671676927,594.5015776071061,115.62986716769274,-205.49842239289387
800.0,0.6,966.838733137652,596.3589161967961,166.83873313765196,-203.64108380320386
800.0,0.6,2999.9999104395765,608.5169749833582,2199.9999104395765,-191.48302501664182
800.0,0.6,627.3383021015873,562.6946939841523,-172.66169789841274,-237.3053060158477
800.0,0.6,2504.1032610627485,605.8121321390944,1704.1032610627485,-194.1878678609056
800.0,0.6,1019.2573328494022,595.4608526744374,219.25733284940225,-204.53914732556257
800.0,0.6,919.0416924998203,594.1553800909807,119.04169249982033,-205.84461990901934
800.0,0.6,1044.3306114902666,590.1617703372652,244.33061149026662,-209.83822966273476
800.0,0.6,2999.9999104395765,621.2866587352454,2199.9999104395765,-178.7133412647546
800.0,0.6,682.3623247845939,573.5760571014279,-117.63767521540615,-226.42394289857214
800.0,0.6,806.319500908397,582.6136009096905,6.3195009083970035,-217.3863990903095
800.0,0.6,580.9647106315166,553.8227826249982,-219.0352893684834,-246.17721737500176
800.0,0.6,762.6915800169477,577.6337460805025,-37.30841998305232,-222.36625391949747
800.0,0.6,620.5029397847337,560.1179326871571,-179.4970602152663,-239.88206731284288
800.0,0.6,2999.9999152687315,612.866619518215,2199.9999152687315,-187.13338048178503
800.0,0.6,727.1323034030897,582.2342872701684,-72.86769659691026,-217.76571272983165
800.0,0.6,2999.9999104395765,614.9819169792984,2199.9999104395765,-185.01808302070162
800.0,0.6,2999.9999104395765,601.0323920949703,2199.9999104395765,-198.9676079050297
800.0,0.6,673.545662727368,576.4356515194606,-126.45433727263196,-223.56434848053937
800.0,0.6,892.4607446860058,598.2248435214666,92.4607446860058,-201.7751564785334
800.0,0.6,700.2355337069596,575.1030358890949,-99.76446629304041,-224.89696411090506
800.0,0.6,703.1537400418181,578.8988133190884,-96.84625995818192,-221.1011866809116
800.0,0.6,627.1379592785669,564.7808868270055,-172.86204072143312,-235.21911317299453
800.0,0.6,2999.9999104395765,622.7677465105255,2199.9999104395765,-177.2322534894745
800.0,0.6,2999.9999104395765,603.9445085235292,2199.9999104395765,-196.05549147647082
800.0,0.6,706.6969371205186,570.1458747196597,-93.30306287948144,-229.85412528034033
800.0,0.6,774.8852327088306,587.4020923523327,-25.114767291169414,-212.59790764766728
800.0,0.6,2999.9999104395765,607.93532830076,2199.9999104395765,-192.06467169923997
800.0,0.6,935.5140911715988,592.320720982507,135.5140911715988,-207.67927901749295
800.0,0.6,764.396862265549,588.6805368620637,-35.603137734451025,-211.31946313793628
800.0,0.6,1053.890436171391,595.1410161045953,253.890436171391,-204.85898389540466
800.0,0.6,2999.9999138861767,601.7709961909738,2199.9999138861767,-198.22900380902615
800.0,0.6,824.1464000334444,595.9194790749906,24.146400033444365,-204.0805209250094
800.0,0.6,2999.9999104395765,623.1681576646519,2199.9999104395765,-176.83184233534814
800.0,0.6,742.6634213922287,578.8183545716528,-57.336578607771344,-221.18164542834722
800.0,0.6,699.8650194638999,577.7651196110611,-100.1349805361001,-222.2348803889389
800.0,0.6,1021.0033707935198,598.5575970762169,221.00337079351982,-201.4424029237831
800.0,0.6,907.9480243551975,591.6851939540443,107.9480243551975,-208.31480604595572
800.0,0.6,720.4521051693306,575.9282446062258,-79.5478948306694,-224.0717553937742
800.0,0.6,839.7528338654124,587.8156451017034,39.75283386541241,-212.18435489829665
800.0,0.6,772.8787453905985,587.0624951091582,-27.12125460940149,-212.93750489084175
800.0,0.6,943.8297827128835,595.2706022802072,143.82978271288346,-204.72939771979281
800.0,0.6,720.6373597332059,582.2939741899077,-79.36264026679407,-217.70602581009234
800.0,0.6,706.178091962304,579.4428388369688,-93.82190803769595,-220.5571611630312
800.0,0.6,974.5037941477541,594.9606928002667,174.5037941477541,-205.03930719973334
800.0,0.6,725.1732142092703,576.2807480760171,-74.82678579072967,-223.71925192398294
800.0,0.6,1218.8297202464814,599.5093115518074,418.82972024648143,-200.4906884481926
800.0,0.6,582.528361817238,553.1751573047442,-217.47163818276204,-246.82484269525582
800.0,0.6,588.4726752821081,556.7166951431019,-211.52732471789193,-243.2833048568981
800.0,0.6,1029.5056059321787,584.8706368739033,229.5056059321787,-215.12936312609668
800.0,0.6,2999.9999104395765,618.1783388471705,2199.9999104395765,-181.8216611528295
800.0,0.6,1059.8124652674474,591.5768142580187,259.81246526744735,-208.42318574198134
800.0,0.6,623.1244238773951,568.2037286999588,-176.8755761226049,-231.7962713000412
800.0,0.6,670.103068723478,574.9914214037533,-129.89693127652197,-225.0085785962467
800.0,0.6,2999.9999104395765,605.4324676357952,2199.9999104395765,-194.5675323642048
800.0,0.6,954.282486591631,602.8812663090887,154.28248659163103,-197.1187336909113
800.0,0.6,659.7487772653741,567.4498747169811,-140.2512227346259,-232.55012528301893
800.0,0.6,696.5643646111359,578.3253517116437,-103.43563538886406,-221.67464828835625
800.0,0.6,718.901475744852,579.2480558520591,-81.09852425514805,-220.7519441479409
800.0,0.6,620.9676217887097,565.6103836679439,-179.03237821129028,-234.3896163320561
800.0,0.6,802.1508099544175,587.8842863659014,2.1508099544174684,-212.1157136340986
800.0,0.6,605.3019135282327,555.4152613256422,-194.69808647176728,-244.58473867435782
800.0,0.6,1204.1576221163718,593.4274567125885,404.15762211637184,-206.57254328741146
800.0,0.6,2999.9999104395765,622.9607538068645,2199.9999104395765,-177.03924619313545
800.0,0.6,959.9176948699293,592.5982495231971,159.91769486992928,-207.40175047680293
800.0,0.6,642.8507300070847,569.8988690040168,-157.14926999291526,-230.10113099598323
800.0,0.6,1108.1122313899562,593.0006282595535,308.11223138995615,-206.99937174044646
800.0,0.6,1136.4396712525986,603.927280912082,336.4396712525986,-196.07271908791802
800.0,0.6,1380.1980757772658,598.7993759263767,580.1980757772658,-201.20062407362332
800.0,0.6,980.586816778988,599.4714867967914,180.586816778988,-200.5285132032086
800.0,0.6,618.4730606313774,565.0364562487538,-181.5269393686226,-234.96354375124622
800.0,0.6,582.0945434817279,553.0181410645238,-217.9054565182721,-246.98185893547623
800.0,0.6,579.2424168435052,551.111425233086,-220.75758315649477,-248.88857476691396
800.0,0.6,617.5782392291728,565.2596524097535,-182.42176077082718,-234.74034759024653
800.0,0.6,665.7909278857737,570.2763576122487,-134.20907211422627,-229.72364238775128
800.0,0.6,609.96350303819,562.6353008902352,-190.03649696181003,-237.36469910976484
800.0,0.6,1079.2902220816018,599.1187509148594,279.29022208160177,-200.88124908514055
800.0,0.6,900.9673555750718,594.4279743336126,100.96735557507179,-205.5720256663874
800.0,0.6,988.3667672360491,597.3000475835099,188.3667672360491,-202.69995241649008
800.0,0.6,611.6468120915754,559.9049728261095,-188.35318790842462,-240.09502717389046
800.0,0.6,1857.6807067881475,594.5446624586441,1057.6807067881475,-205.4553375413559
800.0,0.6,617.3889596244155,561.2872579644426,-182.61104037558448,-238.71274203555743
800.0,0.6,1020.1299794633798,588.6017777729458,220.12997946337975,-211.39822222705425
800.0,0.6,625.0001383368401,567.4822452998626,-174.9998616631599,-232.5177547001374
800.0,0.6,730.9313901198415,579.7429843437421,-69.06860988015853,-220.25701565625786
800.0,0.6,730.890006053202,576.6699092107328,-69.109993946798,-223.33009078926716
800.0,0.6,620.9891181486123,565.3561077650937,-179.0108818513877,-234.64389223490628
800.0,0.6,2999.9999151709044,593.0538360781711,2199.9999151709044,-206.94616392182888
800.0,0.6,822.9717640176577,590.1994970349635,22.971764017657733,-209.80050296503646
800.0,0.6,2999.9999104395765,622.5484599485686,2199.9999104395765,-177.45154005143138
800.0,0.6,2999.9999104395765,590.4358541420468,2199.9999104395765,-209.56414585795324
800.0,0.6,1542.5114979892767,602.2934204214981,742.5114979892767,-197.70657957850187
800.0,0.6,1404.7768061853935,596.5392036970243,604.7768061853935,-203.46079630297572
800.0,0.6,542.0682415333259,532.6183562766116,-257.93175846667407,-267.3816437233884
800.0,0.6,2999.9999104395765,631.2605516769838,2199.9999104395765,-168.73944832301618
800.0,0.6,1005.4653880103067,603.7838451362989,205.4653880103067,-196.21615486370115
800.0,0.6,616.8678465807543,563.8287520782737,-183.1321534192457,-236.17124792172626
800.0,0.6,976.8722731171694,590.1174191062739,176.87227311716936,-209.88258089372607
800.0,0.6,628.4349482757199,560.3329079225922,-171.56505172428012,-239.6670920774078
800.0,0.6,569.1977911856081,547.0716516376082,-230.80220881439186,-252.92834836239183
800.0,0.6,717.5764690413798,582.2620468695332,-82.42353095862018,-217.73795313046685
800.0,0.6,2999.999914181096,607.1342615935615,2199.999914181096,-192.86573840643848
800.0,0.6,767.195938862007,577.5241717969227,-32.80406113799302,-222.4758282030773
800.0,0.6,1050.8642438113075,586.2810921168834,250.86424381130746,-213.71890788311657
800.0,0.6,826.7617179766435,580.4250491038447,26.761717976643467,-219.57495089615531
800.0,0.6,697.8218026838904,577.3949495957979,-102.17819731610962,-222.60505040420207
800.0,0.6,1528.0435584948045,603.5650481474072,728.0435584948045,-196.4349518525928
800.0,0.6,755.6329597404462,580.5963405739681,-44.367040259553846,-219.40365942603194
800.0,0.6,2087.232796559822,609.1834433744668,1287.232796559822,-190.81655662553317
800.0,0.6,898.57232285838,587.1779845480893,98.57232285837995,-212.82201545191072
800.0,0.6,746.1391331509614,582.6649612499561,-53.86086684903864,-217.33503875004385
800.0,0.6,771.8933829843173,589.6097574922014,-28.106617015682673,-210.39024250779858
800.0,0.6,988.2551840876191,595.3538993641257,188.2551840876191,-204.6461006358743
800.0,0.6,2999.9999443476813,607.8730851499258,2199.9999443476813,-192.12691485007417
800.0,0.6,943.3157554558339,592.0371287215646,143.31575545583394,-207.9628712784354
800.0,0.6,884.0622441512708,591.9856344782517,84.06224415127076,-208.01436552174835
800.0,0.6,1156.8462237483009,601.1473843970798,356.8462237483009,-198.8526156029202
800.0,0.6,638.9096566395402,572.3453454920756,-161.09034336045977,-227.65465450792442
800.0,0.6,1215.633323803728,592.4506020765768,415.633323803728,-207.54939792342316
800.0,0.6,783.4083445048066,587.4851197534633,-16.591655495193436,-212.51488024653668
800.0,0.6,2999.9999104395765,616.0159216558027,2199.9999104395765,-183.98407834419731
800.0,0.6,1131.8836318979377,590.4984385106834,331.8836318979377,-209.5015614893166
800.0,0.6,583.7951222196671,550.6882763871299,-216.20487778033294,-249.31172361287008
800.0,0.6,648.7751710095228,575.0810794113444,-151.22482899047725,-224.91892058865562
800.0,0.6,716.8735527760223,573.5749046038516,-83.12644722397772,-226.42509539614844
800.0,0.6,592.0627325560476,552.9306215847306,-207.93726744395235,-247.0693784152694
800.0,0.6,915.1842317199556,593.4329516337984,115.18423171995562,-206.56704836620156
800.0,0.6,789.0984555588259,590.5469634913887,-10.90154444117411,-209.45303650861126
800.0,0.6,1766.9133876206947,597.0031759398457,966.9133876206947,-202.99682406015427
800.0,0.6,692.2928178751184,577.2778246423601,-107.70718212488157,-222.7221753576399
800.0,0.6,956.460150544052,595.5316937830668,156.460150544052,-204.46830621693323
800.0,0.6,2999.9999134528207,600.855094620307,2199.9999134528207,-199.144905379693
800.0,0.6,846.3017577499459,588.7177043750589,46.301757749945864,-211.28229562494107
800.0,0.6,806.1042175778219,590.9438266685534,6.104217577821942,-209.05617333144664
800.0,0.6,615.0471567820291,565.9739097610511,-184.9528432179709,-234.02609023894888
800.0,0.6,1047.1046636882695,601.1266709550956,247.1046636882695,-198.87332904490438
800.0,0.6,605.5573385867839,556.0376206903995,-194.44266141321611,-243.96237930960046
800.0,0.6,639.5183861867656,566.7619981580552,-160.4816138132344,-233.23800184194477
800.0,0.6,777.4182348282513,593.9078103696063,-22.581765171748657,-206.0921896303937
800.0,0.6,922.7359507469712,587.7781376264816,122.73595074697118,-212.22186237351843
800.0,0.6,2999.9999164320216,597.6605714769829,2199.9999164320216,-202.3394285230171
800.0,0.6,2999.9999104395765,608.0063682735033,2199.9999104395765,-191.9936317264967
800.0,0.6,598.5817814327204,557.7976631543469,-201.4182185672796,-242.20233684565312
800.0,0.6,592.4706624636299,556.1180747930406,-207.52933753637012,-243.8819252069594
800.0,0.6,645.0427161970516,568.0063729828756,-154.95728380294838,-231.99362701712437
800.0,0.6,2999.9999104395765,607.1916429732603,2199.9999104395765,-192.8083570267397
800.0,0.6,590.5249490785105,554.0577581040097,-209.47505092148947,-245.94224189599026
800.0,0.6,788.3746432988519,578.388112645528,-11.625356701148121,-221.61188735447195
800.0,0.6,734.0567033099954,575.4534279693862,-65.94329669000456,-224.5465720306138
800.0,0.6,2011.325615318656,604.6411474757873,1211.325615318656,-195.3588525242127
800.0,0.6,1063.778703876691,601.107083726208,263.778703876691,-198.89291627379203
800.0,0.6,634.240984481455,562.8308671984596,-165.75901551854497,-237.1691328015404
800.0,0.6,2999.9999104395765,603.5204652662711,2199.9999104395765,-196.47953473372888
800.0,0.6,637.9397156313921,569.0099552530871,-162.06028436860788,-230.99004474691287
800.0,0.6,1272.5157728273005,590.1139592056942,472.51577282730045,-209.8860407943058
800.0,0.6,580.9666175106343,549.0134060924912,-219.03338248936575,-250.9865939075088
800.0,0.6,730.4169104837173,579.0925707802718,-69.58308951628271,-220.90742921972821
800.0,0.6,655.9600257027414,571.2942001404463,-144.0399742972586,-228.70579985955374
800.0,0.6,771.9884081004544,599.118342522332,-28.01159189954558,-200.881657477668
800.0,0.6,2745.486547147286,600.6504141303125,1945.4865471472858,-199.34958586968753
800.0,0.6,571.2801584013873,546.7997702637879,-228.71984159861267,-253.20022973621212
800.0,0.6,673.9925081851474,572.632361460834,-126.00749181485264,-227.36763853916602
800.0,0.6,795.5609855019184,587.2967957277858,-4.439014498081633,-212.70320427221418
800.0,0.6,893.545199312206,588.3808420064644,93.54519931220602,-211.61915799353562
800.0,0.6,1292.923753164312,600.2345815670622,492.9237531643121,-199.76541843293785
800.0,0.6,2948.38425599464,606.7752449151177,2148.38425599464,-193.2247550848823
800.0,0.6,612.795741048631,562.0074991912959,-187.20425895136896,-237.9925008087041
800.0,0.6,606.0679801980223,559.5747371513525,-193.93201980197773,-240.42526284864755
800.0,0.6,887.1365282471343,593.3803497231994,87.13652824713427,-206.6196502768006
800.0,0.6,761.2239508401199,585.9622053447345,-38.77604915988013,-214.03779465526554
800.0,0.6,866.1665884898279,592.0820494525834,66.16658848982786,-207.91795054741658
800.0,0.6,696.0118760276878,577.357743062377,-103.98812397231222,-222.64225693762296
800.0,0.6,950.8781345919845,592.395571588617,150.87813459198446,-207.60442841138297
800.0,0.8,775.3492907603529,732.532560577163,-24.650709239647085,-67.46743942283695
800.0,0.8,733.358337976117,711.309315783879,-66.64166202388299,-88.69068421612099
800.0,0.8,706.0868235815685,694.1580063263568,-93.91317641843148,-105.84199367364317
800.0,0.8,707.7964435073766,697.2246163191104,-92.20355649262342,-102.7753836808896
800.0,0.8,840.4286848526895,746.3649293867674,40.42868485268946,-53.63507061323264
800.0,0.8,870.3521909537138,749.9273063320933,70.35219095371383,-50.07269366790672
800.0,0.8,750.0018434710262,718.7054849935481,-49.99815652897382,-81.29451500645189
800.0,0.8,1615.5881843566913,789.7664009516369,815.5881843566913,-10.23359904836309
800.0,0.8,784.6890538396174,729.1541040569155,-15.310946160382628,-70.84589594308454
800.0,0.8,803.7856496538145,737.7053421702988,3.7856496538145166,-62.29465782970124
800.0,0.8,773.475813963773,728.0427730086129,-26.52418603622698,-71.95722699138707
800.0,0.8,1476.280425439742,779.4079003182901,676.280425439742,-20.592099681709897
800.0,0.8,746.7388565403603,717.6271470046704,-53.2611434596397,-82.3728529953296
800.0,0.8,767.4668627531115,724.448934438822,-32.53313724688849,-75.551065561178
800.0,0.8,1676.1549365314404,789.3052495296265,876.1549365314404,-10.694750470373492
800.0,0.8,2999.9999104395765,804.0318322005143,2199.9999104395765,4.031832200514259
800.0,0.8,710.0219383801631,697.642566442868,-89.97806161983692,-102.35743355713203
800.0,0.8,884.7168498187655,749.2939144375055,84.71684981876547,-50.706085562494536
800.0,0.8,840.2290835297722,747.5843961940982,40.2290835297722,-52.41560380590181
800.0,0.8,760.8533857921182,724.5724395112204,-39.14661420788184,-75.42756048877959
800.0,0.8,790.894734040341,733.6990223637279,-9.10526595965905,-66.30097763627214
800.0,0.8,857.8382233624333,751.0326075120483,57.83822336243327,-48.967392487951656
800.0,0.8,1041.0309106212496,770.7266242078177,241.03091062124963,-29.273375792182264
800.0,0.8,745.6547113615127,716.1698065009624,-54.34528863848732,-83.83019349903759
800.0,0.8,815.4432478184266,743.792345048769,15.443247818426585,-56.20765495123101
800.0,0.8,922.1232760215187,761.911016020933,122.12327602151868,-38.08898397906705
800.0,0.8,937.7738397870104,759.6937686532472,137.7738397870104,-40.30623134675284
800.0,0.8,857.1764212203129,749.2389393313783,57.17642122031293,-50.76106066862167
800.0,0.8,786.9448135041248,732.7131341012715,-13.055186495875205,-67.28686589872848
800.0,0.8,848.8974726067372,751.2395985636551,48.89747260673721,-48.760401436344864
800.0,0.8,848.351633676763,741.5692099908935,48.35163367676296,-58.430790009106545
800.0,0.8,721.5194174826139,703.7973298102498,-78.4805825173861,-96.20267018975017
800.0,0.8,848.2956175735088,745.8452819176828,48.29561757350882,-54.15471808231723
800.0,0.8,2999.9999104395765,799.0871355260273,2199.9999104395765,-0.9128644739727179
800.0,0.8,770.9249926594566,726.2917990399769,-29.07500734054338,-73.70820096002308
800.0,0.8,2999.9999104395765,780.2328490549561,2199.9999104395765,-19.76715094504391
800.0,0.8,710.876493638074,698.9503823578518,-89.12350636192605,-101.04961764214818
800.0,0.8,728.2822109526305,707.6130560587667,-71.71778904736948,-92.38694394123331
800.0,0.8,789.3984859850698,732.5643485491374,-10.601514014930217,-67.43565145086257
800.0,0.8,961.5498162124148,760.876586801317,161.54981621241484,-39.12341319868301
800.0,0.8,1153.0577646430895,769.0609529304232,353.0577646430895,-30.93904706957676
800.0,0.8,756.9290096487488,721.3001905114097,-43.070990351251226,-78.69980948859029
800.0,0.8,756.6632989685643,723.7447266212686,-43.33670103143572,-76.25527337873143
800.0,0.8,781.8708937708822,733.2943646356811,-18.129106229117838,-66.70563536431894
800.0,0.8,872.447144556646,752.6048811670776,72.44714455664598,-47.395118832922435
800.0,0.8,814.0017423310148,742.4455212103669,14.001742331014839,-57.554478789633094
800.0,0.8,711.8369248886498,700.4715974629964,-88.16307511135017,-99.52840253700356
800.0,0.8,770.4132592020771,728.5672175283286,-29.586740797922857,-71.43278247167143
800.0,0.8,859.6717110916107,750.0389771030214,59.671711091610746,-49.96102289697865
800.0,0.8,811.6890320138614,736.0346890854788,11.689032013861379,-63.96531091452118
800.0,0.8,771.9644110506309,726.0375753831735,-28.03558894936907,-73.96242461682652
800.0,0.8,743.0848314123781,716.9462209915367,-56.915168587621906,-83.05377900846327
800.0,0.8,1211.1671652714288,773.6223165868672,411.16716527142876,-26.377683413132786
800.0,0.8,881.3565850327734,752.1124576949221,81.35658503277341,-47.887542305077886
800.0,0.8,930.5584131560942,758.2234151266921,130.55841315609416,-41.77658487330791
800.0,0.8,951.2399591867787,764.8938133279984,151.23995918677872,-35.10618667200163
800.0,0.8,759.7883945431746,719.4307682953909,-40.211605456825396,-80.56923170460914
800.0,0.8,703.5622197101135,693.8427209339607,-96.43778028988652,-106.15727906603934
800.0,0.8,982.9691487606059,754.3266911220234,182.9691487606059,-45.67330887797664
800.0,0.8,697.9406021547998,689.8519598483769,-102.05939784520024,-110.14804015162315
800.0,0.8,2999.9999104395765,803.4388147920714,2199.9999104395765,3.438814792071412
800.0,0.8,1134.055579737297,785.2145105920667,334.05557973729697,-14.785489407933255
800.0,0.8,887.0853399639284,749.417435216903,87.08533996392839,-50.58256478309704
800.0,0.8,835.1156564031761,746.7802411537143,35.115656403176104,-53.219758846285686
800.0,0.8,764.7194418940306,724.0145738011432,-35.28055810596936,-75.98542619885677
800.0,0.8,914.0466987517581,761.8553472195402,114.04669875175807,-38.14465278045975
800.0,0.8,2999.9999253887827,788.5509536774537,2199.9999253887827,-11.449046322546337
800.0,0.8,1065.5316310473083,771.0052765262958,265.53163104730834,-28.994723473704198
800.0,0.8,714.1117124960592,701.8700038476215,-85.88828750394077,-98.12999615237845
800.0,0.8,793.7173993793333,732.7609486657775,-6.282600620666699,-67.2390513342225
800.0,0.8,1159.7509942888448,772.80904755414,359.7509942888448,-27.190952445860034
800.0,0.8,2999.9999104395765,798.3173272169686,2199.9999104395765,-1.6826727830314212
800.0,0.8,720.6010569076749,704.2900297979495,-79.39894309232511,-95.7099702020505
800.0,0.8,722.3709946117716,707.7427506129917,-77.62900538822839,-92.2572493870083
800.0,0.8,889.780526991468,755.2003241336383,89.78052699146804,-44.79967586636167
800.0,0.8,893.7677665054027,758.0783925793114,93.76776650540273,-41.92160742068859
800.0,0.8,682.7455636799461,677.3188102974653,-117.25443632005386,-122.68118970253465
800.0,0.8,1061.7746055090292,767.1863650254123,261.77460550902924,-32.81363497458767
800.0,0.8,731.1861820419617,712.3377170533498,-68.81381795803827,-87.66228294665018
800.0,0.8,912.1623512674231,757.1017458875633,112.1623512674231,-42.89825411243669
800.0,0.8,2999.9999104395765,799.1117926649396,2199.9999104395765,-0.8882073350604287
800.0,0.8,723.0006506831264,705.9471527463337,-76.99934931687358,-94.0528472536663
800.0,0.8,751.5066838456389,720.051775564876,-48.49331615436108,-79.94822443512396
800.0,0.8,888.8429989903627,750.1106359554575,88.84299899036273,-49.8893640445425
800.0,0.8,978.1503849083958,755.8017217481132,178.15038490839584,-44.19827825188679
800.0,0.8,973.8328972953676,765.1448918947368,173.83289729536762,-34.855108105263184
800.0,0.8,1317.5582990879668,784.2082442991453,517.5582990879668,-15.791755700854651
800.0,0.8,897.7302190087335,750.27328463079,97.73021900873346,-49.726715369209955
800.0,0.8,686.6852458599001,681.1755985560669,-113.31475414009992,-118.82440144393308
800.0,0.8,2999.999931052011,762.2867222899234,2199.999931052011,-37.71327771007657
800.0,0.8,711.3890552414118,697.5814653227334,-88.61094475858818,-102.41853467726662
800.0,0.8,803.6787762835175,738.579155098826,3.67877628351755,-61.42084490117395
800.0,0.8,764.5695272991996,725.8696268069506,-35.43047270080035,-74.13037319304942
800.0,0.8,864.7916196692851,749.3877930541857,64.79161966928507,-50.61220694581425
800.0,0.8,817.2930043776089,744.1870232812009,17.293004377608895,-55.812976718799064
800.0,0.8,911.5541974116657,760.2050144089653,111.55419741166565,-39.794985591034674
800.0,0.8,815.9381758188644,740.1510976758531,15.938175818864352,-59.848902324146934
800.0,0.8,782.5936879120493,730.6929575366817,-17.40631208795071,-69.30704246331834
800.0,0.8,845.4156614756623,745.4960923460036,45.41566147566232,-54.50390765399641
800.0,0.8,773.0401025244101,727.5921852094204,-26.959897475589855,-72.40781479057955
800.0,0.8,834.3018897656219,745.6464654834675,34.30188976562192,-54.35353451653248
800.0,0.8,740.3968686194211,715.4844788166623,-59.60313138057893,-84.51552118333768
800.0,0.8,829.198108355679,743.9653392766311,29.198108355678983,-56.034660723368916
800.0,0.8,869.4021211258187,754.7198560997377,69.40212112581867,-45.28014390026226
800.0,0.8,718.5054702163482,703.4832241646936,-81.49452978365184,-96.51677583530636
800.0,0.8,745.3969819256378,718.2562834875691,-54.60301807436224,-81.74371651243086
800.0,0.8,2999.9999104395765,785.1443086806693,2199.9999104395765,-14.855691319330731
800.0,0.8,755.2364410502149,723.2597458446708,-44.76355894978508,-76.74025415532924
800.0,0.8,744.1599142529561,716.4040760576369,-55.84008574704387,-83.59592394236313
800.0,0.8,851.1346483749505,752.5428503328931,51.13464837495053,-47.45714966710693
800.0,0.8,743.319225256339,715.1717312861124,-56.680774743661004,-84.82826871388761
800.0,0.8,853.6205265495392,744.9860365206172,53.62052654953925,-55.013963479382824
800.0,0.8,708.8740723327786,698.8005727812041,-91.12592766722139,-101.1994272187959
800.0,0.8,745.5554829657292,719.1517591534143,-54.4445170342708,-80.84824084658567
800.0,0.8,927.252356617607,757.4198375602199,127.252356617607,-42.58016243978011
800.0,0.8,933.2780277937604,753.4301774106889,133.27802779376043,-46.569822589311116
800.0,0.8,1540.1137873794735,787.2911190666098,740.1137873794735,-12.708880933390219
800.0,0.8,822.8231954818948,743.4183889517149,22.8231954818948,-56.58161104828514
800.0,0.8,934.5935609249923,760.9097349633416,134.5935609249923,-39.090265036658366
800.0,0.8,746.9314733142658,719.162595707833,-53.06852668573424,-80.83740429216698
800.0,0.8,2999.9999139214156,769.9119228985031,2199.9999139214156,-30.08807710149688
800.0,0.8,739.6587439522502,715.2550568705274,-60.341256047749766,-84.74494312947263
800.0,0.8,690.1748656662317,685.5557331425997,-109.82513433376835,-114.4442668574003
800.0,0.8,738.2001071491171,711.7832845674302,-61.799892850882884,-88.2167154325698
800.0,0.8,681.8422029849519,678.0181268884417,-118.15779701504812,-121.98187311155834
800.0,0.8,949.6225182530225,756.6423752528787,149.62251825302246,-43.35762474712135
800.0,0.8,778.7295844905632,731.1734673453037,-21.270415509436816,-68.82653265469628
800.0,0.8,714.1295170364986,700.165665912014,-85.87048296350144,-99.83433408798601
800.0,0.8,850.2662705159211,746.5224267676015,50.266270515921065,-53.47757323239853
800.0,0.8,1166.5773149351007,774.3306524155834,366.57731493510073,-25.66934758441664
800.0,0.8,774.3987955628196,731.2644243548909,-25.6012044371804,-68.73557564510907
800.0,0.8,2999.9999104395765,798.2354622530044,2199.9999104395765,-1.764537746995643
800.0,0.8,747.2791797889525,719.6678611952916,-52.72082021104745,-80.33213880470839
800.0,0.8,1498.1036949646386,775.6802390536728,698.1036949646386,-24.319760946327165
800.0,0.8,736.8903067414843,710.6146958909152,-63.10969325851568,-89.38530410908481
800.0,0.8,806.5402293708167,738.3059697139864,6.540229370816746,-61.69403028601357
800.0,0.8,762.4878816322066,724.4895847362222,-37.51211836779339,-75.51041526377776
800.0,0.8,722.5918713436678,704.9148810682264,-77.40812865633222,-95.08511893177365
800.0,0.8,870.9874022083549,749.2111625312544,70.98740220835487,-50.788837468745555
800.0,0.8,914.8449335683114,761.2861349572073,114.84493356831138,-38.71386504279269
800.0,0.8,1001.6417624583722,767.0244262925817,201.64176245837223,-32.975573707418334
800.0,0.8,900.5057469391853,757.2115204832506,100.50574693918531,-42.78847951674936
800.0,0.8,749.7171958748139,721.0471801224794,-50.28280412518609,-78.9528198775206
800.0,0.8,2999.9999104395765,788.3987969555817,2199.9999104395765,-11.601203044418298
800.0,0.8,768.4166763753012,724.7558374411042,-31.583323624698778,-75.24416255889582
800.0,0.8,760.0974419300867,724.4614786627099,-39.90255806991331,-75.53852133729015
800.0,0.8,809.903964391068,739.5988920529168,9.90396439106803,-60.40110794708323
800.0,0.8,747.1095610533906,715.7473428844044,-52.89043894660938,-84.25265711559564
800.0,0.8,742.5682224545815,720.0379533822711,-57.43177754541853,-79.9620466177289
800.0,0.8,920.8091035850447,755.6618487150932,120.80910358504468,-44.33815128490676
800.0,0.8,1319.8552414217784,779.1267640029165,519.8552414217784,-20.873235997083498
800.0,0.8,683.6045154474199,679.7505133252253,-116.39548455258011,-120.24948667477474
800.0,0.8,863.3650865389706,745.1988744117318,63.36508653897056,-54.80112558826818
800.0,0.8,869.3775915978536,752.5009302089857,69.37759159785355,-47.499069791014335
800.0,0.8,749.088643991041,718.7556616104529,-50.91135600895905,-81.24433838954712
800.0,0.8,893.1858425295449,757.8708613386287,93.18584252954486,-42.12913866137126
800.0,0.8,1304.8395266633438,780.7100519703047,504.8395266633438,-19.289948029695324
800.0,0.8,842.7140951160756,751.8053174391927,42.714095116075555,-48.19468256080734
800.0,0.8,934.0038146930527,755.9750476906871,134.00381469305273,-44.02495230931288
800.0,0.8,999.274138141275,767.1390601259504,199.274138141275,-32.86093987404956
800.0,0.8,711.3097021138392,699.653425076433,-88.6902978861608,-100.346574923567
800.0,0.8,1065.2226008689227,776.9414825789728,265.22260086892265,-23.058517421027204
800.0,0.8,747.1120995906557,717.2743533932761,-52.8879004093443,-82.7256466067239
800.0,0.8,778.7605159121233,730.8662038279972,-21.23948408787669,-69.1337961720028
800.0,0.8,733.8171518475905,712.5145464202059,-66.18284815240952,-87.48545357979413
800.0,0.8,704.0471575147285,694.1883238503899,-95.9528424852715,-105.8116761496101
800.0,0.8,697.5216069268457,688.4360154223886,-102.47839307315428,-111.56398457761145
800.0,0.8,834.6780716359964,742.1910810519188,34.67807163599639,-57.808918948081214
800.0,0.8,807.2531678068125,745.5306592253975,7.253167806812485,-54.46934077460253
800.0,0.8,718.2352842593765,701.99258430723,-81.7647157406235,-98.00741569277
800.0,0.8,1955.082151153644,797.4522494125137,1155.082151153644,-2.547750587486348
800.0,0.8,1632.386995850511,793.2625586044015,832.3869958505111,-6.737441395598466
800.0,0.8,821.8992912955332,742.3150776167547,21.899291295533203,-57.68492238324529
800.0,0.8,827.5318743452717,740.0431948036742,27.531874345271717,-59.95680519632583
800.0,0.8,720.4645660867079,703.946565954289,-79.53543391329208,-96.05343404571101
800.0,0.8,986.2385914747723,766.7874955457999,186.2385914747723,-33.21250445420014
800.0,0.8,879.876459003508,749.3780180148826,79.87645900350799,-50.62198198511737
800.0,0.8,799.4369451518178,734.1649622390989,-0.5630548481822188,-65.83503776090106
800.0,0.8,778.2102582092191,727.0882232960332,-21.78974179078091,-72.91177670396678
800.0,0.8,1129.189896891834,768.4768482852604,329.189896891834,-31.523151714739583
800.0,0.8,796.0913250938613,738.8787621975438,-3.9086749061386854,-61.12123780245622
800.0,0.8,975.1149247689967,767.5996844151414,175.11492476899673,-32.40031558485862
800.0,0.8,762.8202815945489,719.9234620149371,-37.179718405451126,-80.07653798506294
800.0,0.8,827.3622421845025,743.0454474033818,27.36224218450252,-56.954552596618214
800.0,0.8,797.4238102310869,735.6812178822686,-2.576189768913082,-64.31878211773142
800.0,0.8,699.212207863724,692.6481665777306,-100.78779213627604,-107.35183342226935
800.0,0.8,882.5637720577172,761.6157611638558,82.56377205771719,-38.38423883614416
800.0,0.8,987.4117566185294,763.8256780797407,187.41175661852935,-36.17432192025933
800.0,0.8,782.6600222646877,732.3154433064661,-17.339977735312345,-67.68455669353386
800.0,0.8,810.0254870736005,737.4663884605745,10.025487073600516,-62.533611539425465
800.0,0.8,692.0954672361687,686.4753494870426,-107.9045327638313,-113.52465051295735
800.0,0.8,828.5691824443081,741.6443089585354,28.569182444308126,-58.35569104146464
800.0,0.8,728.9668476085322,712.282777882166,-71.03315239146775,-87.71722211783401
800.0,0.8,1237.1301759848393,772.4454170752063,437.1301759848393,-27.55458292479375
800.0,0.8,707.3304611645876,696.4379824375906,-92.66953883541237,-103.56201756240944
800.0,0.8,748.5499913838601,722.3550946654253,-51.45000861613994,-77.64490533457467
800.0,0.8,820.5955890415088,744.4093741194998,20.595589041508788,-55.59062588050017
800.0,0.8,2999.9999104395765,774.401196277915,2199.9999104395765,-25.598803722084995
800.0,0.8,760.855387448472,718.3499414013016,-39.144612551527985,-81.65005859869837
800.0,0.8,2999.999917533927,793.0564328611038,2199.999917533927,-6.943567138896242
800.0,0.8,893.0829783680658,754.6433792338381,93.08297836806582,-45.35662076616188
800.0,0.8,746.8508880792846,716.3075450404731,-53.14911192071543,-83.69245495952691
800.0,0.8,732.1349556561277,709.6018681856862,-67.86504434387234,-90.39813181431384
800.0,0.8,2090.1264208947587,781.9643906955123,1290.1264208947587,-18.035609304487707
800.0,0.8,768.3329689526701,727.8010408251446,-31.667031047329942,-72.19895917485542
800.0,0.8,1120.8547174439177,770.2467290264512,320.8547174439177,-29.75327097354875
800.0,0.8,1440.1154936511484,776.7106369392072,640.1154936511484,-23.289363060792766
800.0,0.8,974.0324692062052,761.9001772577125,174.03246920620518,-38.09982274228753
800.0,0.8,821.0226677336874,742.6402154911408,21.0226677336874,-57.35978450885921
800.0,0.8,745.11221320679,721.61961314833,-54.88778679321001,-78.38038685166998
800.0,0.8,766.6161116681449,725.3937053848853,-33.38388833185513,-74.60629461511473
800.0,0.8,768.1499753450107,729.7707674475888,-31.850024654989284,-70.22923255241119
800.0,0.8,722.8044527110718,706.3642085167543,-77.1955472889282,-93.63579148324573
800.0,0.8,720.6625976741752,704.9054354632659,-79.33740232582477,-95.09456453673408
800.0,0.8,1048.3454985434564,766.9784445430473,248.34549854345642,-33.02155545695268
800.0,0.8,753.9714255952042,720.9118681886275,-46.02857440479579,-79.08813181137248
800.0,0.8,829.4445999154273,741.0964448205706,29.44459991542726,-58.90355517942942
800.0,0.8,768.3236563171504,725.2449054491123,-31.67634368284962,-74.75509455088775
800.0,0.8,818.442513527227,743.2757651248487,18.442513527226993,-56.724234875151296
800.0,0.8,831.4957823590879,743.867057332896,31.49578235908791,-56.132942667103976
800.0,0.8,732.0112485067041,712.1374469101137,-67.98875149329592,-87.86255308988632
800.0,0.8,800.2553363609204,735.7173018611102,0.2553363609204098,-64.28269813888983
800.0,0.8,771.9462481901893,729.3694794902829,-28.053751809810706,-70.63052050971714
800.0,0.8,984.4190090574933,761.249660982447,184.41900905749333,-38.75033901755296
800.0,0.8,785.0285589788241,731.6475342581116,-14.971441021175906,-68.35246574188841
800.0,0.8,1276.5891885238523,778.6228365176877,476.5891885238523,-21.377163482312312
800.0,0.8,731.0526156988639,709.5109061717006,-68.94738430113614,-90.48909382829936
800.0,0.8,727.4489444663877,711.4558820594427,-72.55105553361227,-88.54411794055727
800.0,0.8,938.6817485296805,763.959983958008,138.68174852968048,-36.040016041991976
800.0,0.8,705.4802991583796,694.4405150389484,-94.51970084162042,-105.55948496105157
800.0,0.8,713.3988208322385,702.4730195676875,-86.60117916776153,-97.52698043231248
800.0,0.8,855.8947358035304,751.3135628105741,55.89473580353035,-48.686437189425874
800.0,0.8,757.4988410323917,720.1860557499047,-42.50115896760826,-79.81394425009535
800.0,0.8,905.4414701367091,749.5068151439126,105.44147013670909,-50.493184856087396
800.0,0.8,1019.5964379341649,753.5334183980884,219.5964379341649,-46.46658160191157
800.0,0.8,704.0587125328958,694.709019899562,-95.94128746710419,-105.29098010043799
800.0,0.8,2999.9999104395765,782.8893282915791,2199.9999104395765,-17.11067170842091
800.0,0.8,900.5140503286534,759.175674793328,100.51405032865341,-40.82432520667203
800.0,0.8,715.874824386976,700.3286926889184,-84.125175613024,-99.67130731108159
800.0,0.8,853.9155930593947,754.6639901487337,53.91559305939472,-45.33600985126634
800.0,0.8,839.71111308372,739.037901193156,39.711113083719965,-60.96209880684398
800.0,0.8,713.6346104341114,699.5835046363133,-86.36538956588856,-100.41649536368675
800.0,0.8,715.3044479531712,702.6701483964993,-84.69555204682877,-97.32985160350074
800.0,0.8,814.7420540110618,739.2370674481649,14.742054011061782,-60.76293255183509
800.0,0.8,733.2911236553416,712.0243107516619,-66.70887634465839,-87.97568924833809
800.0,0.8,718.00810199206,704.9479435754463,-81.99189800794,-95.05205642455371
800.0,0.8,768.9002734497072,728.4603217970251,-31.099726550292758,-71.53967820297487
800.0,0.8,713.9884523640584,701.8489022533489,-86.01154763594161,-98.15109774665109
800.0,0.8,761.0025014194573,724.3852074138852,-38.9974985805427,-75.61479258611485
800.0,0.8,864.1609422729182,759.6982230274963,64.16094227291819,-40.30177697250372
800.0,0.8,937.8049841826484,755.5302941409575,137.80498418264835,-44.469705859042506
800.0,0.8,733.2990099293718,713.0396101164966,-66.70099007062822,-86.96038988350335
800.0,0.8,725.3211166461829,706.4951947382315,-74.67888335381713,-93.50480526176852
800.0,0.8,917.6455570379416,758.482818983473,117.64555703794156,-41.51718101652705
800.0,0.8,719.8879384800783,704.5789569836411,-80.11206151992167,-95.42104301635891
800.0,0.8,742.8549349859845,716.7909810173513,-57.14506501401547,-83.20901898264867
800.0,0.8,828.8993712385544,744.8360796807121,28.89937123855441,-55.163920319287854
800.0,0.8,1189.7959664403434,768.8115742177274,389.79596644034336,-31.18842578227259
800.0,0.8,946.0060145555354,759.5026686798202,146.00601455553544,-40.497331320179796
800.0,0.8,752.1531811731176,718.3514031731459,-47.84681882688244,-81.64859682685415
800.0,0.8,816.4296252076043,744.499721735054,16.429625207604317,-55.50027826494602
800.0,0.8,731.711373407653,714.235841059485,-68.28862659234699,-85.76415894051502
800.0,0.8,1302.7075939972167,780.860852035251,502.7075939972167,-19.139147964748986
800.0,0.8,787.5242769936865,733.4616790992995,-12.475723006313501,-66.53832090070046
800.0,0.8,927.1595985088167,758.6462890041836,127.15959850881666,-41.353710995816414
800.0,0.8,705.7933521138111,697.3601192979133,-94.20664788618888,-102.63988070208666
800.0,0.8,788.5449755897013,734.9826004640148,-11.455024410298734,-65.01739953598519
800.0,0.8,772.346598148467,728.7607068668956,-27.653401851532976,-71.23929313310441
800.0,0.8,2999.9999104395765,777.4725691107155,2199.9999104395765,-22.52743088928446
800.0,0.8,749.7904705890677,719.7849576149499,-50.209529410932305,-80.21504238505008
800.0,0.8,805.0333221264785,735.8221092803775,5.033322126478538,-64.1778907196225
800.0,0.8,803.2825578248506,735.2693025197294,3.2825578248506417,-64.73069748027058
800.0,0.8,920.9186119554581,758.5534124412787,120.91861195545812,-41.44658755872126
800.0,0.8,802.4014606437709,737.1063226831446,2.4014606437708608,-62.89367731685536
800.0,0.8,729.307344740566,710.4717968966931,-70.69265525943399,-89.52820310330685
800.0,0.8,684.102186596373,679.494350304265,-115.89781340362697,-120.50564969573497
800.0,0.8,704.6674261196974,695.5229631990591,-95.33257388030256,-104.47703680094094
800.0,0.8,702.9483165167144,693.6173409538329,-97.05168348328561,-106.38265904616708
800.0,0.8,783.4576334636126,732.4948249794302,-16.542366536387362,-67.50517502056982
800.0,0.8,869.6251639048613,749.520001048567,69.62516390486132,-50.479998951433004
800.0,0.8,679.9467116420719,676.2371440960194,-120.05328835792807,-123.76285590398061
800.0,0.8,825.8333953307314,737.5000204048783,25.833395330731378,-62.49997959512166
800.0,0.8,878.1459084858424,747.2845999435856,78.14590848584237,-52.71540005641441
800.0,0.8,2999.9999104395765,778.1509551913563,2199.9999104395765,-21.849044808643725
800.0,0.8,752.0574997867338,721.8023965885128,-47.94250021326616,-78.1976034114872
800.0,0.8,1000.6116619144292,761.58358979068,200.6116619144292,-38.41641020932002
800.0,0.8,743.7739069243739,719.667603716489,-56.22609307562607,-80.332396283511
800.0,0.8,844.0857305628409,749.1126518649999,44.08573056284092,-50.88734813500014
800.0,0.8,945.4367472646124,759.5901793567972,145.43674726461245,-40.409820643202806
800.0,0.8,743.3486966466605,718.161840796338,-56.65130335333947,-81.83815920366203
800.0,0.8,738.3384448919257,713.9948893912475,-61.66155510807425,-86.00511060875249
800.0,0.8,788.357254897155,738.0075507932015,-11.64274510284497,-61.99244920679848
800.0,0.8,867.3999426951247,748.2627777987244,67.39994269512465,-51.737222201275586
800.0,0.8,701.8878366580576,692.9310591909499,-98.11216334194239,-107.0689408090501
800.0,0.8,722.560806973521,708.3634672008508,-77.43919302647896,-91.63653279914922
800.0,0.8,1001.3411130080284,762.6962464577373,201.3411130080284,-37.30375354226271
800.0,0.8,729.3515801635999,708.5620414862195,-70.64841983640008,-91.43795851378047
800.0,0.8,1004.8077010225722,763.9613737441929,204.80770102257225,-36.03862625580712
800.0,0.8,877.385833539178,751.9664981965781,77.38583353917795,-48.03350180342193
800.0,0.8,788.7260158238498,730.0055443741481,-11.27398417615018,-69.99445562585186
1000.0,0.2,2999.9999124708684,277.1145830569784,1999.9999124708684,-722.8854169430216
1000.0,0.2,2999.9999202388585,286.7481148142959,1999.9999202388585,-713.2518851857042
1000.0,0.2,569.9686222085932,277.77917121333246,-430.03137779140684,-722.2208287866675
1000.0,0.2,2999.9999138103162,280.20372845345423,1999.9999138103162,-719.7962715465458
1000.0,0.2,696.4671292785864,279.64277527134453,-303.5328707214136,-720.3572247286554
1000.0,0.2,476.8240383330433,267.64494873473615,-523.1759616669567,-732.3550512652639
1000.0,0.2,609.3802630573945,279.09201947787267,-390.6197369426055,-720.9079805221273
1000.0,0.2,1279.4381378299595,284.0295234902216,279.4381378299595,-715.9704765097783
1000.0,0.2,838.1053766868337,278.4371421590708,-161.89462331316633,-721.5628578409292
1000.0,0.2,387.9216099225454,275.1598056629022,-612.0783900774546,-724.8401943370977
1000.0,0.2,2999.9999160390407,282.4646716092777,1999.9999160390407,-717.5353283907223
1000.0,0.2,2999.9999104395765,284.6613357743492,1999.9999104395765,-715.3386642256507
1000.0,0.2,483.54166120073035,282.18840120390115,-516.4583387992697,-717.8115987960989
1000.0,0.2,415.94540351483863,274.07904214538036,-584.0545964851614,-725.9209578546197
1000.0,0.2,2999.999920369149,286.52861369025334,1999.999920369149,-713.4713863097467
1000.0,0.2,2999.999916101947,288.80646718030965,1999.9999161019468,-711.1935328196903
1000.0,0.2,1041.9118131877246,271.69181241390254,41.91181318772465,-728.3081875860975
1000.0,0.2,1126.6706199456287,280.02840584292017,126.67061994562869,-719.9715941570798
1000.0,0.2,2999.999922195486,280.5396530733757,1999.9999221954859,-719.4603469266243
1000.0,0.2,2999.9999162745735,280.5812621749661,1999.9999162745735,-719.4187378250339
1000.0,0.2,2999.9999139368615,285.261540618016,1999.9999139368615,-714.7384593819841
1000.0,0.2,2999.9999115145197,277.9551411004439,1999.9999115145197,-722.0448588995562
1000.0,0.2,600.426213927318,277.3799839668695,-399.57378607268197,-722.6200160331305
1000.0,0.2,2999.9999176474776,291.3569627378409,1999.9999176474776,-708.6430372621592
1000.0,0.2,2999.999912942663,276.1659419786112,1999.9999129426628,-723.8340580213887
1000.0,0.2,2999.9999104395765,281.1558970894132,1999.9999104395765,-718.8441029105868
1000.0,0.2,499.06239027834187,267.54364171558535,-500.93760972165813,-732.4563582844146
1000.0,0.2,809.7402675950973,273.30400802711455,-190.2597324049027,-726.6959919728854
1000.0,0.2,2999.9999133804085,281.3491881226994,1999.9999133804085,-718.6508118773006
1000.0,0.2,513.6755327199734,276.74261868391227,-486.3244672800266,-723.2573813160877
1000.0,0.2,845.8071763915245,277.4027014297012,-154.19282360847546,-722.5972985702988
1000.0,0.2,2999.9999211320296,291.46769238729615,1999.9999211320296,-708.5323076127038
1000.0,0.2,755.013405033099,272.7960313595417,-244.98659496690095,-727.2039686404582
1000.0,0.2,2999.9999207375527,276.4253225050636,1999.9999207375527,-723.5746774949364
1000.0,0.2,2999.999916954588,284.6775664710508,1999.9999169545881,-715.3224335289492
1000.0,0.2,2999.9999190953163,286.40409625043804,1999.9999190953163,-713.595903749562
1000.0,0.2,557.5234653697504,273.74878528892765,-442.4765346302496,-726.2512147110724
1000.0,0.2,2999.999918579039,288.8466743730306,1999.9999185790389,-711.1533256269694
1000.0,0.2,556.8149269773339,268.2503815710394,-443.1850730226661,-731.7496184289606
1000.0,0.2,2999.999914448333,280.78014373584676,1999.9999144483331,-719.2198562641532
1000.0,0.2,2999.9999164365895,280.23447735694793,1999.9999164365895,-719.765522643052
1000.0,0.2,2999.999920564893,296.69342199213,1999.9999205648928,-703.30657800787
1000.0,0.2,2999.999919210688,288.6378627062787,1999.999919210688,-711.3621372937213
1000.0,0.2,659.7093070778022,276.75530037781294,-340.29069292219776,-723.244699622187
1000.0,0.2,589.2787733164768,269.3335328205449,-410.72122668352324,-730.6664671794551
1000.0,0.2,2999.999916326168,275.11297752311543,1999.9999163261682,-724.8870224768846
1000.0,0.2,423.5383157881409,268.4178266924065,-576.4616842118592,-731.5821733075935
1000.0,0.2,2999.9999138696603,284.1912370456845,1999.9999138696603,-715.8087629543155
1000.0,0.2,835.6748183693884,268.531588772703,-164.3251816306116,-731.468411227297
1000.0,0.2,444.3695416285805,276.02778174862596,-555.6304583714195,-723.972218251374
1000.0,0.2,2999.9999200936422,286.1874208917205,1999.9999200936422,-713.8125791082796
1000.0,0.2,2999.999921011971,287.70244482574606,1999.9999210119709,-712.297555174254
1000.0,0.2,2999.999919627452,282.0727034387811,1999.999919627452,-717.9272965612189
1000.0,0.2,642.4117989170592,272.629576413226,-357.5882010829408,-727.370423586774
1000.0,0.2,2999.9999203878447,281.28692089071745,1999.9999203878447,-718.7130791092825
1000.0,0.2,509.9149601356623,272.68170875823415,-490.0850398643377,-727.3182912417658
1000.0,0.2,2999.999952117773,281.7204073928299,1999.9999521177729,-718.2795926071701
1000.0,0.2,2999.9999168881786,285.4529942951048,1999.9999168881786,-714.5470057048951
1000.0,0.2,2999.999919331157,280.3811457609339,1999.999919331157,-719.6188542390661
1000.0,0.2,2999.999916757313,279.4860931551136,1999.9999167573128,-720.5139068448864
1000.0,0.2,698.2120945332359,268.3208241011888,-301.7879054667641,-731.6791758988112
1000.0,0.2,2999.999918006605,275.7049047750274,1999.9999180066052,-724.2950952249726
1000.0,0.2,2999.9999106970436,274.9522430194811,1999.9999106970436,-725.0477569805189
1000.0,0.2,921.154519021441,274.17686049936435,-78.84548097855895,-725.8231395006356
1000.0,0.2,1050.271154827011,287.0079750766288,50.27115482701106,-712.9920249233712
1000.0,0.2,321.4166049637431,258.9408015723236,-678.5833950362569,-741.0591984276764
1000.0,0.2,384.55383276321646,264.2892686375812,-615.4461672367836,-735.7107313624188
1000.0,0.2,1551.5214885723833,281.42189646554255,551.5214885723833,-718.5781035344575
1000.0,0.2,463.0955659398549,271.60985038071084,-536.9044340601451,-728.3901496192891
1000.0,0.2,2999.9999104395765,279.4955838683188,1999.9999104395765,-720.5044161316812
1000.0,0.2,641.5111829348231,272.9758119081429,-358.48881706517693,-727.0241880918571
1000.0,0.2,329.81593078977477,263.7162702552587,-670.1840692102253,-736.2837297447413
1000.0,0.2,447.4031643842467,273.0274306101546,-552.5968356157533,-726.9725693898454
1000.0,0.2,1139.7283185031986,283.7790237318667,139.72831850319858,-716.2209762681333
1000.0,0.2,2999.9999203983784,283.0873308617575,1999.9999203983784,-716.9126691382426
1000.0,0.2,477.92710548263125,272.1150695166082,-522.0728945173687,-727.8849304833918
1000.0,0.2,421.3910742845923,271.5922153273452,-578.6089257154076,-728.4077846726548
1000.0,0.2,2999.9999171059812,281.8076665764686,1999.9999171059812,-718.1923334235314
1000.0,0.2,846.9713753519418,278.1133594253343,-153.0286246480582,-721.8866405746658
1000.0,0.2,581.3193223219133,274.87554283218316,-418.6806776780867,-725.1244571678169
1000.0,0.2,365.32882526140924,272.5311559592434,-634.6711747385907,-727.4688440407566
1000.0,0.2,2999.9999191653283,281.0972391322781,1999.9999191653283,-718.9027608677219
1000.0,0.2,2999.9999104395765,284.26529777709044,1999.9999104395765,-715.7347022229096
1000.0,0.2,2999.9999212922626,284.4260176036376,1999.9999212922626,-715.5739823963625
1000.0,0.2,2999.9999198401906,284.0031426539401,1999.9999198401906,-715.9968573460599
1000.0,0.2,2999.999920014214,284.2654679513128,1999.9999200142138,-715.7345320486872
1000.0,0.2,2999.9999185786246,273.5497116500474,1999.9999185786246,-726.4502883499526
1000.0,0.2,419.3714557353774,266.16286509755514,-580.6285442646226,-733.8371349024449
1000.0,0.2,2999.999919707695,282.71699377239446,1999.999919707695,-717.2830062276055
1000.0,0.2,2999.9999211415306,296.95709444680125,1999.9999211415306,-703.0429055531988
1000.0,0.2,546.4480328833124,266.77680196686447,-453.5519671166876,-733.2231980331355
1000.0,0.2,803.1693221400558,280.23660481564815,-196.83067785994422,-719.7633951843518
1000.0,0.2,441.279341222339,261.7869536857303,-558.720658777661,-738.2130463142697
1000.0,0.2,419.30389247262025,276.00354031044463,-580.6961075273798,-723.9964596895554
1000.0,0.2,2999.999915208533,289.24794871321996,1999.999915208533,-710.75205128678
1000.0,0.2,2999.999919787503,276.73138741659636,1999.9999197875031,-723.2686125834036
1000.0,0.2,1083.6243175946488,282.45918808457236,83.6243175946488,-717.5408119154276
1000.0,0.2,1129.2312611025693,276.35140501262237,129.2312611025693,-723.6485949873777
1000.0,0.2,1043.3535721085734,279.7532211145269,43.35357210857342,-720.2467788854731
1000.0,0.2,2999.9999108579727,287.94796910679116,1999.9999108579727,-712.0520308932089
1000.0,0.2,346.5412457378022,264.0057916248254,-653.4587542621978,-735.9942083751746
1000.0,0.2,705.6566998890539,283.4634458449004,-294.3433001109461,-716.5365541550996
1000.0,0.2,895.0534773263297,280.7174870867064,-104.9465226736703,-719.2825129132937
1000.0,0.2,862.6222343464088,272.0054001667143,-137.37776565359115,-727.9945998332857
1000.0,0.2,381.83911238039946,271.6815646996597,-618.1608876196005,-728.3184353003403
1000.0,0.2,753.929413111069,277.8020521322993,-246.07058688893096,-722.1979478677007
1000.0,0.2,2999.999948507186,289.5065166533239,1999.9999485071862,-710.4934833466762
1000.0,0.2,2999.9999183207256,282.31842678683125,1999.9999183207256,-717.6815732131688
1000.0,0.2,523.9612903610075,272.4436777046508,-476.0387096389925,-727.5563222953492
1000.0,0.2,2999.9999208442523,285.49724463663307,1999.9999208442523,-714.502755363367
1000.0,0.2,485.7315370122102,267.61432209726877,-514.2684629877898,-732.3856779027312
1000.0,0.2,970.1967228032587,272.5581144960639,-29.803277196741305,-727.4418855039361
1000.0,0.2,2999.9999104395765,275.21646305338913,1999.9999104395765,-724.7835369466109
1000.0,0.2,460.30321169518066,276.8006915691164,-539.6967883048194,-723.1993084308835
1000.0,0.2,2999.99992490666,274.5376061812225,1999.99992490666,-725.4623938187775
1000.0,0.2,2999.9999136837937,284.5566155031964,1999.9999136837937,-715.4433844968037
1000.0,0.2,412.4743633911019,274.0672388222105,-587.5256366088981,-725.9327611777894
1000.0,0.2,2999.9999169615526,282.47147789695714,1999.9999169615526,-717.5285221030429
1000.0,0.2,2999.9999207151213,288.1269807564174,1999.9999207151213,-711.8730192435826
1000.0,0.2,2999.999919054621,273.5147742265528,1999.999919054621,-726.4852257734472
1000.0,0.2,2999.999919587605,289.54678364617695,1999.9999195876048,-710.4532163538231
1000.0,0.2,2304.3560450474597,274.41078846849126,1304.3560450474597,-725.5892115315087
1000.0,0.2,1150.5802687842452,274.6167138792131,150.58026878424516,-725.3832861207869
1000.0,0.2,2999.9999178495964,280.86560204892487,1999.9999178495964,-719.1343979510751
1000.0,0.2,2999.9999184310677,276.83396555585057,1999.9999184310677,-723.1660344441494
1000.0,0.2,507.0760106014512,271.0761571963313,-492.9239893985488,-728.9238428036688
1000.0,0.2,451.2654806723161,276.0923443839027,-548.734519327684,-723.9076556160974
1000.0,0.2,2937.5066662106324,293.19870438860266,1937.5066662106324,-706.8012956113973
1000.0,0.2,2999.9999108687985,281.5233652671692,1999.9999108687985,-718.4766347328308
1000.0,0.2,2999.99991365583,284.8117171681749,1999.99991365583,-715.1882828318251
1000.0,0.2,855.8977328135237,283.59791474943813,-144.1022671864763,-716.4020852505619
1000.0,0.2,386.4891346001352,270.93036768998877,-613.5108653998648,-729.0696323100112
1000.0,0.2,2999.9999161916553,278.3102407161278,1999.9999161916553,-721.6897592838723
1000.0,0.2,429.66908940658965,270.5006682549043,-570.3309105934104,-729.4993317450957
1000.0,0.2,2999.9999159204135,282.37829924604006,1999.9999159204135,-717.6217007539599
1000.0,0.2,599.2391078555307,268.7213084094889,-400.76089214446927,-731.278691590511
1000.0,0.2,2999.9999150706703,286.31027918681866,1999.9999150706703,-713.6897208131813
1000.0,0.2,601.7503770438451,281.79072389733386,-398.2496229561549,-718.2092761026661
1000.0,0.2,395.66038504448807,265.46334811869116,-604.3396149555119,-734.5366518813089
1000.0,0.2,909.4015711343363,278.05691038567187,-90.59842886566366,-721.9430896143281
1000.0,0.2,557.0293510755796,270.21291940794475,-442.9706489244204,-729.7870805920552
1000.0,0.2,2999.999920183459,288.0620322453088,1999.999920183459,-711.9379677546913
1000.0,0.2,870.9346630880729,275.7635772974651,-129.06533691192715,-724.2364227025349
1000.0,0.2,587.6075141620533,277.5113274056861,-412.39248583794665,-722.4886725943139
1000.0,0.2,2999.9999167165543,276.8954343962371,1999.9999167165543,-723.1045656037629
1000.0,0.2,2999.999919113748,292.8501318207955,1999.999919113748,-707.1498681792045
1000.0,0.2,535.3293554422812,271.1483228792206,-464.6706445577188,-728.8516771207794
1000.0,0.2,2999.9999205889408,289.4201864698553,1999.9999205889408,-710.5798135301447
1000.0,0.2,2999.999914700004,287.26663687723465,1999.999914700004,-712.7333631227654
1000.0,0.2,840.2161152499756,282.1374211481792,-159.7838847500244,-717.8625788518208
1000.0,0.2,2999.9999236983995,285.00199435936065,1999.9999236983995,-714.9980056406393
1000.0,0.2,2999.9999104395765,279.79560033857985,1999.9999104395765,-720.2043996614202
1000.0,0.2,526.6405367566246,285.21599993302874,-473.35946324337544,-714.7840000669712
1000.0,0.2,2999.9999209581947,289.9679351976399,1999.9999209581947,-710.0320648023601
1000.0,0.2,492.67841634345797,279.06887557412716,-507.32158365654203,-720.9311244258729
1000.0,0.2,661.3531903614538,280.60159340370774,-338.6468096385462,-719.3984065962923
1000.0,0.2,498.2889856339878,265.97328080473613,-501.7110143660122,-734.0267191952639
1000.0,0.2,2999.9999068262196,281.94325748616797,1999.9999068262196,-718.056742513832
1000.0,0.2,2999.99991956422,286.0490809992412,1999.99991956422,-713.9509190007589
1000.0,0.2,272.70109998794794,249.44781414173056,-727.2989000120521,-750.5521858582695
1000.0,0.2,2999.9999170524447,279.95060890923855,1999.9999170524447,-720.0493910907614
1000.0,0.2,407.68982312225216,267.78944374318195,-592.3101768777478,-732.2105562568181
1000.0,0.2,713.2053514911202,277.12862612846965,-286.79464850887985,-722.8713738715303
1000.0,0.2,410.34481615452347,270.90491212789203,-589.6551838454766,-729.095087872108
1000.0,0.2,2554.9065524458847,272.08336336693196,1554.9065524458847,-727.916636633068
1000.0,0.2,412.137558199205,266.6603664215555,-587.8624418007951,-733.3396335784445
1000.0,0.2,2999.999915645293,280.5017810898438,1999.9999156452932,-719.4982189101562
1000.0,0.2,2999.999911326642,284.01345136686376,1999.9999113266422,-715.9865486331362
1000.0,0.2,418.9780845289276,269.5727831207711,-581.0219154710724,-730.4272168792289
1000.0,0.2,369.8777534669486,268.66083621575274,-630.1222465330513,-731.3391637842473
1000.0,0.2,365.5704046029698,265.7226146478035,-634.4295953970302,-734.2773853521965
1000.0,0.2,370.754444302743,269.12548437175326,-629.245555697257,-730.8745156282467
1000.0,0.2,717.1894576959722,275.25630335185684,-282.81054230402776,-724.7436966481432
1000.0,0.2,2999.9999104395765,277.1777356262085,1999.9999104395765,-722.8222643737915
1000.0,0.2,422.867811845339,272.39532929813623,-577.132188154661,-727.6046707018638
1000.0,0.2,347.026175330672,260.30390349138355,-652.973824669328,-739.6960965086164
1000.0,0.2,412.1397456562136,270.155044597444,-587.8602543437864,-729.844955402556
1000.0,0.2,646.445454683775,266.8070089422419,-353.554545316225,-733.192991057758
1000.0,0.2,2999.999917419967,281.5249352407438,1999.999917419967,-718.4750647592562
1000.0,0.2,2999.999921577373,288.4422384869891,1999.9999215773728,-711.557761513011
1000.0,0.2,581.3244272625855,278.9188436487306,-418.67557273741454,-721.0811563512693
1000.0,0.2,335.5956027243509,259.8751665427989,-664.4043972756491,-740.124833457201
1000.0,0.2,473.20468983815874,273.3666994571877,-526.7953101618413,-726.6333005428123
1000.0,0.2,2999.999917285824,282.98085544409014,1999.9999172858238,-717.0191445559099
1000.0,0.2,353.11886838577726,263.16167135532345,-646.8811316142228,-736.8383286446765
1000.0,0.2,590.5505515965478,269.21410695203787,-409.44944840345215,-730.7858930479622
1000.0,0.2,2999.9999210751907,281.13794845302425,1999.9999210751907,-718.8620515469757
1000.0,0.2,554.0339832451267,276.30882149151546,-445.9660167548733,-723.6911785084845
1000.0,0.2,2999.9999196433664,295.37438724106,1999.9999196433664,-704.62561275894
1000.0,0.2,2999.999917775098,272.47757884462607,1999.9999177750979,-727.5224211553739
1000.0,0.2,2999.9999207098535,279.224353261458,1999.9999207098535,-720.775646738542
1000.0,0.2,2999.999918983357,290.1918779792834,1999.999918983357,-709.8081220207166
1000.0,0.2,391.729214263764,271.79545730859576,-608.270785736236,-728.2045426914042
1000.0,0.2,2999.999912423169,280.06960132424945,1999.999912423169,-719.9303986757506
1000.0,0.2,2999.9999169172884,288.59491806238725,1999.9999169172884,-711.4050819376127
1000.0,0.2,2999.999913217368,277.5805129455693,1999.999913217368,-722.4194870544306
1000.0,0.2,600.7886095585408,273.4789817381415,-399.21139044145923,-726.5210182618584
1000.0,0.2,323.8798149270514,261.5443844557484,-676.1201850729485,-738.4556155442516
1000.0,0.2,685.8580899057397,272.6740568223324,-314.1419100942603,-727.3259431776676
1000.0,0.2,2999.999920244422,287.1472962164282,1999.999920244422,-712.8527037835718
1000.0,0.2,443.4557735152265,276.15360736233663,-556.5442264847735,-723.8463926376634
1000.0,0.2,493.5962871124149,280.0599432550413,-506.4037128875851,-719.9400567449587
1000.0,0.2,874.3160360484052,286.23424562152104,-125.68396395159482,-713.765754378479
1000.0,0.2,503.3587980907268,273.00258917942597,-496.6412019092732,-726.997410820574
1000.0,0.2,689.8626528301203,276.98348950786186,-310.1373471698797,-723.0165104921382
1000.0,0.2,578.2334493754998,281.663883570804,-421.76655062450016,-718.336116429196
1000.0,0.2,700.6907635746926,277.8748732065341,-299.3092364253074,-722.1251267934658
1000.0,0.2,429.40306350608995,276.6669618249534,-570.5969364939101,-723.3330381750466
1000.0,0.2,369.2002127955646,270.85642168669966,-630.7997872044355,-729.1435783133004
1000.0,0.2,1269.0301018511068,281.04576958758224,269.0301018511068,-718.9542304124177
1000.0,0.2,2999.9999195148303,294.89640967377625,1999.9999195148303,-705.1035903262238
1000.0,0.2,2999.999918707039,282.10352531055315,1999.999918707039,-717.8964746894469
1000.0,0.2,393.79645370528635,268.16690161122665,-606.2035462947136,-731.8330983887734
1000.0,0.2,2999.9999204552137,284.84905805291584,1999.9999204552137,-715.1509419470842
1000.0,0.2,613.7470852130829,273.1094826283061,-386.25291478691713,-726.8905173716939
1000.0,0.2,2999.9999207971587,286.224569853707,1999.9999207971587,-713.775430146293
1000.0,0.2,364.3046403047628,267.80772255080814,-635.6953596952371,-732.1922774491918
1000.0,0.2,509.291899410874,273.42949320838346,-490.708100589126,-726.5705067916165
1000.0,0.2,550.9323038421046,281.50612438678195,-449.0676961578954,-718.493875613218
1000.0,0.2,819.4919236161471,278.5484089205862,-180.50807638385288,-721.4515910794138
1000.0,0.2,404.3641152809448,272.5488085494307,-595.6358847190552,-727.4511914505692
1000.0,0.2,455.8662222549006,279.43757816135917,-544.1337777450995,-720.5624218386408
1000.0,0.2,2999.999916939422,279.2291737909455,1999.9999169394218,-720.7708262090546
1000.0,0.2,2999.9999205169993,288.1701598976249,1999.9999205169993,-711.8298401023751
1000.0,0.2,2999.999919907861,278.3133843757596,1999.999919907861,-721.6866156242404
1000.0,0.2,2999.999912685968,279.4857049052053,1999.999912685968,-720.5142950947948
1000.0,0.2,2999.999931786184,279.871123706001,1999.9999317861839,-720.1288762939989
1000.0,0.2,312.1071977270863,259.7727131555844,-687.8928022729137,-740.2272868444156
1000.0,0.2,375.5965783276583,274.1379108949853,-624.4034216723417,-725.8620891050148
1000.0,0.2,621.9347186626156,272.8208134272231,-378.06528133738436,-727.1791865727769
1000.0,0.2,2999.9999155353016,276.8267818821534,1999.9999155353016,-723.1732181178465
1000.0,0.2,560.1108071064361,276.0447498008336,-439.88919289356386,-723.9552501991664
1000.0,0.2,651.5995103140034,277.3437926970894,-348.4004896859966,-722.6562073029106
1000.0,0.2,2999.9999104395765,266.3715589161894,1999.9999104395765,-733.6284410838107
1000.0,0.2,2999.999916828419,282.3734186378495,1999.999916828419,-717.6265813621505
1000.0,0.2,490.15514617260607,274.74194796371455,-509.84485382739393,-725.2580520362854
1000.0,0.2,2999.9999212401403,287.9798206230006,1999.9999212401403,-712.0201793769994
1000.0,0.2,2999.9999197696866,291.04060535377056,1999.9999197696866,-708.9593946462294
1000.0,0.2,2999.999919479656,284.95128413628356,1999.999919479656,-715.0487158637164
1000.0,0.2,561.3054423576631,278.554590886901,-438.6945576423369,-721.445409113099
1000.0,0.2,2999.9999163115363,275.04977081422663,1999.9999163115363,-724.9502291857734
1000.0,0.2,331.52205506898883,264.7947584096051,-668.4779449310112,-735.205241590395
1000.0,0.2,2999.9999162297836,283.63359193343456,1999.9999162297836,-716.3664080665654
1000.0,0.2,2086.25274040577,278.4355038588391,1086.25274040577,-721.5644961411608
1000.0,0.2,2999.999912073709,283.77212950249225,1999.9999120737089,-716.2278704975078
1000.0,0.2,2999.999920106036,285.4322170066037,1999.999920106036,-714.5677829933963
1000.0,0.2,2999.999916505377,283.40135947499607,1999.9999165053769,-716.5986405250039
1000.0,0.2,391.9207517649549,275.3660722074787,-608.079248235045,-724.6339277925213
1000.0,0.2,2999.9999104395765,273.56860950915893,1999.9999104395765,-726.4313904908411
1000.0,0.2,2501.97975054841,283.66217556995576,1501.9797505484098,-716.3378244300443
1000.0,0.2,350.1293904405688,267.7463006151553,-649.8706095594312,-732.2536993848447
1000.0,0.2,1580.5013963511446,279.9876073138525,580.5013963511446,-720.0123926861475
1000.0,0.2,868.3004895311861,279.48909952714774,-131.69951046881386,-720.5109004728522
1000.0,0.2,583.467037606772,273.86070510473974,-416.532962393228,-726.1392948952603
1000.0,0.2,1457.615171413873,279.2867478187347,457.615171413873,-720.7132521812653
1000.0,0.2,490.2203521399219,280.2795896948749,-509.7796478600781,-719.7204103051251
1000.0,0.2,2999.9999195227015,286.0868970831219,1999.9999195227015,-713.9131029168781
1000.0,0.2,2999.9999210494343,290.9526489934378,1999.9999210494343,-709.0473510065622
1000.0,0.2,412.76316244916114,269.0993118933327,-587.2368375508388,-730.9006881066673
1000.0,0.2,555.3890717430365,279.6189392364608,-444.61092825696346,-720.3810607635392
1000.0,0.2,763.4208580614452,283.24020273978954,-236.5791419385548,-716.7597972602105
1000.0,0.2,2999.9999176346637,281.258330354192,1999.9999176346637,-718.741669645808
1000.0,0.2,2999.9999202266936,291.2846124953027,1999.9999202266936,-708.7153875046972
1000.0,0.2,2999.999919278442,290.0712054885847,1999.9999192784421,-709.9287945114153
1000.0,0.2,2999.9999104395765,281.8796335990548,1999.9999104395765,-718.1203664009452
1000.0,0.2,366.7901424754651,270.9863653865988,-633.209857524535,-729.0136346134012
1000.0,0.2,733.3541236532992,274.6781640066745,-266.6458763467008,-725.3218359933255
1000.0,0.2,2999.999922167289,282.65151973035654,1999.9999221672888,-717.3484802696435
1000.0,0.2,2419.2970812727967,278.41429698648614,1419.2970812727967,-721.5857030135139
1000.0,0.2,2999.999915081752,284.36940392594795,1999.999915081752,-715.630596074052
1000.0,0.2,2999.9999111535044,285.58026563440126,1999.9999111535044,-714.4197343655987
1000.0,0.2,2999.9999190949898,279.5286686192837,1999.9999190949898,-720.4713313807163
1000.0,0.2,2999.9999223690406,279.32730831995445,1999.9999223690406,-720.6726916800455
1000.0,0.2,658.047250660883,278.6778376557799,-341.95274933911696,-721.32216234422
1000.0,0.2,2999.999922116344,285.84973586222054,1999.999922116344,-714.1502641377795
1000.0,0.2,2999.9999190102913,291.9449205972944,1999.9999190102913,-708.0550794027056
1000.0,0.2,387.40410978483163,263.36527905436213,-612.5958902151683,-736.6347209456378
1000.0,0.2,389.71787514970384,269.9585623366717,-610.2821248502962,-730.0414376633282
1000.0,0.2,2999.9999171842155,295.2513679285436,1999.9999171842155,-704.7486320714564
1000.0,0.2,541.590078451171,277.0287356505918,-458.40992154882895,-722.9712643494082
1000.0,0.2,1083.3027064428559,278.20985699428127,83.30270644285588,-721.7901430057187
1000.0,0.2,553.3842815223192,272.030330648307,-446.61571847768084,-727.969669351693
1000.0,0.2,436.1450771408936,273.4266881102709,-563.8549228591064,-726.5733118897291
1000.0,0.2,420.58105702114926,264.7594082751172,-579.4189429788507,-735.2405917248827
1000.0,0.2,2999.999924221753,282.7792426259471,1999.9999242217532,-717.2207573740529
1000.0,0.2,407.877342152733,273.57990280397956,-592.122657847267,-726.4200971960204
1000.0,0.2,2999.999919040245,278.87567435994595,1999.999919040245,-721.124325640054
1000.0,0.2,2999.9999130737756,276.2544576992934,1999.9999130737756,-723.7455423007066
1000.0,0.2,2999.9999201566634,285.6960658748926,1999.9999201566634,-714.3039341251074
1000.0,0.2,2999.9999189578557,285.1595953616931,1999.9999189578557,-714.8404046383068
1000.0,0.2,1361.2230342409832,280.5140315155254,361.2230342409832,-719.4859684844746
1000.0,0.2,474.3179785535127,277.3869616791498,-525.6820214464873,-722.6130383208501
1000.0,0.2,735.7639278364602,277.7339828583516,-264.2360721635398,-722.2660171416484
1000.0,0.2,1316.4233062815786,279.1382116610936,316.42330628157856,-720.8617883389064
1000.0,0.2,574.2460059225014,270.9803035098314,-425.75399407749865,-729.0196964901686
1000.0,0.2,2999.9999104395765,276.87768108261764,1999.9999104395765,-723.1223189173824
1000.0,0.2,862.8384025320645,287.02326185192265,-137.1615974679355,-712.9767381480774
1000.0,0.2,334.8924028309157,273.3353847533667,-665.1075971690843,-726.6646152466333
1000.0,0.2,399.3689928839614,267.6490031185399,-600.6310071160385,-732.3509968814601
1000.0,0.2,2999.999922522983,278.2964308375146,1999.999922522983,-721.7035691624853
1000.0,0.4,2999.9999105219417,514.5836948380487,1999.9999105219417,-485.4163051619513
1000.0,0.4,2999.9999117717857,520.8255056891512,1999.9999117717857,-479.1744943108488
1000.0,0.4,687.3064038710465,495.255781101955,-312.69359612895346,-504.744218898045
1000.0,0.4,588.0465139935216,490.24179299082647,-411.95348600647844,-509.75820700917353
1000.0,0.4,2999.9999113941453,525.5280556630471,1999.9999113941453,-474.4719443369529
1000.0,0.4,703.3698250064292,499.6503139667914,-296.6301749935708,-500.3496860332086
1000.0,0.4,663.6359099652378,496.92774338034275,-336.36409003476217,-503.07225661965725
1000.0,0.4,492.3662199010274,468.6027740290283,-507.6337800989726,-531.3972259709717
1000.0,0.4,2999.999911896086,527.1264649371628,1999.999911896086,-472.87353506283716
1000.0,0.4,1110.5853261848445,503.64649158877677,110.58532618484446,-496.35350841122323
1000.0,0.4,786.7876163675597,502.7367122429047,-213.21238363244026,-497.2632877570953
1000.0,0.4,2999.999913467991,520.8043137414425,1999.999913467991,-479.19568625855754
1000.0,0.4,739.1985321494512,498.47482667701325,-260.80146785054876,-501.52517332298675
1000.0,0.4,835.01138441922,503.57130921393576,-164.98861558078,-496.42869078606424
1000.0,0.4,956.0280436062792,503.2944498103152,-43.9719563937208,-496.7055501896848
1000.0,0.4,949.6335454214684,503.0916684516272,-50.3664545785316,-496.9083315483728
1000.0,0.4,751.5062087263792,505.77530663579057,-248.4937912736208,-494.22469336420943
1000.0,0.4,2999.9999104395765,508.7487993710136,1999.9999104395765,-491.2512006289864
1000.0,0.4,2999.9999125864824,514.6781448020812,1999.9999125864824,-485.3218551979188
1000.0,0.4,907.2656911706389,501.4894687638715,-92.73430882936111,-498.5105312361285
1000.0,0.4,533.1189043248361,478.27481016740376,-466.8810956751639,-521.7251898325962
1000.0,0.4,2999.9999147751414,515.4965234166147,1999.9999147751414,-484.50347658338535
1000.0,0.4,643.6732087055168,492.2817384296553,-356.3267912944832,-507.7182615703447
1000.0,0.4,1127.9928683256921,514.8060498888099,127.99286832569214,-485.19395011119013
1000.0,0.4,983.9401278226553,516.3913520145511,-16.059872177344687,-483.6086479854489
1000.0,0.4,2999.9999104395765,509.33243761293744,1999.9999104395765,-490.66756238706256
1000.0,0.4,1970.3791441581702,514.2631952012704,970.3791441581702,-485.7368047987296
1000.0,0.4,2999.999913026438,529.536563285055,1999.9999130264382,-470.46343671494503
1000.0,0.4,566.1567058480401,490.2260881165799,-433.84329415195987,-509.7739118834201
1000.0,0.4,785.5870688519626,502.2632681774328,-214.4129311480374,-497.7367318225672
1000.0,0.4,2999.9999227564444,507.06313520175206,1999.9999227564444,-492.93686479824794
1000.0,0.4,2999.9999137775644,543.1919268179591,1999.9999137775644,-456.80807318204086
1000.0,0.4,2999.9999145112297,515.3254641349937,1999.9999145112297,-484.6745358650063
1000.0,0.4,2787.070572384783,517.4916763166658,1787.0705723847832,-482.5083236833342
1000.0,0.4,1341.7925932733172,511.9826920436441,341.79259327331715,-488.0173079563559
1000.0,0.4,1229.9791971060833,509.09930998685303,229.97919710608335,-490.90069001314697
1000.0,0.4,2999.9999135386747,503.3537969759046,1999.9999135386747,-496.6462030240954
1000.0,0.4,644.6490545678524,500.83509852403233,-355.35094543214757,-499.16490147596767
1000.0,0.4,667.8125595198599,494.43844604717185,-332.18744048014014,-505.56155395282815
1000.0,0.4,546.3736211616408,479.9378909936445,-453.6263788383592,-520.0621090063555
1000.0,0.4,2999.999913559452,513.4547437141383,1999.9999135594521,-486.5452562858617
1000.0,0.4,606.307174904915,491.2865467720778,-393.692825095085,-508.7134532279222
1000.0,0.4,817.2399511915246,504.5310134605752,-182.7600488084754,-495.4689865394248
1000.0,0.4,556.641362891551,481.19991215212065,-443.358637108449,-518.8000878478794
1000.0,0.4,585.0547618670026,486.3522576682328,-414.94523813299736,-513.6477423317672
1000.0,0.4,2999.9999104395765,517.1892718631947,1999.9999104395765,-482.8107281368053
1000.0,0.4,2999.9999104395765,524.616420498864,1999.9999104395765,-475.38357950113596
1000.0,0.4,911.3914786439102,507.2171818365732,-88.6085213560898,-492.7828181634268
1000.0,0.4,1000.721154968957,503.1996822080683,0.7211549689569665,-496.8003177919317
1000.0,0.4,741.5560168049046,500.5423395148699,-258.44398319509537,-499.4576604851301
1000.0,0.4,1013.3029422247821,511.05552843570587,13.3029422247821,-488.94447156429413
1000.0,0.4,738.3523511089977,497.30343945496816,-261.6476488910023,-502.69656054503184
1000.0,0.4,524.6350014456926,474.6090021961931,-475.36499855430736,-525.3909978038068
1000.0,0.4,797.2023226506644,499.56129251759785,-202.79767734933557,-500.43870748240215
1000.0,0.4,530.909646058228,476.6846519594024,-469.09035394177204,-523.3153480405977
1000.0,0.4,1628.5629933851637,510.73709710514174,628.5629933851637,-489.26290289485826
1000.0,0.4,2999.9999146286577,521.2253053347438,1999.9999146286577,-478.7746946652562
1000.0,0.4,722.35972318208,499.0753293306355,-277.64027681792004,-500.9246706693645
1000.0,0.4,586.1379657462836,493.2510495418211,-413.8620342537164,-506.7489504581789
1000.0,0.4,861.5454211456007,497.16074642849895,-138.4545788543993,-502.83925357150105
1000.0,0.4,1204.831863180391,516.341132465646,204.8318631803911,-483.65886753435404
1000.0,0.4,2999.9999112047617,523.3170522897279,1999.9999112047617,-476.68294771027206
1000.0,0.4,2999.9999104395765,519.5319808365502,1999.9999104395765,-480.46801916344975
1000.0,0.4,2999.9999104395765,522.471198579427,1999.9999104395765,-477.528801420573
1000.0,0.4,579.9491057202428,489.02397514593486,-420.05089427975724,-510.97602485406514
1000.0,0.4,983.5634318154362,502.99108456512334,-16.43656818456384,-497.00891543487666
1000.0,0.4,2999.999916970827,516.9320842879166,1999.9999169708271,-483.0679157120834
1000.0,0.4,625.2714697919496,498.12633969066724,-374.7285302080504,-501.87366030933276
1000.0,0.4,2999.9999364602354,507.58667379575337,1999.9999364602354,-492.41332620424663
1000.0,0.4,860.3803634895036,503.984525976987,-139.61963651049643,-496.015474023013
1000.0,0.4,644.4830248106433,497.9231067211373,-355.5169751893567,-502.0768932788627
1000.0,0.4,706.242018372728,507.6606281147494,-293.757981627272,-492.3393718852506
1000.0,0.4,684.1393293216429,491.0582585036868,-315.8606706783571,-508.9417414963132
1000.0,0.4,703.6205638152214,498.64789971778947,-296.37943618477857,-501.35210028221053
1000.0,0.4,2226.1420536757096,509.9144517868054,1226.1420536757096,-490.0855482131946
1000.0,0.4,634.900677563678,493.50035729272315,-365.09932243632204,-506.49964270727685
1000.0,0.4,1417.8585506499874,516.543934260239,417.85855064998736,-483.456065739761
1000.0,0.4,2999.9999117787693,532.504262412235,1999.9999117787693,-467.495737587765
1000.0,0.4,830.307533232704,504.058392737997,-169.69246676729597,-495.941607262003
1000.0,0.4,2999.9999104395765,509.8763937512622,1999.9999104395765,-490.1236062487378
1000.0,0.4,2999.9999104395765,514.2375835481025,1999.9999104395765,-485.7624164518975
1000.0,0.4,2999.999915877009,503.22802895688585,1999.9999158770088,-496.77197104311415
1000.0,0.4,1058.3478019981649,507.62159656883824,58.34780199816487,-492.37840343116176
1000.0,0.4,559.8147557905035,490.1786628998231,-440.18524420949655,-509.8213371001769
1000.0,0.4,2999.9999142141537,530.98813673101,1999.9999142141537,-469.01186326899006
1000.0,0.4,2999.9999132102794,515.5748710816064,1999.9999132102794,-484.4251289183936
1000.0,0.4,941.2446077129853,505.56443064061176,-58.75539228701473,-494.43556935938824
1000.0,0.4,2999.999910572714,521.1080268670312,1999.9999105727138,-478.8919731329688
1000.0,0.4,819.094002924032,498.3297276687572,-180.905997075968,-501.6702723312428
1000.0,0.4,830.3736358718661,501.1177287221634,-169.6263641281339,-498.8822712778366
1000.0,0.4,758.9375040244786,502.1755431900979,-241.06249597552141,-497.8244568099021
1000.0,0.4,2999.9999162386985,530.4973248282346,1999.9999162386985,-469.5026751717654
1000.0,0.4,2999.9999160954253,531.5825165842641,1999.9999160954253,-468.4174834157359
1000.0,0.4,1778.6229959881916,508.28190892282925,778.6229959881916,-491.71809107717075
1000.0,0.4,644.5208063337636,492.8128579759457,-355.47919366623637,-507.1871420240543
1000.0,0.4,1034.687967351584,513.1921009493619,34.68796735158389,-486.80789905063807
1000.0,0.4,717.1829296771621,500.4039045010136,-282.81707032283794,-499.5960954989864
1000.0,0.4,2999.9999104395765,519.6208886853033,1999.9999104395765,-480.37911131469673
1000.0,0.4,590.5414248040894,485.26650984758334,-409.4585751959106,-514.7334901524166
1000.0,0.4,2999.999914306068,526.38881698178,1999.9999143060681,-473.61118301822
1000.0,0.4,542.3143563991881,481.953879545466,-457.6856436008119,-518.046120454534
1000.0,0.4,2999.9999104395765,504.09079239588425,1999.9999104395765,-495.90920760411575
1000.0,0.4,618.7756566136356,492.7365917290192,-381.22434338636435,-507.2634082709808
1000.0,0.4,666.8629535682303,495.83133799388884,-333.1370464317697,-504.16866200611116
1000.0,0.4,526.8270465308918,473.7266715126396,-473.17295346910817,-526.2733284873605
1000.0,0.4,2999.9999111686166,525.3691164966123,1999.9999111686166,-474.63088350338774
1000.0,0.4,2999.9999159266094,515.0212473761859,1999.9999159266094,-484.9787526238141
1000.0,0.4,2812.277812086121,518.2204476118985,1812.2778120861208,-481.7795523881015
1000.0,0.4,2999.9999104395765,518.8488901148381,1999.9999104395765,-481.1511098851619
1000.0,0.4,582.8167029699006,491.08833394327814,-417.1832970300994,-508.91166605672186
1000.0,0.4,2999.9999104395765,518.8761128101851,1999.9999104395765,-481.1238871898149
1000.0,0.4,2999.999914050749,518.5508926125948,1999.9999140507489,-481.4491073874052
1000.0,0.4,760.1736270958149,498.96746953912924,-239.82637290418506,-501.03253046087076
1000.0,0.4,2999.9999152477626,540.0967234773424,1999.9999152477626,-459.9032765226576
1000.0,0.4,2999.999918021962,514.9999290020206,1999.999918021962,-485.0000709979794
1000.0,0.4,590.981903984573,487.7024207409417,-409.018096015427,-512.2975792590582
1000.0,0.4,701.3146177241772,499.37500128076425,-298.6853822758228,-500.62499871923575
1000.0,0.4,2999.9999155655496,511.0198026207105,1999.9999155655496,-488.9801973792895
1000.0,0.4,2999.999917549245,521.0174465880901,1999.9999175492449,-478.98255341190986
1000.0,0.4,2999.999924571418,520.8462627041351,1999.999924571418,-479.15373729586486
1000.0,0.4,765.869517655724,507.17259478901343,-234.13048234427595,-492.82740521098657
1000.0,0.4,1015.7290654139961,509.86201528980246,15.729065413996068,-490.13798471019754
1000.0,0.4,1526.4132860499224,511.200371266383,526.4132860499224,-488.799628733617
1000.0,0.4,992.6240856307887,510.9861762102564,-7.375914369211273,-489.0138237897436
1000.0,0.4,1171.6110109144834,502.66867451456613,171.61101091448336,-497.33132548543387
1000.0,0.4,513.3494650631769,470.51752464818225,-486.6505349368231,-529.4824753518178
1000.0,0.4,2429.5558842020346,510.03797743514684,1429.5558842020346,-489.96202256485316
1000.0,0.4,688.3834336175753,499.21177007340805,-311.6165663824247,-500.78822992659195
1000.0,0.4,676.7330065373113,495.63454529789595,-323.2669934626887,-504.36545470210405
1000.0,0.4,731.8657599182425,504.26245449314393,-268.1342400817575,-495.73754550685607
1000.0,0.4,2999.999911281384,523.8951548609443,1999.999911281384,-476.10484513905567
1000.0,0.4,624.401092618855,492.45459966901905,-375.59890738114495,-507.54540033098095
1000.0,0.4,2999.9999104395765,520.8044236787899,1999.9999104395765,-479.19557632121007
1000.0,0.4,2999.9999104395765,517.0349422137873,1999.9999104395765,-482.9650577862127
1000.0,0.4,815.2288730820244,499.4848668963324,-184.7711269179756,-500.5151331036676
1000.0,0.4,2999.9999104395765,515.330742409766,1999.9999104395765,-484.669257590234
1000.0,0.4,2999.99991050596,523.3354869411701,1999.99991050596,-476.6645130588299
1000.0,0.4,1219.9516411935604,508.5402659297827,219.95164119356036,-491.4597340702173
1000.0,0.4,723.7176556959331,499.96006747622033,-276.2823443040669,-500.03993252377967
1000.0,0.4,830.5345918004306,507.33516212919983,-169.46540819956942,-492.66483787080017
1000.0,0.4,868.9416453816482,506.7978475123125,-131.0583546183518,-493.2021524876875
1000.0,0.4,963.2297373781107,505.82207436579563,-36.77026262188929,-494.17792563420437
1000.0,0.4,613.5938680791097,487.1382816712521,-386.4061319208903,-512.8617183287479
1000.0,0.4,2999.9999104395765,522.4974522540363,1999.9999104395765,-477.50254774596374
1000.0,0.4,570.8004773158239,488.8340316841487,-429.19952268417615,-511.1659683158513
1000.0,0.4,554.3436595269166,483.32053554631074,-445.65634047308345,-516.6794644536892
1000.0,0.4,936.4348565260162,502.2798293257501,-63.56514347398377,-497.7201706742499
1000.0,0.4,2999.9999104395765,509.07419855646134,1999.9999104395765,-490.92580144353866
1000.0,0.4,847.1059341009617,494.54158662761154,-152.8940658990383,-505.45841337238846
1000.0,0.4,2999.9999104395765,509.71961201587465,1999.9999104395765,-490.28038798412535
1000.0,0.4,2388.28509661325,511.1813697727829,1388.28509661325,-488.8186302272171
1000.0,0.4,1205.7932587735206,509.6425201586871,205.79325877352062,-490.3574798413129
1000.0,0.4,2999.9999194094935,518.7673529055063,1999.9999194094935,-481.2326470944937
1000.0,0.4,571.9912731364094,485.9009496113735,-428.0087268635906,-514.0990503886264
1000.0,0.4,960.4564115472537,505.0189200233815,-39.54358845274635,-494.9810799766185
1000.0,0.4,697.782913732525,505.34710582909935,-302.217086267475,-494.65289417090065
1000.0,0.4,661.1651167680507,494.33992221235656,-338.83488323194933,-505.66007778764344
1000.0,0.4,792.1650571457601,495.5144622582781,-207.8349428542399,-504.4855377417219
1000.0,0.4,2999.9999104395765,515.9010945091632,1999.9999104395765,-484.09890549083684
1000.0,0.4,956.6559639563735,502.30750499615334,-43.34403604362649,-497.69249500384666
1000.0,0.4,1108.6058536131188,505.4936817207755,108.60585361311882,-494.5063182792245
1000.0,0.4,1080.7505078544839,510.51409291501074,80.75050785448389,-489.48590708498926
1000.0,0.4,1959.75359927259,509.2547758325806,959.75359927259,-490.7452241674194
1000.0,0.4,1079.311104724066,504.5155505567153,79.3111047240659,-495.4844494432847
1000.0,0.4,2999.9999104395765,522.3535527326208,1999.9999104395765,-477.64644726737924
1000.0,0.4,2999.999905507106,521.474506005354,1999.9999055071062,-478.525493994646
1000.0,0.4,2999.9999104395765,513.2600452999927,1999.9999104395765,-486.7399547000073
1000.0,0.4,2999.9999104395765,515.9515859695922,1999.9999104395765,-484.0484140304078
1000.0,0.4,863.6360014884619,513.2973695862989,-136.36399851153806,-486.70263041370106
1000.0,0.4,886.680823328379,500.2359469088453,-113.319176671621,-499.7640530911547
1000.0,0.4,2999.9999104395765,510.0994093697573,1999.9999104395765,-489.9005906302427
1000.0,0.4,556.3087857546449,485.3263163406845,-443.6912142453551,-514.6736836593154
1000.0,0.4,987.4190247911417,512.1262193581271,-12.580975208858263,-487.87378064187294
1000.0,0.4,908.858165026481,502.9790680643127,-91.14183497351905,-497.0209319356873
1000.0,0.4,1296.8843222970827,513.4643908685977,296.8843222970827,-486.53560913140234
1000.0,0.4,675.1177634757275,487.604227282607,-324.88223652427246,-512.395772717393
1000.0,0.4,787.4693669928231,498.5739399818461,-212.5306330071769,-501.4260600181539
1000.0,0.4,2999.9999115943792,534.7214728390733,1999.9999115943792,-465.2785271609267
1000.0,0.4,758.7080400184399,506.34297701773426,-241.29195998156013,-493.65702298226574
1000.0,0.4,549.0967210811698,479.75111136465307,-450.9032789188302,-520.2488886353469
1000.0,0.4,2187.166340674818,511.3771375939067,1187.166340674818,-488.6228624060933
1000.0,0.4,1951.9034217364551,505.30112092178257,951.9034217364551,-494.69887907821743
1000.0,0.4,1097.6477956383476,515.0376787099387,97.64779563834759,-484.96232129006125
1000.0,0.4,654.7331889475445,492.7339294407995,-345.2668110524555,-507.2660705592005
1000.0,0.4,962.5818579345399,497.87056941592385,-37.418142065460074,-502.12943058407615
1000.0,0.4,778.131303660783,507.4247009113453,-221.86869633921697,-492.5752990886547
1000.0,0.4,665.8105232051732,492.0450057826716,-334.18947679482676,-507.9549942173284
1000.0,0.4,924.9392863880097,507.8553510489857,-75.06071361199031,-492.1446489510143
1000.0,0.4,2999.9999134753853,516.0376009450039,1999.9999134753853,-483.9623990549961
1000.0,0.4,2999.9999242577705,512.2427391742004,1999.9999242577705,-487.75726082579956
1000.0,0.4,2999.999913830059,515.8319008585648,1999.999913830059,-484.16809914143516
1000.0,0.4,1273.388545795795,509.06571072784175,273.3885457957949,-490.93428927215825
1000.0,0.4,1119.008831158922,509.98926791796123,119.00883115892202,-490.01073208203877
1000.0,0.4,2999.9999114342536,529.6581813654757,1999.9999114342536,-470.3418186345243
1000.0,0.4,727.5339487383826,502.45970787797563,-272.4660512616174,-497.54029212202437
1000.0,0.4,634.4138413428682,486.0123994018965,-365.5861586571318,-513.9876005981034
1000.0,0.4,1334.6515415602814,516.6892264279231,334.65154156028143,-483.31077357207687
1000.0,0.4,716.779417434421,497.18270098890935,-283.220582565579,-502.81729901109065
1000.0,0.4,1350.8825726025966,514.1083727305248,350.8825726025966,-485.8916272694752
1000.0,0.4,2999.9999104395765,519.747187733944,1999.9999104395765,-480.252812266056
1000.0,0.4,643.3791301803253,495.49877969445566,-356.6208698196747,-504.50122030554434
1000.0,0.4,699.5426535574435,501.4157861506937,-300.4573464425565,-498.5842138493063
1000.0,0.4,1149.6264483245986,507.18121792809677,149.62644832459864,-492.81878207190323
1000.0,0.4,1098.1610953041898,517.0531011237115,98.16109530418976,-482.9468988762885
1000.0,0.4,2999.999912575816,518.1783251449261,1999.9999125758159,-481.82167485507387
1000.0,0.4,2999.9999104395765,508.53870620085996,1999.9999104395765,-491.46129379914004
1000.0,0.4,2999.9999145575907,543.2937442235075,1999.9999145575907,-456.7062557764925
1000.0,0.4,862.1258583607214,501.93513656861796,-137.8741416392786,-498.06486343138204
1000.0,0.4,859.7624879773845,502.42278655894773,-140.23751202261553,-497.57721344105227
1000.0,0.4,2999.999911630498,510.97679374643366,1999.999911630498,-489.02320625356634
1000.0,0.4,761.7046392167272,507.9507555632573,-238.29536078327283,-492.0492444367427
1000.0,0.4,2999.99991178268,524.9579434496645,1999.99991178268,-475.0420565503355
1000.0,0.4,1096.9061927736761,514.7797762661402,96.90619277367614,-485.2202237338598
1000.0,0.4,931.820630110572,499.54041585595206,-68.17936988942802,-500.45958414404794
1000.0,0.4,641.1976966490568,501.10618896217136,-358.80230335094325,-498.89381103782864
1000.0,0.4,986.2043864181716,506.10237489392097,-13.795613581828434,-493.89762510607903
1000.0,0.4,1701.501089261395,519.4835003921924,701.501089261395,-480.51649960780765
1000.0,0.4,2999.9999104395765,515.2964996706567,1999.9999104395765,-484.70350032934334
1000.0,0.4,719.4228272682063,496.55907706403275,-280.57717273179367,-503.44092293596725
1000.0,0.4,866.1548547412012,495.2060130456715,-133.84514525879877,-504.7939869543285
1000.0,0.4,588.4498925640556,484.15471568243083,-411.55010743594437,-515.8452843175692
1000.0,0.4,2999.9999191496895,496.8642872889961,1999.9999191496895,-503.1357127110039
1000.0,0.4,648.6700205687005,495.992569046544,-351.32997943129953,-504.007430953456
1000.0,0.4,2999.9999131131417,516.6966272300526,1999.9999131131417,-483.3033727699474
1000.0,0.4,634.0913901910815,490.98245531034706,-365.9086098089185,-509.01754468965294
1000.0,0.4,2117.4389819311864,504.3489948016422,1117.4389819311864,-495.6510051983578
1000.0,0.4,610.1721091664663,490.03325319685206,-389.82789083353373,-509.96674680314794
1000.0,0.4,987.7556065013357,509.72526614997093,-12.244393498664294,-490.27473385002907
1000.0,0.4,1420.4404257286983,511.9281471961671,420.4404257286983,-488.0718528038329
1000.0,0.4,1231.1880675279954,511.94090904312293,231.18806752799537,-488.05909095687707
1000.0,0.4,475.6916641589002,458.2463593210528,-524.3083358410997,-541.7536406789472
1000.0,0.4,686.5858256402804,496.7736207512671,-313.4141743597196,-503.2263792487329
1000.0,0.4,2999.9999117348298,506.3418900648156,1999.9999117348298,-493.6581099351844
1000.0,0.4,634.1221887893249,495.7606214300403,-365.8778112106751,-504.2393785699597
1000.0,0.4,742.6514913946398,502.2591776480555,-257.34850860536017,-497.7408223519445
1000.0,0.4,670.1324759047862,491.7960048773882,-329.86752409521375,-508.2039951226118
1000.0,0.4,793.4553828685348,516.4305032919427,-206.5446171314652,-483.5694967080573
1000.0,0.4,961.7401959290415,503.31545754375975,-38.25980407095847,-496.68454245624025
1000.0,0.4,2999.9999196858353,512.4782386886206,1999.9999196858353,-487.52176131137935
1000.0,0.4,1417.8372723177708,508.9182960678737,417.83727231777084,-491.0817039321263
1000.0,0.4,904.4389838429943,510.6253217387267,-95.56101615700572,-489.3746782612733
1000.0,0.4,2999.9999104395765,510.69378091232625,1999.9999104395765,-489.30621908767375
1000.0,0.4,1588.4044130290677,514.2562580753196,588.4044130290677,-485.7437419246804
1000.0,0.4,2999.9999135548887,520.4507926078179,1999.9999135548887,-479.5492073921821
1000.0,0.4,2999.999911941442,535.7471894700107,1999.999911941442,-464.25281052998935
1000.0,0.4,660.4449183249599,496.3304636208631,-339.5550816750401,-503.6695363791369
1000.0,0.4,1664.474922187795,510.70537551819945,664.4749221877951,-489.29462448180055
1000.0,0.4,2491.7453977275864,513.8731606131435,1491.7453977275864,-486.12683938685655
1000.0,0.4,680.7429111908478,498.1624327372627,-319.25708880915215,-501.8375672627373
1000.0,0.4,2999.9999104395765,506.060725605226,1999.9999104395765,-493.939274394774
1000.0,0.4,2999.9999436368453,503.1765499713817,1999.9999436368453,-496.8234500286183
1000.0,0.4,662.2250226485066,493.9423984969778,-337.77497735149336,-506.0576015030222
1000.0,0.4,2999.999912441349,514.113299349692,1999.999912441349,-485.88670065030794
1000.0,0.4,718.8280426755151,497.8199906422149,-281.1719573244849,-502.1800093577851
1000.0,0.4,2999.9999104395765,512.005599801802,1999.9999104395765,-487.99440019819804
1000.0,0.4,581.465849823099,482.0605561874189,-418.534150176901,-517.9394438125811
1000.0,0.4,611.6853395062697,487.9257070225173,-388.31466049373034,-512.0742929774826
1000.0,0.4,891.3742734938769,494.31516270399106,-108.6257265061231,-505.68483729600894
1000.0,0.4,764.7696850399648,498.0292191953563,-235.23031496003523,-501.9707808046437
1000.0,0.4,2999.9999104395765,512.9469058857466,1999.9999104395765,-487.05309411425344
1000.0,0.4,741.1419877937676,500.5681064138715,-258.8580122062324,-499.4318935861285
1000.0,0.4,2999.9999111540455,519.4094929981158,1999.9999111540455,-480.59050700188425
1000.0,0.4,523.596512614172,476.7146732491029,-476.40348738582804,-523.2853267508972
1000.0,0.4,2999.99991075341,521.2117555322005,1999.99991075341,-478.7882444677995
1000.0,0.4,951.3242340948768,509.342668627757,-48.67576590512317,-490.657331372243
1000.0,0.4,987.261893962881,499.7918126679994,-12.738106037118996,-500.2081873320006
1000.0,0.4,2999.9999155390265,531.9157620635895,1999.9999155390265,-468.08423793641055
1000.0,0.4,566.089431600586,486.18737833637425,-433.91056839941405,-513.8126216636258
1000.0,0.4,612.74291300314,489.22162186520086,-387.25708699686004,-510.77837813479914
1000.0,0.4,874.0128964432905,500.1061754000402,-125.98710355670949,-499.8938245999598
1000.0,0.4,2999.999915251558,520.1721798222618,1999.999915251558,-479.8278201777382
1000.0,0.4,2999.9999104395765,520.2344653905901,1999.9999104395765,-479.7655346094099
1000.0,0.4,2999.999916499648,504.28024951815524,1999.999916499648,-495.71975048184476
1000.0,0.4,2999.9999104395765,528.4559356640773,1999.9999104395765,-471.5440643359227
1000.0,0.4,2999.999911134233,520.514381506461,1999.9999111342331,-479.48561849353905
1000.0,0.4,2999.9999104395765,511.0093820283308,1999.9999104395765,-488.9906179716692
1000.0,0.4,2999.999913345048,522.5074731737574,1999.9999133450478,-477.4925268262426
1000.0,0.4,868.761734198838,512.308281151081,-131.23826580116202,-487.691718848919
1000.0,0.4,2999.9999104395765,500.0924197544588,1999.9999104395765,-499.9075802455412
1000.0,0.4,1294.9558912256366,505.78292158961887,294.9558912256366,-494.21707841038113
1000.0,0.4,1261.373932293282,505.91420876896694,261.373932293282,-494.08579123103306
1000.0,0.4,690.9299477759083,493.43511943838826,-309.0700522240917,-506.56488056161174
1000.0,0.4,2999.9999273395365,505.8729369461439,1999.9999273395365,-494.1270630538561
1000.0,0.4,1073.7173974389423,516.1346384648585,73.71739743894227,-483.86536153514146
1000.0,0.4,2999.9999104395765,519.2553136151141,1999.9999104395765,-480.7446863848859
1000.0,0.4,554.7120100222295,485.1216576084026,-445.2879899777705,-514.8783423915975
1000.0,0.4,2999.999914647383,509.75209735342673,1999.9999146473829,-490.24790264657327
1000.0,0.4,634.0081800734816,487.91932683333715,-365.99181992651836,-512.0806731666628
1000.0,0.4,713.2674687721269,497.3682244063652,-286.7325312278731,-502.6317755936348
1000.0,0.4,659.9265897389573,493.5983140545178,-340.0734102610427,-506.4016859454822
1000.0,0.4,799.5824937242505,504.81882682888227,-200.41750627574947,-495.18117317111773
1000.0,0.4,621.5854011595086,489.16114488428735,-378.4145988404914,-510.83885511571265
1000.0,0.4,2999.9999104395765,509.08044382532853,1999.9999104395765,-490.91955617467147
1000.0,0.4,2999.9999110571866,518.6876049038164,1999.9999110571866,-481.31239509618365
1000.0,0.4,595.8756528924628,489.23133759623875,-404.12434710753723,-510.76866240376125
1000.0,0.4,746.3793020278976,500.5490997104781,-253.62069797210245,-499.4509002895219
1000.0,0.4,2999.9999168579957,523.7822423642554,1999.9999168579957,-476.21775763574465
1000.0,0.4,1570.5697839872585,514.4120223324873,570.5697839872585,-485.58797766751275
1000.0,0.4,977.4293182749353,506.0690535322074,-22.570681725064674,-493.9309464677926
1000.0,0.4,686.1861583387197,497.39735915056434,-313.8138416612803,-502.60264084943566
1000.0,0.6,681.9044708806341,664.2203974018646,-318.0955291193659,-335.7796025981354
1000.0,0.6,1753.1882978118492,735.6086482692839,753.1882978118492,-264.3913517307161
1000.0,0.6,795.3397404448197,699.2454774977989,-204.66025955518035,-300.7545225022011
1000.0,0.6,1186.9333689002585,732.3305667495464,186.93336890025853,-267.6694332504536
1000.0,0.6,1103.5048334138928,725.6983927136698,103.50483341389281,-274.3016072863302
1000.0,0.6,830.0017911278334,703.6731996424351,-169.99820887216663,-296.32680035756493
1000.0,0.6,774.7608767147622,696.5818927209796,-225.23912328523784,-303.41810727902043
1000.0,0.6,966.9339678079684,719.9206564231199,-33.06603219203157,-280.0793435768801
1000.0,0.6,711.7671857261239,674.0528596923751,-288.2328142738761,-325.94714030762486
1000.0,0.6,2999.9999104395765,750.5836233942812,1999.9999104395765,-249.41637660571882
1000.0,0.6,805.7224349905167,700.7847597565003,-194.27756500948328,-299.2152402434997
1000.0,0.6,858.5956019238511,704.183884009533,-141.40439807614894,-295.816115990467
1000.0,0.6,2999.9999104395765,741.977147033352,1999.9999104395765,-258.022852966648
1000.0,0.6,2999.9999104395765,749.7788672034326,1999.9999104395765,-250.22113279656742
1000.0,0.6,962.9571225324117,715.9733414571281,-37.042877467588255,-284.0266585428719
1000.0,0.6,1095.8737462041397,727.6972805288195,95.8737462041397,-272.30271947118047
1000.0,0.6,1032.6988024514014,733.2451376690819,32.698802451401434,-266.75486233091806
1000.0,0.6,1013.4318708802334,717.6088049347138,13.431870880233419,-282.3911950652862
1000.0,0.6,746.421926525784,689.2718477449699,-253.578073474216,-310.72815225503007
1000.0,0.6,1754.545821156139,728.2824403445446,754.545821156139,-271.7175596554554
1000.0,0.6,1076.1090290287104,722.2014499380701,76.10902902871044,-277.79855006192986
1000.0,0.6,1433.221730113725,726.8781440592406,433.221730113725,-273.12185594075936
1000.0,0.6,932.7385817158616,720.2220838936889,-67.26141828413836,-279.77791610631107
1000.0,0.6,951.0378878799324,715.554235319865,-48.96211212006756,-284.44576468013497
1000.0,0.6,750.7769018206274,687.2216234716531,-249.22309817937264,-312.77837652834694
1000.0,0.6,877.4690063649393,713.0599005005868,-122.53099363506067,-286.94009949941324
1000.0,0.6,888.9768623051913,711.7525630105355,-111.02313769480872,-288.2474369894645
1000.0,0.6,668.7174728122292,654.6915088050215,-331.2825271877708,-345.3084911949785
1000.0,0.6,2999.9999104395765,740.5745017535742,1999.9999104395765,-259.42549824642583
1000.0,0.6,865.691007273363,714.9400206816994,-134.30899272663703,-285.05997931830063
1000.0,0.6,860.441022706947,701.1521136375891,-139.55897729305298,-298.8478863624109
1000.0,0.6,2999.9999104395765,743.3692532331319,1999.9999104395765,-256.6307467668681
1000.0,0.6,648.6456639345427,642.8565750757951,-351.35433606545735,-357.14342492420485
1000.0,0.6,1206.433074247121,730.1910146672344,206.4330742471211,-269.8089853327656
1000.0,0.6,1043.2697429170053,723.6656996147292,43.26974291700526,-276.3343003852708
1000.0,0.6,1512.6678383491546,733.4522909619224,512.6678383491546,-266.54770903807764
1000.0,0.6,2999.9999447350056,743.7589381915784,1999.9999447350056,-256.2410618084216
1000.0,0.6,796.8511196030753,698.7510308135663,-203.1488803969247,-301.24896918643367
1000.0,0.6,2999.999905174049,732.7974829866736,1999.9999051740492,-267.2025170133264
1000.0,0.6,959.6846828695055,718.716749700285,-40.31531713049446,-281.28325029971495
1000.0,0.6,2999.9999104395765,739.8308343772821,1999.9999104395765,-260.16916562271786
1000.0,0.6,2999.9999104395765,717.0874343610889,1999.9999104395765,-282.91256563891113
1000.0,0.6,746.4138856351486,687.9962802871042,-253.58611436485137,-312.00371971289576
1000.0,0.6,2999.9999104395765,750.2525951082649,1999.9999104395765,-249.74740489173507
1000.0,0.6,816.1009985054479,705.8755871760593,-183.89900149455207,-294.1244128239407
1000.0,0.6,780.3862602105075,695.0699895014172,-219.61373978949246,-304.93001049858276
1000.0,0.6,2218.6241623045526,740.2069125911779,1218.6241623045526,-259.7930874088221
1000.0,0.6,928.6469700360152,719.0722107549583,-71.3530299639848,-280.9277892450417
1000.0,0.6,720.4873012173912,682.3528242713493,-279.5126987826088,-317.6471757286507
1000.0,0.6,2999.9999104395765,724.1072191382722,1999.9999104395765,-275.89278086172783
1000.0,0.6,825.3394328984399,709.8618280810657,-174.6605671015601,-290.1381719189343
1000.0,0.6,1052.6889013425553,720.3936733686418,52.688901342555255,-279.60632663135823
1000.0,0.6,2999.9999458429143,738.5634177461392,1999.9999458429143,-261.4365822538608
1000.0,0.6,1951.0334733331815,748.0920028903656,951.0334733331815,-251.90799710963438
1000.0,0.6,2531.4963849137166,732.838762518191,1531.4963849137166,-267.16123748180905
1000.0,0.6,722.976631902374,680.3725212248469,-277.02336809762596,-319.6274787751531
1000.0,0.6,731.1595495558852,690.5913898573838,-268.8404504441148,-309.4086101426162
1000.0,0.6,726.6185664855005,684.5285267318764,-273.38143351449946,-315.47147326812365
1000.0,0.6,2999.9999160585326,743.3266368979932,1999.9999160585326,-256.67336310200676
1000.0,0.6,2999.9999104395765,743.0810912068631,1999.9999104395765,-256.9189087931369
1000.0,0.6,1285.5607372742068,730.1362268959632,285.56073727420676,-269.8637731040368
1000.0,0.6,864.5099210798546,714.176073451269,-135.49007892014538,-285.82392654873104
1000.0,0.6,2999.9999104395765,736.9299620431844,1999.9999104395765,-263.07003795681555
1000.0,0.6,715.1994832270814,678.6977194817149,-284.8005167729186,-321.3022805182851
1000.0,0.6,898.7921523766786,712.0608722019799,-101.20784762332141,-287.9391277980201
1000.0,0.6,2999.9999104395765,754.5754171861387,1999.9999104395765,-245.42458281386132
1000.0,0.6,1138.705217572583,726.6586026508776,138.70521757258302,-273.3413973491224
1000.0,0.6,895.5163619715288,716.6310872054881,-104.4836380284712,-283.36891279451186
1000.0,0.6,787.3970657878521,694.4974115195107,-212.60293421214794,-305.5025884804893
1000.0,0.6,681.6250399050879,663.1366018256832,-318.3749600949121,-336.8633981743168
1000.0,0.6,838.4104370108354,703.4839171661437,-161.58956298916462,-296.51608283385633
1000.0,0.6,713.6611207463432,681.2047317199558,-286.33887925365684,-318.7952682800442
1000.0,0.6,2999.999910282252,742.9124870605328,1999.9999102822521,-257.08751293946716
1000.0,0.6,1350.3497262004905,732.0354371995967,350.3497262004905,-267.9645628004033
1000.0,0.6,861.5801488684513,709.2609357078774,-138.41985113154874,-290.73906429212263
1000.0,0.6,2999.9999104395765,726.1404988693577,1999.9999104395765,-273.85950113064234
1000.0,0.6,1364.3971921758266,740.9256456754213,364.3971921758266,-259.07435432457874
1000.0,0.6,1308.2418974711559,725.7177605351285,308.2418974711559,-274.2822394648715
1000.0,0.6,837.7322753550828,705.9465414396129,-162.26772464491717,-294.05345856038707
1000.0,0.6,2046.2597028769715,738.2383458569512,1046.2597028769715,-261.76165414304876
1000.0,0.6,2999.9999104395765,766.3114317553404,1999.9999104395765,-233.68856824465956
1000.0,0.6,2999.9999104395765,751.5956856932909,1999.9999104395765,-248.40431430670913
1000.0,0.6,2999.9999104395765,738.033700273412,1999.9999104395765,-261.966299726588
1000.0,0.6,898.845844406905,712.9211164809233,-101.15415559309497,-287.0788835190767
1000.0,0.6,1331.3817103868855,731.8625670185588,331.3817103868855,-268.1374329814412
1000.0,0.6,1000.6729062133089,720.1798043732023,0.6729062133089201,-279.8201956267977
1000.0,0.6,890.7403085312617,706.6856506162391,-109.25969146873831,-293.31434938376094
1000.0,0.6,1456.1283990646975,722.954317864408,456.12839906469753,-277.04568213559196
1000.0,0.6,2999.9999104395765,753.3628544374976,1999.9999104395765,-246.63714556250238
1000.0,0.6,2999.9999104395765,754.5688520462777,1999.9999104395765,-245.4311479537223
1000.0,0.6,2999.9999104395765,765.9316779156545,1999.9999104395765,-234.06832208434548
1000.0,0.6,863.8309995115177,706.2985286328341,-136.1690004884823,-293.70147136716594
1000.0,0.6,1417.4121167371445,726.1894057151061,417.4121167371445,-273.8105942848939
1000.0,0.6,2999.9999104395765,743.9286800423554,1999.9999104395765,-256.0713199576446
1000.0,0.6,2999.9999104395765,725.3041406400321,1999.9999104395765,-274.6958593599679
1000.0,0.6,2999.9999104395765,752.5318138863644,1999.9999104395765,-247.46818611363562
1000.0,0.6,1105.1294819272173,723.4848637937603,105.12948192721728,-276.51513620623973
1000.0,0.6,986.8660945276125,724.4680301167614,-13.133905472387482,-275.5319698832386
1000.0,0.6,804.8182687054315,700.0955723764918,-195.18173129456852,-299.90442762350824
1000.0,0.6,996.9450967282498,713.5813123658514,-3.054903271750163,-286.41868763414857
1000.0,0.6,2095.363927067796,748.9602191414128,1095.3639270677959,-251.03978085858716
1000.0,0.6,897.4111890118419,713.3330171669533,-102.58881098815812,-286.66698283304675
1000.0,0.6,736.2598874988544,685.1652347760388,-263.74011250114563,-314.8347652239612
1000.0,0.6,2999.9999104395765,747.251608722129,1999.9999104395765,-252.74839127787095
1000.0,0.6,2999.9999104395765,749.3530891267238,1999.9999104395765,-250.64691087327617
1000.0,0.6,2999.999943020209,746.5932487332406,1999.9999430202088,-253.40675126675944
1000.0,0.6,1538.9248197046466,732.8025800084049,538.9248197046466,-267.1974199915951
1000.0,0.6,2999.9999104395765,753.1451575099877,1999.9999104395765,-246.8548424900123
1000.0,0.6,783.9316960139627,702.0972995988166,-216.06830398603734,-297.90270040118344
1000.0,0.6,741.320602575989,686.4003738877323,-258.679397424011,-313.59962611226774
1000.0,0.6,1253.343809844765,728.619190689412,253.34380984476502,-271.380809310588
1000.0,0.6,1068.209460954709,724.9348633555538,68.2094609547089,-275.06513664444617
1000.0,0.6,2999.9999104395765,728.2070222390606,1999.9999104395765,-271.7929777609394
1000.0,0.6,833.2508884941869,702.647743340008,-166.74911150581306,-297.352256659992
1000.0,0.6,2999.9999104395765,736.0517408660493,1999.9999104395765,-263.9482591339507
1000.0,0.6,889.0568673454216,711.79369696279,-110.94313265457845,-288.20630303721
1000.0,0.6,2999.9999123492044,722.1902014808941,1999.9999123492044,-277.8097985191059
1000.0,0.6,791.4825790773783,696.094760925005,-208.51742092262168,-303.90523907499505
1000.0,0.6,2999.9999104395765,746.5961890400569,1999.9999104395765,-253.40381095994314
1000.0,0.6,2999.9999104395765,735.1733704675537,1999.9999104395765,-264.8266295324463
1000.0,0.6,787.0609755260009,694.412958528581,-212.9390244739991,-305.58704147141896
1000.0,0.6,2999.9999459583432,731.9508389179917,1999.9999459583432,-268.04916108200825
1000.0,0.6,2807.531364868336,747.5255175106406,1807.531364868336,-252.4744824893594
1000.0,0.6,851.1622152508747,710.2974695199882,-148.83778474912526,-289.7025304800118
1000.0,0.6,2999.9999104395765,734.0675714850263,1999.9999104395765,-265.9324285149737
1000.0,0.6,732.3153051236922,684.9002167121404,-267.68469487630784,-315.0997832878596
1000.0,0.6,979.9452421010641,721.4455474909812,-20.054757898935918,-278.5544525090188
1000.0,0.6,1109.711696853406,728.3609295055372,109.71169685340601,-271.63907049446277
1000.0,0.6,2911.9762106414623,733.9864114563661,1911.9762106414623,-266.0135885436339
1000.0,0.6,852.2766047524301,710.0720080274888,-147.7233952475699,-289.9279919725112
1000.0,0.6,891.921125561633,719.479957367207,-108.07887443836705,-280.520042632793
1000.0,0.6,1002.9266670556096,729.7235303535648,2.9266670556096415,-270.2764696464352
1000.0,0.6,1565.7380705843752,722.7057710245019,565.7380705843752,-277.2942289754981
1000.0,0.6,2575.201695286688,728.966047518207,1575.201695286688,-271.033952481793
1000.0,0.6,731.2327463056056,681.4950766048454,-268.7672536943944,-318.5049233951546
1000.0,0.6,1302.1828327922383,734.4670007593785,302.1828327922383,-265.5329992406215
1000.0,0.6,1763.2056271516776,734.7103626101401,763.2056271516776,-265.2896373898599
1000.0,0.6,689.6815933451392,667.4998755729644,-310.31840665486084,-332.50012442703564
1000.0,0.6,2999.9999104395765,767.9849234498113,1999.9999104395765,-232.01507655018872
1000.0,0.6,856.8306158317031,710.2098195265838,-143.16938416829692,-289.79018047341617
1000.0,0.6,929.7771522105617,714.2705156615343,-70.22284778943833,-285.7294843384657
1000.0,0.6,2999.9999104395765,773.6111581917455,1999.9999104395765,-226.38884180825448
1000.0,0.6,766.1512681634573,691.0494003019228,-233.8487318365427,-308.9505996980772
1000.0,0.6,1003.663628696828,724.6072377405409,3.6636286968280274,-275.3927622594591
1000.0,0.6,974.8136712180693,724.8184838181796,-25.186328781930683,-275.18151618182037
1000.0,0.6,2999.9999104395765,739.145748002612,1999.9999104395765,-260.854251997388
1000.0,0.6,2999.9999104395765,725.7402073409085,1999.9999104395765,-274.25979265909154
1000.0,0.6,1276.2737853418505,733.1071092171998,276.2737853418505,-266.89289078280024
1000.0,0.6,1379.1830595568777,746.2545011622705,379.18305955687765,-253.74549883772954
1000.0,0.6,823.3652258828505,699.8269501884984,-176.6347741171495,-300.17304981150164
1000.0,0.6,888.9635049140433,707.6040957120053,-111.03649508595674,-292.39590428799465
1000.0,0.6,804.0894727142042,696.1452661718856,-195.91052728579575,-303.8547338281144
1000.0,0.6,866.0428027968993,704.0444620153565,-133.9571972031007,-295.95553798464346
1000.0,0.6,1238.3579271471367,718.2348538857344,238.3579271471367,-281.7651461142656
1000.0,0.6,700.2116628429494,676.3698989551162,-299.7883371570506,-323.63010104488376
1000.0,0.6,1041.3252915407154,725.8395357183674,41.3252915407154,-274.1604642816326
1000.0,0.6,2999.9999104395765,744.6722600968816,1999.9999104395765,-255.3277399031184
1000.0,0.6,806.4744021845779,703.0059945775998,-193.5255978154221,-296.99400542240016
1000.0,0.6,828.7158010816427,702.8999800702381,-171.28419891835733,-297.10001992976186
1000.0,0.6,844.7578679327436,705.6306385049188,-155.24213206725642,-294.3693614950812
1000.0,0.6,1044.5363555782455,721.9480383648913,44.53635557824555,-278.0519616351087
1000.0,0.6,1184.0893312866842,727.6715280855994,184.08933128668423,-272.32847191440055
1000.0,0.6,2999.9999104395765,740.035289437085,1999.9999104395765,-259.964710562915
1000.0,0.6,2999.999910663962,720.6516658451163,1999.999910663962,-279.3483341548837
1000.0,0.6,788.1567381240969,700.3500473203407,-211.84326187590307,-299.64995267965935
1000.0,0.6,2666.773257645279,737.1742115835834,1666.773257645279,-262.8257884164166
1000.0,0.6,815.9185231444993,701.322819175066,-184.08147685550068,-298.677180824934
1000.0,0.6,2999.9999104395765,761.802258823086,1999.9999104395765,-238.19774117691395
1000.0,0.6,1190.1332517058977,727.1476268128729,190.1332517058977,-272.8523731871271
1000.0,0.6,734.8776886396912,688.0711574427867,-265.1223113603088,-311.92884255721333
1000.0,0.6,1189.6296095651385,725.442983301866,189.62960956513848,-274.557016698134
1000.0,0.6,2999.9999104395765,735.8342719829751,1999.9999104395765,-264.1657280170249
1000.0,0.6,981.7649476467512,717.0865364590087,-18.23505235324876,-282.9134635409913
1000.0,0.6,2999.9999104395765,754.8384925519105,1999.9999104395765,-245.16150744808954
1000.0,0.6,952.018498211369,719.0126648882419,-47.98150178863102,-280.98733511175806
1000.0,0.6,723.3437750680683,681.5644556673819,-276.65622493193166,-318.43554433261806
1000.0,0.6,2999.9999432729664,738.7804488244141,1999.9999432729664,-261.21955117558593
1000.0,0.6,2999.9999104395765,740.0135347028549,1999.9999104395765,-259.98646529714506
1000.0,0.6,1121.874738313331,725.6389403701501,121.87473831333091,-274.36105962984993
1000.0,0.6,814.3640666254939,701.8571074866718,-185.63593337450607,-298.1428925133282
1000.0,0.6,2999.9999292799207,729.8748312992465,1999.9999292799207,-270.12516870075353
1000.0,0.6,923.873898636692,709.294184284594,-76.12610136330795,-290.70581571540595
1000.0,0.6,2999.9999104395765,747.7197540800254,1999.9999104395765,-252.28024591997462
1000.0,0.6,991.961433019238,719.3801048232062,-8.03856698076197,-280.61989517679376
1000.0,0.6,2999.9999104395765,725.6900509901477,1999.9999104395765,-274.3099490098523
1000.0,0.6,882.6065866239879,713.0581655007313,-117.39341337601206,-286.9418344992687
1000.0,0.6,925.0174499105497,712.1348732782569,-74.98255008945034,-287.8651267217431
1000.0,0.6,1110.9462823841668,726.6516233721034,110.9462823841668,-273.34837662789664
1000.0,0.6,2999.9999179047913,742.3645467239592,1999.9999179047913,-257.63545327604083
1000.0,0.6,884.2816358154358,712.0174928308354,-115.71836418456417,-287.9825071691646
1000.0,0.6,928.8784619156934,713.3079932009682,-71.12153808430662,-286.6920067990318
1000.0,0.6,2999.9999104395765,743.0005246822906,1999.9999104395765,-256.9994753177094
1000.0,0.6,1159.23218583092,731.728601238471,159.2321858309199,-268.271398761529
1000.0,0.6,911.5343379033702,714.3476376628838,-88.46566209662979,-285.6523623371162
1000.0,0.6,1505.2966910321238,744.9790106995322,505.2966910321238,-255.02098930046782
1000.0,0.6,2999.9999104395765,750.3409787057658,1999.9999104395765,-249.6590212942342
1000.0,0.6,838.3600380346597,706.5257514147518,-161.63996196534026,-293.47424858524823
1000.0,0.6,734.3952880543626,684.429518822352,-265.6047119456374,-315.57048117764805
1000.0,0.6,1969.1877987655953,745.1528074590757,969.1877987655953,-254.8471925409243
1000.0,0.6,2999.9999104395765,728.8863916823728,1999.9999104395765,-271.11360831762715
1000.0,0.6,903.2995269549876,710.552741635985,-96.70047304501236,-289.44725836401506
1000.0,0.6,2999.9999104395765,757.5848863854135,1999.9999104395765,-242.41511361458652
1000.0,0.6,1052.472046150515,716.157066765891,52.4720461505151,-283.84293323410895
1000.0,0.6,2999.9999104395765,745.8706756882532,1999.9999104395765,-254.1293243117468
1000.0,0.6,748.1771515088742,686.098149793995,-251.8228484911258,-313.90185020600495
1000.0,0.6,865.055404577103,711.9294788950058,-134.944595422897,-288.0705211049942
1000.0,0.6,832.7320636392419,700.9341185428817,-167.26793636075809,-299.0658814571183
1000.0,0.6,766.9944989378183,689.3746613402338,-233.00550106218168,-310.62533865976616
1000.0,0.6,1121.2493750771362,728.1303211931476,121.24937507713616,-271.86967880685245
1000.0,0.6,2999.9999104395765,751.1098390216083,1999.9999104395765,-248.8901609783917
1000.0,0.6,954.572865668,721.5029182074564,-45.42713433200004,-278.49708179254355
1000.0,0.6,871.1150222107302,705.3938307666698,-128.88497778926978,-294.6061692333302
1000.0,0.6,2999.9999104395765,725.8351524998928,1999.9999104395765,-274.16484750010716
1000.0,0.6,1180.5297476591475,732.8765051246003,180.52974765914746,-267.12349487539973
1000.0,0.6,2999.9999104395765,758.8181313820005,1999.9999104395765,-241.1818686179995
1000.0,0.6,888.4605581099232,713.3889001230787,-111.53944189007677,-286.61109987692134
1000.0,0.6,2999.9999104395765,755.2523924365854,1999.9999104395765,-244.7476075634146
1000.0,0.6,2999.9999104395765,724.4629552932903,1999.9999104395765,-275.5370447067097
1000.0,0.6,952.6891857033254,716.9295283759534,-47.31081429667461,-283.0704716240466
1000.0,0.6,2999.9999104395765,751.9673137776101,1999.9999104395765,-248.03268622238988
1000.0,0.6,2999.9999104395765,732.6585318835291,1999.9999104395765,-267.3414681164709
1000.0,0.6,848.5970865124194,705.2946111970047,-151.40291348758058,-294.70538880299534
1000.0,0.6,2999.9999104395765,744.4234195763199,1999.9999104395765,-255.57658042368007
1000.0,0.6,2999.9999437034435,741.2435837071318,1999.9999437034435,-258.75641629286815
1000.0,0.6,2999.9999104395765,735.264285633377,1999.9999104395765,-264.73571436662303
1000.0,0.6,824.5307771207424,706.4386135123547,-175.4692228792576,-293.56138648764534
1000.0,0.6,808.9442433310176,695.2384949687727,-191.05575666898244,-304.76150503122733
1000.0,0.6,1162.9098306090898,732.2527596097693,162.9098306090898,-267.7472403902307
1000.0,0.6,714.2515475531937,676.9785389981056,-285.74845244680625,-323.0214610018944
1000.0,0.6,2999.9999104395765,726.828330172884,1999.9999104395765,-273.17166982711603
1000.0,0.6,2999.99991197054,761.2853353048758,1999.9999119705399,-238.71466469512416
1000.0,0.6,805.2711494905531,697.1870423408516,-194.72885050944694,-302.8129576591484
1000.0,0.6,1292.439044131548,729.6005742602171,292.4390441315479,-270.39942573978294
1000.0,0.6,884.1424729699842,713.3007521520284,-115.85752703001583,-286.6992478479716
1000.0,0.6,2999.9999104395765,749.2797551628557,1999.9999104395765,-250.72024483714426
1000.0,0.6,973.5781658804549,714.3518069029541,-26.42183411954511,-285.6481930970459
1000.0,0.6,2999.9999104395765,749.1133838624596,1999.9999104395765,-250.8866161375404
1000.0,0.6,1264.8688914730303,731.1819449061551,264.8688914730303,-268.8180550938449
1000.0,0.6,2999.9999154770503,732.3354675326062,1999.9999154770503,-267.66453246739377
1000.0,0.6,2999.9999104395765,763.5138975376584,1999.9999104395765,-236.4861024623416
1000.0,0.6,738.9405920500037,685.0802018835979,-261.0594079499963,-314.91979811640215
1000.0,0.6,954.7801545429547,717.0989950200776,-45.21984545704527,-282.9010049799224
1000.0,0.6,2999.9999104395765,768.1143665913813,1999.9999104395765,-231.88563340861867
1000.0,0.6,1459.8004331983782,729.4753066669906,459.8004331983782,-270.5246933330094
1000.0,0.6,856.6525837142119,704.857117986882,-143.34741628578809,-295.14288201311797
1000.0,0.6,924.925169232654,715.0619059181224,-75.07483076734604,-284.9380940818776
1000.0,0.6,2999.999914087231,722.8984386927226,1999.999914087231,-277.1015613072774
1000.0,0.6,829.4867967924473,706.5511074792482,-170.5132032075527,-293.44889252075177
1000.0,0.6,1124.0994252751186,728.0787138866584,124.09942527511862,-271.9212861133416
1000.0,0.6,754.1447740227076,687.2598263260006,-245.85522597729243,-312.7401736739994
1000.0,0.6,764.4470388936444,688.1142628313883,-235.5529611063556,-311.88573716861174
1000.0,0.6,877.0921313896229,707.3003179414662,-122.90786861037714,-292.69968205853377
1000.0,0.6,740.0930810221223,686.6765383215724,-259.9069189778777,-313.32346167842763
1000.0,0.6,730.4578893962956,684.4461484279901,-269.5421106037044,-315.5538515720099
1000.0,0.6,2999.9999104395765,739.3609196619758,1999.9999104395765,-260.6390803380242
1000.0,0.6,1159.5713631878655,725.512101538344,159.57136318786547,-274.48789846165596
1000.0,0.6,755.3475339607927,696.0011146696945,-244.6524660392073,-303.9988853303055
1000.0,0.6,844.9935114883391,707.4970619113333,-155.0064885116609,-292.5029380886667
1000.0,0.6,846.1031893404454,708.7460252330982,-153.8968106595546,-291.2539747669018
1000.0,0.6,2999.9999104395765,737.5078980784548,1999.9999104395765,-262.4921019215452
1000.0,0.6,912.9237094504513,713.6594341514547,-87.07629054954873,-286.34056584854534
1000.0,0.6,804.8668365322817,699.6951734002942,-195.1331634677183,-300.30482659970585
1000.0,0.6,2999.9999142327974,728.6021749192095,1999.9999142327974,-271.39782508079054
1000.0,0.6,835.1487424209386,704.5274536306428,-164.85125757906144,-295.47254636935725
1000.0,0.6,2999.9999108850116,745.2017972224693,1999.9999108850116,-254.79820277753072
1000.0,0.6,2999.9999279772182,757.155717895954,1999.9999279772182,-242.844282104046
1000.0,0.6,807.8449172646496,706.9631201639181,-192.15508273535045,-293.0368798360819
1000.0,0.6,2999.9999104395765,737.7230298529098,1999.9999104395765,-262.2769701470902
1000.0,0.6,1886.3335202112685,730.957857288283,886.3335202112685,-269.042142711717
1000.0,0.6,956.1920514995054,712.9689197987705,-43.807948500494604,-287.03108020122954
1000.0,0.6,1392.1943863678757,725.6226291485414,392.1943863678757,-274.37737085145864
1000.0,0.6,1172.3426069046775,730.4127320224305,172.3426069046775,-269.58726797756947
1000.0,0.6,802.8251774598955,701.1715199396889,-197.17482254010451,-298.8284800603111
1000.0,0.6,677.4598852609115,662.8035574109342,-322.5401147390885,-337.1964425890658
1000.0,0.6,875.6599099608678,714.0802406982975,-124.34009003913218,-285.91975930170247
1000.0,0.6,804.301508668182,699.4646432171197,-195.698491331818,-300.5353567828803
1000.0,0.6,2999.9999104395765,737.2125156978068,1999.9999104395765,-262.7874843021932
1000.0,0.6,1212.2201924887945,733.416011696384,212.2201924887945,-266.583988303616
1000.0,0.6,682.529675713145,664.8905592708817,-317.470324286855,-335.1094407291183
1000.0,0.6,971.776310283447,718.584076226117,-28.223689716553054,-281.41592377388304
1000.0,0.6,770.0687581941601,692.6089846935031,-229.93124180583993,-307.3910153064969
1000.0,0.6,2999.9999197032234,737.4136912943051,1999.9999197032234,-262.58630870569493
1000.0,0.6,775.3220748290101,692.62599556058,-224.67792517098985,-307.37400443942
1000.0,0.6,895.9216726693221,708.4789044660098,-104.0783273306779,-291.5210955339902
1000.0,0.6,800.2745671284197,697.7935741988688,-199.72543287158032,-302.2064258011312
1000.0,0.6,1177.6194907898823,732.5930986612835,177.61949078988232,-267.40690133871647
1000.0,0.6,864.7155917765973,709.8011663753309,-135.2844082234027,-290.1988336246691
1000.0,0.6,2999.9999104395765,758.6934427834266,1999.9999104395765,-241.30655721657342
1000.0,0.6,2999.9999104395765,751.9567794319233,1999.9999104395765,-248.04322056807666
1000.0,0.6,702.2719341082602,673.9225661937401,-297.7280658917398,-326.07743380625993
1000.0,0.6,1687.7791908271065,727.4896695152503,687.7791908271065,-272.5103304847497
1000.0,0.6,751.2622797820339,686.0081390136609,-248.73772021796606,-313.99186098633913
1000.0,0.6,832.0421378763382,701.8254636261205,-167.9578621236618,-298.1745363738795
1000.0,0.6,2999.9999104395765,748.8429257393099,1999.9999104395765,-251.15707426069014
1000.0,0.6,2999.9999104395765,733.1988326850442,1999.9999104395765,-266.8011673149558
1000.0,0.6,712.4113265331551,676.477936840386,-287.58867346684485,-323.52206315961405
1000.0,0.6,862.2650467547693,709.6927544953164,-137.7349532452307,-290.3072455046836
1000.0,0.6,2062.805500723903,731.1369137656704,1062.8055007239032,-268.86308623432956
1000.0,0.6,1720.3027625923714,735.6103052551906,720.3027625923714,-264.3896947448094
1000.0,0.6,896.5107412111232,711.1556924304235,-103.48925878887678,-288.8443075695765
1000.0,0.8,1158.5194288162947,937.1891757576619,158.51942881629475,-62.81082424233807
1000.0,0.8,1020.5637165460932,920.5076737377225,20.563716546093247,-79.49232626227752
1000.0,0.8,937.9944278492511,895.8317651026183,-62.00557215074889,-104.1682348973817
1000.0,0.8,2999.9999104395765,993.7074264186767,1999.9999104395765,-6.292573581323268
1000.0,0.8,968.4164421506815,909.4159660673245,-31.58355784931848,-90.58403393267554
1000.0,0.8,1443.7297395068504,956.5581756439879,443.72973950685036,-43.44182435601215
1000.0,0.8,1472.9736375231369,949.3817664282402,472.97363752313686,-50.61823357175979
1000.0,0.8,2999.9999418537604,973.2215819554127,1999.9999418537604,-26.778418044587283
1000.0,0.8,2999.99994416789,980.7177754034271,1999.9999441678901,-19.28222459657286
1000.0,0.8,1060.2462436542392,926.6868611385794,60.24624365423915,-73.31313886142061
1000.0,0.8,1108.0622380743548,933.6650357676924,108.06223807435481,-66.33496423230758
1000.0,0.8,1155.6655191823747,940.4817966419557,155.66551918237474,-59.518203358044275
1000.0,0.8,910.4219095354126,888.0104836025073,-89.57809046458738,-111.98951639749271
1000.0,0.8,849.528588371399,845.9978990589382,-150.471411628601,-154.00210094106183
1000.0,0.8,879.061669905923,865.0292901222327,-120.93833009407695,-134.97070987776726
1000.0,0.8,910.5470661400678,883.2812365417608,-89.45293385993216,-116.71876345823921
1000.0,0.8,989.9383544447248,917.8255083016841,-10.061645555275163,-82.17449169831593
1000.0,0.8,1828.6854447813757,964.3053785111509,828.6854447813757,-35.694621488849066
1000.0,0.8,1036.80290736272,916.5096100556441,36.80290736271991,-83.49038994435591
1000.0,0.8,926.5713932345108,893.4407617707567,-73.42860676548923,-106.5592382292433
1000.0,0.8,975.464117470922,913.2624157850781,-24.53588252907798,-86.73758421492187
1000.0,0.8,957.3797541271543,907.3968824927443,-42.62024587284566,-92.60311750725566
1000.0,0.8,1010.8328112366103,921.7569789353038,10.832811236610269,-78.24302106469622
1000.0,0.8,1089.2730925140515,930.6366040224698,89.27309251405154,-69.36339597753022
1000.0,0.8,1032.2411746556331,927.109831000831,32.24117465563313,-72.89016899916896
1000.0,0.8,898.1551729594864,879.7158721414904,-101.84482704051356,-120.28412785850958
1000.0,0.8,2358.3203831400506,965.4545881791925,1358.3203831400506,-34.545411820807544
1000.0,0.8,866.1957508804986,858.0766505400063,-133.80424911950138,-141.9233494599937
1000.0,0.8,969.8484498457484,907.3835609176721,-30.151550154251595,-92.61643908232793
1000.0,0.8,1060.690170036625,925.388619894968,60.69017003662498,-74.61138010503203
1000.0,0.8,892.4543329636342,873.8529728727754,-107.54566703636578,-126.14702712722465
1000.0,0.8,978.4928683812545,911.8727782747999,-21.50713161874546,-88.12722172520012
1000.0,0.8,1559.7471736304021,969.1352885958469,559.7471736304021,-30.864711404153127
1000.0,0.8,971.0422495190745,907.2689537111091,-28.957750480925483,-92.73104628889087
1000.0,0.8,950.6433964645271,901.1508718182268,-49.356603535472914,-98.84912818177315
1000.0,0.8,2999.9999104395765,952.1507348623155,1999.9999104395765,-47.84926513768448
1000.0,0.8,1226.0684340847392,944.8995133667955,226.06843408473924,-55.10048663320447
1000.0,0.8,911.8277118927213,887.9391902452336,-88.17228810727875,-112.06080975476641
1000.0,0.8,859.9893555529836,854.4612456089021,-140.01064444701638,-145.53875439109788
1000.0,0.8,1604.528832939184,963.6274304970444,604.528832939184,-36.37256950295557
1000.0,0.8,930.4679898860417,893.0931269466091,-69.53201011395834,-106.90687305339088
1000.0,0.8,923.5189378920965,894.1603574828746,-76.48106210790354,-105.83964251712541
1000.0,0.8,977.5269064762551,909.8538790311738,-22.473093523744865,-90.14612096882615
1000.0,0.8,1162.6041575779952,942.2738607136885,162.60415757799524,-57.726139286311536
1000.0,0.8,1034.8908827974296,926.3468110328474,34.89088279742964,-73.65318896715257
1000.0,0.8,883.2642104055416,871.4132311528008,-116.73578959445842,-128.5867688471992
1000.0,0.8,924.0816424583652,892.2258191017324,-75.9183575416348,-107.77418089826756
1000.0,0.8,946.2266093991341,905.4388913779708,-53.77339060086592,-94.56110862202922
1000.0,0.8,908.129418126765,883.8734233275034,-91.87058187323498,-116.12657667249664
1000.0,0.8,912.6845437191892,887.5334599645977,-87.31545628081085,-112.46654003540232
1000.0,0.8,1230.5199212397129,953.1764562477698,230.51992123971286,-46.823543752230194
1000.0,0.8,1016.7423452154883,920.9802283673727,16.742345215488285,-79.01977163262734
1000.0,0.8,1059.8271211439603,926.161002930656,59.82712114396031,-73.83899706934403
1000.0,0.8,882.8007514013327,868.3721177827717,-117.19924859866728,-131.62788221722826
1000.0,0.8,878.2097285381283,865.214133027836,-121.79027146187173,-134.78586697216394
1000.0,0.8,863.3810629954659,856.8381175467995,-136.61893700453413,-143.16188245320052
1000.0,0.8,1083.6123131649567,929.3020486181651,83.61231316495673,-70.69795138183486
1000.0,0.8,1131.969770698134,930.3337704605059,131.96977069813397,-69.66622953949411
1000.0,0.8,1077.1841185550913,934.9994131798287,77.18411855509135,-65.00058682017129
1000.0,0.8,954.5590450946202,902.7051650625751,-45.44095490537984,-97.29483493742487
1000.0,0.8,2999.9999104395765,990.0895254247203,1999.9999104395765,-9.91047457527975
1000.0,0.8,1091.42600982327,935.7176634741126,91.42600982327008,-64.28233652588744
1000.0,0.8,978.2068416875902,908.9631030348262,-21.793158312409787,-91.03689696517381
1000.0,0.8,2999.999908444531,975.4837460388702,1999.9999084445308,-24.51625396112979
1000.0,0.8,837.6847951608062,834.9649864816882,-162.31520483919383,-165.03501351831176
1000.0,0.8,2652.1950924406174,981.0896014158725,1652.1950924406174,-18.910398584127506
1000.0,0.8,1104.146024855274,931.6537069400786,104.14602485527394,-68.34629305992144
1000.0,0.8,1183.8641326989198,938.969404439355,183.86413269891978,-61.030595560645
1000.0,0.8,1246.1744084368886,950.5312583684278,246.1744084368886,-49.46874163157224
1000.0,0.8,1258.4738779275597,944.1462628849273,258.47387792755967,-55.853737115072704
1000.0,0.8,1409.1270828109648,951.3932111173325,409.1270828109648,-48.6067888826675
1000.0,0.8,1004.8355105588538,921.3090251510479,4.835510558853798,-78.69097484895212
1000.0,0.8,992.5983533727392,912.4306390222631,-7.401646627260789,-87.56936097773689
1000.0,0.8,2999.9999098009807,960.595519659019,1999.9999098009807,-39.40448034098097
1000.0,0.8,951.1253675231643,901.7765609300676,-48.8746324768357,-98.2234390699324
1000.0,0.8,919.4013170665544,890.5121818777311,-80.59868293344562,-109.48781812226889
1000.0,0.8,890.4725883832426,876.7520548245258,-109.52741161675738,-123.24794517547423
1000.0,0.8,944.6253899598436,900.3517156647434,-55.374610040156426,-99.64828433525656
1000.0,0.8,1069.2306239043812,925.7596784903736,69.23062390438122,-74.24032150962637
1000.0,0.8,1034.018290099444,927.3526686541838,34.0182900994439,-72.64733134581616
1000.0,0.8,1126.184656629192,942.1927336860084,126.18465662919198,-57.80726631399159
1000.0,0.8,1007.4231110272486,918.7611934498473,7.423111027248638,-81.23880655015273
1000.0,0.8,977.1807435786998,914.0424857135786,-22.819256421300224,-85.95751428642143
1000.0,0.8,1141.1567849090713,935.3738541372413,141.15678490907135,-64.62614586275868
1000.0,0.8,2247.4012315938035,957.961898769635,1247.4012315938035,-42.03810123036499
1000.0,0.8,953.9160513036963,904.7299270674465,-46.08394869630365,-95.27007293255349
1000.0,0.8,965.721814062689,906.5978813029433,-34.27818593731104,-93.40211869705672
1000.0,0.8,1461.3480184804134,948.9120435138328,461.34801848041343,-51.08795648616717
1000.0,0.8,923.9901411368799,891.6730531322379,-76.00985886312014,-108.3269468677621
1000.0,0.8,1157.6560247063474,944.2923373558699,157.65602470634735,-55.707662644130096
1000.0,0.8,932.501021851672,897.0132492547777,-67.49897814832798,-102.98675074522225
1000.0,0.8,1159.2920126575289,938.1121305286981,159.29201265752886,-61.88786947130188
1000.0,0.8,2999.9999518999794,994.2753804938923,1999.9999518999794,-5.724619506107729
1000.0,0.8,969.5207038335112,908.8222287524411,-30.47929616648878,-91.1777712475589
1000.0,0.8,1088.5555676565632,928.4285934388888,88.5555676565632,-71.57140656111119
1000.0,0.8,869.834680341754,861.1291034355763,-130.16531965824595,-138.87089656442367
1000.0,0.8,930.3763012352828,893.6704236293384,-69.62369876471723,-106.32957637066158
1000.0,0.8,991.1825882291706,913.8759849674943,-8.81741177082938,-86.12401503250567
1000.0,0.8,861.4164811225633,855.1658999286475,-138.58351887743675,-144.8341000713525
1000.0,0.8,1364.785354552231,969.9651215995748,364.78535455223096,-30.034878400425214
1000.0,0.8,1389.9672441674377,953.1361852328646,389.9672441674377,-46.86381476713541
1000.0,0.8,1265.6682664224957,961.096251407416,265.66826642249566,-38.90374859258395
1000.0,0.8,979.1357560799778,909.3978298426389,-20.864243920022204,-90.60217015736112
1000.0,0.8,1513.4897340208568,948.7414962789388,513.4897340208568,-51.258503721061174
1000.0,0.8,1001.809605077518,914.6523434038824,1.809605077517972,-85.34765659611764
1000.0,0.8,899.5555160388717,879.6262108912676,-100.4444839611283,-120.37378910873235
1000.0,0.8,1197.578750897349,945.2859529824071,197.57875089734898,-54.71404701759286
1000.0,0.8,1057.6989552508278,926.8429247354229,57.698955250827794,-73.15707526457709
1000.0,0.8,1312.0496781081288,955.3240330219564,312.0496781081288,-44.67596697804356
1000.0,0.8,1133.2788051781656,941.2182462416263,133.2788051781656,-58.781753758373725
1000.0,0.8,1011.9384691712045,919.2562012223166,11.938469171204474,-80.74379877768342
1000.0,0.8,1066.656952265521,929.9965829836252,66.65695226552111,-70.00341701637478
1000.0,0.8,934.7296797153243,895.4233417012529,-65.27032028467568,-104.57665829874713
1000.0,0.8,1057.3715673299052,931.1918904582138,57.37156732990525,-68.80810954178617
1000.0,0.8,935.2956872901522,899.0074728758783,-64.70431270984784,-100.9925271241217
1000.0,0.8,1014.1684561137147,923.1842422588279,14.168456113714683,-76.81575774117209
1000.0,0.8,1005.3368442762935,919.3873982948653,5.336844276293505,-80.6126017051347
1000.0,0.8,913.5512075203673,890.1383864266121,-86.44879247963274,-109.8616135733879
1000.0,0.8,879.9517362324726,866.591226531789,-120.04826376752737,-133.40877346821105
1000.0,0.8,1267.4135935546353,950.609584175631,267.4135935546353,-49.39041582436903
1000.0,0.8,908.2560162172301,882.8896757057224,-91.74398378276987,-117.11032429427758
1000.0,0.8,2999.9999104395765,992.5116080987814,1999.9999104395765,-7.48839190121862
1000.0,0.8,868.9022619073116,858.4158689875824,-131.09773809268836,-141.58413101241763
1000.0,0.8,2999.999936158731,971.9581081503171,1999.999936158731,-28.041891849682884
1000.0,0.8,1197.7095605355096,949.3948179526681,197.70956053550958,-50.60518204733194
1000.0,0.8,945.0120436309263,902.2764867836044,-54.987956369073686,-97.72351321639565
1000.0,0.8,923.9350708213351,891.2768005251148,-76.0649291786649,-108.72319947488518
1000.0,0.8,944.6330928494795,899.4030228705219,-55.36690715052055,-100.59697712947809
1000.0,0.8,2999.9999104395765,982.9403196852827,1999.9999104395765,-17.059680314717298
1000.0,0.8,907.0681929140517,883.1900958362459,-92.93180708594832,-116.80990416375414
1000.0,0.8,1329.2242430551232,954.7469685339752,329.2242430551232,-45.25303146602482
1000.0,0.8,1155.4610291170702,944.518974164211,155.4610291170702,-55.481025835788955
1000.0,0.8,972.737716980686,913.0771121993496,-27.262283019314054,-86.92288780065041
1000.0,0.8,930.2195818314624,892.9848516321641,-69.78041816853761,-107.01514836783588
1000.0,0.8,1094.3985471017065,933.8143276296015,94.39854710170653,-66.18567237039849
1000.0,0.8,1194.075605416816,946.9038502754609,194.07560541681596,-53.096149724539146
1000.0,0.8,1387.8406205899826,947.8522187472192,387.84062058998256,-52.14778125278076
1000.0,0.8,1212.781928613534,945.2218746319289,212.7819286135341,-54.77812536807107
1000.0,0.8,977.2349383041964,910.173300618103,-22.765061695803638,-89.82669938189701
1000.0,0.8,1294.932975193796,954.1118721648368,294.932975193796,-45.88812783516323
1000.0,0.8,865.6923960593166,856.420149055248,-134.3076039406834,-143.57985094475202
1000.0,0.8,1105.8059459901865,935.0855113630375,105.8059459901865,-64.91448863696246
1000.0,0.8,2560.237732907153,978.9643629297223,1560.2377329071528,-21.035637070277744
1000.0,0.8,952.2748629067876,900.5157380969903,-47.725137093212425,-99.48426190300972
1000.0,0.8,2999.9999476700264,979.7489044842686,1999.9999476700264,-20.251095515731436
1000.0,0.8,986.6568612836683,919.4115946690614,-13.343138716331737,-80.5884053309386
1000.0,0.8,966.1153369464439,905.4252607709145,-33.884663053556096,-94.57473922908548
1000.0,0.8,867.9658223973236,858.3208982700014,-132.03417760267644,-141.6791017299986
1000.0,0.8,859.4768309330741,852.7476664804789,-140.5231690669259,-147.25233351952113
1000.0,0.8,2999.999907643672,979.7367055367213,1999.999907643672,-20.263294463278726
1000.0,0.8,1010.9558924968892,916.3770509860591,10.955892496889192,-83.62294901394091
1000.0,0.8,945.9346385351826,900.5669767522487,-54.06536146481744,-99.4330232477513
1000.0,0.8,1090.0122764146606,935.0913188952088,90.01227641466062,-64.90868110479119
1000.0,0.8,1319.6723132998904,945.2401365415227,319.67231329989045,-54.7598634584773
1000.0,0.8,1113.0824514406297,931.5969638479407,113.08245144062971,-68.40303615205926
1000.0,0.8,959.1778531735986,903.3626265645609,-40.82214682640142,-96.63737343543914
1000.0,0.8,1034.3849955954684,925.8402276787301,34.384995595468354,-74.15977232126988
1000.0,0.8,1028.1563332764829,924.686203878369,28.156333276482883,-75.31379612163096
1000.0,0.8,975.4133607054727,911.7626458244348,-24.586639294527345,-88.2373541755652
1000.0,0.8,964.4331373913911,908.1391387079792,-35.56686260860886,-91.86086129202079
1000.0,0.8,1938.9165049309206,987.9173161496161,938.9165049309206,-12.082683850383887
1000.0,0.8,917.6500866522873,890.5433167071969,-82.34991334771269,-109.45668329280306
1000.0,0.8,1468.015021983699,951.3553105085015,468.01502198369894,-48.644689491498525
1000.0,0.8,1703.5138584749977,970.9484177447044,703.5138584749977,-29.051582255295557
1000.0,0.8,1141.274537248326,939.3776687878691,141.27453724832594,-60.622331212130916
1000.0,0.8,1010.8103311596494,918.1519817343672,10.810331159649422,-81.84801826563285
1000.0,0.8,852.0993153900107,847.4084330181067,-147.9006846099893,-152.59156698189327
1000.0,0.8,917.7037941236649,887.7392004673682,-82.29620587633508,-112.26079953263184
1000.0,0.8,876.1526433422534,865.2742290670622,-123.84735665774656,-134.72577093293785
1000.0,0.8,2999.999946107022,975.441302790014,1999.999946107022,-24.558697209986008
1000.0,0.8,1036.9882790280299,928.1773322904968,36.988279028029865,-71.82266770950321
1000.0,0.8,1068.0016382102888,928.8974420929186,68.00163821028877,-71.1025579070814
1000.0,0.8,938.973755362252,896.2452367084554,-61.02624463774805,-103.75476329154458
1000.0,0.8,1165.3109975632428,941.0723730418156,165.31099756324284,-58.92762695818442
1000.0,0.8,981.7387130918128,908.590150499646,-18.26128690818723,-91.40984950035397
1000.0,0.8,919.6928852735724,892.0554709478045,-80.30711472642759,-107.94452905219555
1000.0,0.8,1297.1875211969552,957.2724779036746,297.18752119695523,-42.7275220963254
1000.0,0.8,899.7464527576441,880.8610506302248,-100.25354724235592,-119.13894936977522
1000.0,0.8,917.3664722998091,886.2177624113683,-82.63352770019094,-113.78223758863169
1000.0,0.8,919.8261556147804,888.53517281612,-80.17384438521958,-111.46482718387995
1000.0,0.8,1055.9400833498655,924.6846640187784,55.94008334986552,-75.31533598122155
1000.0,0.8,1873.983809893893,954.9168023899082,873.9838098938931,-45.083197610091815
1000.0,0.8,886.3633959811689,870.9924527280214,-113.63660401883112,-129.00754727197864
1000.0,0.8,1112.1825579545073,942.7162652757439,112.18255795450727,-57.28373472425608
1000.0,0.8,1407.5041193957732,958.4127618236005,407.50411939577316,-41.587238176399524
1000.0,0.8,989.6090105598234,915.4256936856602,-10.390989440176554,-84.57430631433976
1000.0,0.8,1097.0536616673644,928.6341846818174,97.0536616673644,-71.36581531818263
1000.0,0.8,1196.078899424662,939.2953786413212,196.07889942466204,-60.704621358678764
1000.0,0.8,1653.4059121937591,958.6105342353809,653.4059121937591,-41.3894657646191
1000.0,0.8,1002.2742160839351,918.7949713951392,2.27421608393513,-81.20502860486079
1000.0,0.8,901.1772523334662,880.4844894932074,-98.82274766653381,-119.51551050679257
1000.0,0.8,1156.8519710641017,943.1827726379063,156.8519710641017,-56.81722736209372
1000.0,0.8,927.795520199826,892.065772542685,-72.204479800174,-107.93422745731505
1000.0,0.8,909.876495110355,885.2350622208144,-90.123504889645,-114.76493777918563
1000.0,0.8,1025.7372706559897,922.0035871479517,25.737270655989732,-77.99641285204825
1000.0,0.8,1319.9883500446037,941.6712102259557,319.98835004460375,-58.32878977404425
1000.0,0.8,930.5972176782963,894.6528630553041,-69.40278232170374,-105.34713694469588
1000.0,0.8,918.6510329424783,890.3942699159122,-81.34896705752169,-109.60573008408778
1000.0,0.8,1186.7205260790563,956.728551327311,186.7205260790563,-43.27144867268896
1000.0,0.8,994.0513032411618,913.3588426266406,-5.948696758838196,-86.64115737335942
1000.0,0.8,900.4232010612446,879.052305131411,-99.57679893875536,-120.947694868589
1000.0,0.8,2999.9999333247893,977.6946762768916,1999.9999333247893,-22.30532372310836
1000.0,0.8,2999.999951141549,973.8047666798365,1999.999951141549,-26.19523332016354
1000.0,0.8,906.1028938443831,883.2406423842039,-93.89710615561694,-116.75935761579615
1000.0,0.8,2999.9999104395765,970.9209829211458,1999.9999104395765,-29.079017078854235
1000.0,0.8,984.6542053812709,913.9931865535607,-15.345794618729087,-86.00681344643931
1000.0,0.8,958.4875338020024,908.6902698036228,-41.51246619799758,-91.30973019637725
1000.0,0.8,912.2938944056358,886.3034372855462,-87.7061055943642,-113.69656271445376
1000.0,0.8,899.9912195567734,877.2306118931278,-100.00878044322656,-122.76938810687216
1000.0,0.8,958.5835337646953,904.8780216054295,-41.41646623530471,-95.12197839457053
1000.0,0.8,1294.0747307311663,948.8264063038089,294.07473073116626,-51.17359369619112
1000.0,0.8,1056.0072952138576,936.1212887488664,56.00729521385756,-63.87871125113361
1000.0,0.8,1011.6487890717465,918.5718370327572,11.648789071746478,-81.42816296724277
1000.0,0.8,938.2456036931068,901.3731809723087,-61.75439630689323,-98.62681902769134
1000.0,0.8,852.3673130150047,846.5859464184159,-147.6326869849953,-153.41405358158408
1000.0,0.8,933.4987666824834,894.7894086863762,-66.50123331751661,-105.21059131362381
1000.0,0.8,953.227961915791,897.7101661418718,-46.77203808420904,-102.28983385812819
1000.0,0.8,994.5641372709898,920.1813730828825,-5.435862729010182,-79.81862691711751
1000.0,0.8,1702.6755252525588,965.1290743849463,702.6755252525588,-34.87092561505369
1000.0,0.8,939.8876434096754,894.0297053365783,-60.112356590324566,-105.97029466342167
1000.0,0.8,912.5576495657327,889.0261006590181,-87.44235043426727,-110.97389934098192
1000.0,0.8,929.3074645508638,895.1891104190022,-70.69253544913624,-104.81088958099781
1000.0,0.8,1379.7013247518464,952.6395553757567,379.7013247518464,-47.360444624243314
1000.0,0.8,2378.9933025090018,960.2981357187701,1378.9933025090018,-39.70186428122986
1000.0,0.8,834.5743378991115,831.9497844068734,-165.42566210088853,-168.0502155931266
1000.0,0.8,1077.6766363087186,934.518325370434,77.67663630871857,-65.48167462956599
1000.0,0.8,1192.2975548126242,943.7391874289705,192.29755481262418,-56.26081257102953
1000.0,0.8,1210.044865548568,945.6092993567843,210.04486554856794,-54.39070064321572
1000.0,0.8,1229.4767510620877,953.4874670094509,229.47675106208771,-46.51253299054906
1000.0,0.8,1055.6439469145769,929.0774899022929,55.64394691457687,-70.92251009770712
1000.0,0.8,920.6391469044125,889.0148389218771,-79.36085309558746,-110.98516107812293
1000.0,0.8,965.1829789215291,904.6842719482418,-34.81702107847093,-95.31572805175824
1000.0,0.8,1106.0838365697546,934.2106453031901,106.08383656975457,-65.78935469680994
1000.0,0.8,854.3975603266979,849.9616922989568,-145.60243967330211,-150.0383077010432
1000.0,0.8,1082.84594932935,931.038142645957,82.8459493293501,-68.96185735404299
1000.0,0.8,1568.733086397984,959.6335027861085,568.7330863979839,-40.366497213891535
1000.0,0.8,934.1745510664981,897.0525908063646,-65.82544893350189,-102.9474091936354
1000.0,0.8,2999.999914102396,968.7861560602881,1999.999914102396,-31.213843939711865
1000.0,0.8,2999.9999104395765,973.9274862487558,1999.9999104395765,-26.072513751244173
1000.0,0.8,1618.1363123240703,959.0893347733617,618.1363123240703,-40.91066522663834
1000.0,0.8,927.2694274621526,894.6285671451602,-72.73057253784737,-105.37143285483978
1000.0,0.8,995.2648959170366,916.1001820286252,-4.735104082963403,-83.89981797137477
1000.0,0.8,922.7427594664692,889.9022655107977,-77.25724053353076,-110.09773448920225
1000.0,0.8,897.0355191768398,878.9330165797694,-102.96448082316022,-121.0669834202306
1000.0,0.8,904.0592112003517,880.7925292463322,-95.94078879964832,-119.20747075366785
1000.0,0.8,951.9830182836909,903.5771233749136,-48.01698171630915,-96.42287662508636
1000.0,0.8,2999.9999104395765,948.8728978056046,1999.9999104395765,-51.127102194395434
1000.0,0.8,871.036297319214,861.2410920791091,-128.963702680786,-138.75890792089092
1000.0,0.8,1089.575577461356,937.1273561212307,89.57557746135603,-62.87264387876928
1000.0,0.8,960.4792765330138,907.5375275757316,-39.52072346698617,-92.46247242426841
1000.0,0.8,2999.9999104395765,969.002839325334,1999.9999104395765,-30.99716067466602
1000.0,0.8,2999.9999104395765,950.0235831384189,1999.9999104395765,-49.97641686158113
1000.0,0.8,1270.742039911213,943.7768012431119,270.74203991121294,-56.22319875688811
1000.0,0.8,1111.1059448638332,926.6401640986629,111.1059448638332,-73.35983590133708
1000.0,0.8,2999.9999104395765,983.0198325982078,1999.9999104395765,-16.980167401792187
1000.0,0.8,1368.436123240206,950.0583441815511,368.4361232402059,-49.94165581844891
1000.0,0.8,873.2120731356657,861.8430590975875,-126.78792686433428,-138.15694090241254
1000.0,0.8,1028.0070821620973,924.0353556627905,28.007082162097277,-75.9646443372095
1000.0,0.8,865.0535140521723,858.0297347622973,-134.94648594782768,-141.97026523770273
1000.0,0.8,978.5459458724347,909.7105218051175,-21.454054127565314,-90.28947819488246
1000.0,0.8,935.5411326274916,894.6247305399813,-64.4588673725084,-105.37526946001867
1000.0,0.8,2999.9999104395765,939.0340105478715,1999.9999104395765,-60.9659894521285
1000.0,0.8,2999.9999049699672,980.4234904062134,1999.9999049699672,-19.576509593786568
1000.0,0.8,940.4030378729345,896.1277927162539,-59.59696212706547,-103.87220728374609
1000.0,0.8,1022.7782018425096,919.3660163819764,22.77820184250959,-80.63398361802365
1000.0,0.8,2999.999910851489,975.6885915005961,1999.999910851489,-24.31140849940391
1000.0,0.8,1034.783212324461,923.8103145250516,34.78321232446092,-76.18968547494842
1000.0,0.8,924.979162103807,893.1671798983131,-75.02083789619303,-106.83282010168693
1000.0,0.8,906.6951312197973,883.3252195863832,-93.3048687802027,-116.67478041361676
1000.0,0.8,974.2829665282693,912.06443244159,-25.7170334717307,-87.93556755840996
1000.0,0.8,996.45733740442,916.4901081187746,-3.5426625955800546,-83.50989188122537
1000.0,0.8,901.2453551691531,880.1065264779253,-98.75464483084693,-119.89347352207471
1000.0,0.8,1255.07362318674,948.9902394990393,255.07362318673995,-51.00976050096074
1000.0,0.8,890.7772830459992,873.8784425129571,-109.22271695400082,-126.12155748704288
1000.0,0.8,938.9092889217259,898.7840850383359,-61.090711078274126,-101.21591496166411
1000.0,0.8,1013.2551009229026,919.6492904964907,13.255100922902557,-80.35070950350928
1000.0,0.8,1034.6574914693435,923.5275591323864,34.65749146934354,-76.47244086761361
1000.0,0.8,834.4919525369799,833.1772771524172,-165.50804746302015,-166.82272284758278
1000.0,0.8,1043.137875044269,932.8225084781943,43.137875044269094,-67.17749152180568
1000.0,0.8,2999.999944570894,987.8354770962744,1999.999944570894,-12.164522903725583
1000.0,0.8,923.8175576503801,891.0971908880467,-76.18244234961992,-108.90280911195327
1000.0,0.8,1349.7185416600514,944.8045466327528,349.7185416600514,-55.19545336724718
1000.0,0.8,871.3930034471371,860.1770277151604,-128.60699655286294,-139.82297228483958
1000.0,0.8,879.5380591361168,864.9604682072193,-120.46194086388323,-135.03953179278074
1000.0,0.8,1135.4011532602824,939.6654999006767,135.4011532602824,-60.33450009932335
1000.0,0.8,1291.0654859217166,951.2783547032634,291.0654859217166,-48.7216452967366
1000.0,0.8,1288.6291983351066,944.8825739140203,288.6291983351066,-55.11742608597967
1000.0,0.8,2999.9999457651097,996.1446009098794,1999.9999457651097,-3.8553990901206134
1000.0,0.8,1134.667932946035,934.1430129009798,134.66793294603508,-65.85698709902022
1000.0,0.8,973.5726066917207,905.0748954569355,-26.427393308279306,-94.92510454306455
1000.0,0.8,963.0893250559557,908.0250279918451,-36.91067494404433,-91.97497200815485
1000.0,0.8,1017.7969315800417,917.7426230033258,17.7969315800417,-82.25737699667422
1000.0,0.8,930.7310294259859,889.5234269129461,-69.26897057401413,-110.47657308705391
1000.0,0.8,1601.1501690235316,959.392901234049,601.1501690235316,-40.60709876595104
1000.0,0.8,1271.401971956754,942.9123385235249,271.4019719567541,-57.08766147647509
1000.0,0.8,1121.4272850404357,939.3256105212336,121.42728504043566,-60.67438947876644
1000.0,0.8,1020.4272846160924,919.5559656651303,20.42728461609238,-80.44403433486968
1000.0,0.8,1251.5291759649026,945.3493603688545,251.5291759649026,-54.65063963114551
1000.0,0.8,1020.2635847307306,926.2090120000183,20.2635847307306,-73.79098799998167
1000.0,0.8,2999.9999464542334,978.4164481161428,1999.9999464542334,-21.58355188385724
